,TractID,Lat,Long,Total_2018Pop,SeriesInt,SeriesComp,parish,pfips,ldhh,FID
0,22051022200,30.006435,-90.139091,2518,1516.0,1367.0,Jefferson,22051,1,1
1,22067950400,32.784256,-91.928368,3481,1010.0,792.0,Morehouse,22067,8,2
2,22051022301,30.007494,-90.130096,2859,1850.0,1669.0,Jefferson,22051,1,3
3,22051022302,29.997202,-90.128227,1695,1117.0,1002.0,Jefferson,22051,1,4
4,22067950500,32.779964,-91.902802,4026,1530.0,1238.0,Morehouse,22067,8,5
5,22067950600,32.679615,-91.752037,2624,946.0,815.0,Morehouse,22067,8,6
6,22051022303,30.006662,-90.124268,2998,1601.0,1336.0,Jefferson,22051,1,7
7,22067950700,32.668705,-91.893532,2778,1099.0,930.0,Morehouse,22067,8,8
8,22051022400,29.992752,-90.132729,3367,2352.0,2149.0,Jefferson,22051,1,9
9,22067950800,32.765427,-91.932037,3919,1312.0,1090.0,Morehouse,22067,8,10
10,22051022500,29.993881,-90.142387,2959,1918.0,1721.0,Jefferson,22051,1,11
11,22051022600,29.982449,-90.14373,2941,2298.0,2086.0,Jefferson,22051,1,12
12,22069000100,31.99398,-93.010086,1755,610.0,530.0,Natchitoches,22069,7,13
13,22069000200,31.912998,-93.112389,3781,802.0,661.0,Natchitoches,22069,7,14
14,22051022700,29.985874,-90.152092,2849,1806.0,1648.0,Jefferson,22051,1,15
15,22051022800,29.984287,-90.159431,3149,1874.0,1623.0,Jefferson,22051,1,16
16,22069000300,31.818136,-93.288742,4656,1606.0,1381.0,Natchitoches,22069,7,17
17,22069000400,31.802652,-93.083763,3500,1288.0,1109.0,Natchitoches,22069,7,18
18,22051022900,29.978664,-90.169731,2727,1708.0,1493.0,Jefferson,22051,1,19
19,22051023001,29.98801,-90.173798,1887,1265.0,1146.0,Jefferson,22051,1,20
20,22069000500,31.76343,-93.075073,4386,2299.0,1979.0,Natchitoches,22069,7,21
21,22069000600,31.748705,-93.059067,7930,2208.0,1865.0,Natchitoches,22069,7,22
22,22051023002,29.988644,-90.1838,4948,2851.0,2541.0,Jefferson,22051,1,23
23,22051023003,29.98909,-90.195541,2799,1833.0,1654.0,Jefferson,22051,1,24
24,22069000700,31.759239,-93.095131,3711,1265.0,1064.0,Natchitoches,22069,7,25
25,22069000800,31.615095,-93.193314,4069,1347.0,1146.0,Natchitoches,22069,7,26
26,22051023100,29.979504,-90.183746,2566,1306.0,1124.0,Jefferson,22051,1,27
27,22051023200,29.98065,-90.201347,2730,1556.0,1341.0,Jefferson,22051,1,28
28,22069000900,31.508558,-92.977577,5175,1696.0,1444.0,Natchitoches,22069,7,29
29,22071000100,29.953106,-90.052071,2735,1469.0,1360.0,Orleans,22071,1,30
30,22051023300,29.986673,-90.206436,1841,1088.0,951.0,Jefferson,22051,1,31
31,22071000200,29.945894,-90.052353,1704,619.0,531.0,Orleans,22071,1,32
32,22051023400,29.992193,-90.209969,3381,2069.0,1853.0,Jefferson,22051,1,33
33,22071000300,29.94095,-90.048988,1263,625.0,532.0,Orleans,22071,1,34
34,22071000400,29.946333,-90.04248,1942,1207.0,1002.0,Orleans,22071,1,35
35,22051023500,29.991446,-90.224594,4229,2736.0,2444.0,Jefferson,22051,1,36
36,22051023600,29.98263,-90.224495,4573,2763.0,2362.0,Jefferson,22051,1,37
37,22071000601,29.932783,-90.040955,816,427.0,336.0,Orleans,22071,1,38
38,22071000602,29.937494,-90.033455,2328,1285.0,1061.0,Orleans,22071,1,39
39,22051023700,29.976604,-90.223541,1889,1291.0,1097.0,Jefferson,22051,1,40
40,22051023800,29.968927,-90.231125,3863,2052.0,1750.0,Jefferson,22051,1,41
41,22071000603,29.930067,-90.025528,936,626.0,477.0,Orleans,22071,1,42
42,22051023901,29.95175,-90.209129,2448,1539.0,1362.0,Jefferson,22051,1,43
43,22071000604,29.932632,-90.019966,4163,1887.0,1579.0,Orleans,22071,1,44
44,22051023902,29.961313,-90.212669,2057,1603.0,1453.0,Jefferson,22051,1,45
45,22071000605,29.947245,-90.026558,2297,981.0,836.0,Orleans,22071,1,46
46,22051023903,29.968439,-90.217812,2353,1549.0,1394.0,Jefferson,22051,1,47
47,22051023904,29.950478,-90.221191,2520,1642.0,1478.0,Jefferson,22051,1,48
48,22071000606,29.934513,-90.008972,4523,2825.0,2546.0,Orleans,22071,1,49
49,22071000607,29.928417,-89.994919,4733,2410.0,2160.0,Orleans,22071,1,50
50,22051024001,29.942041,-90.206665,2720,2234.0,2030.0,Jefferson,22051,1,51
51,22071000611,29.918962,-89.977852,5144,1971.0,1663.0,Orleans,22071,1,52
52,22071000612,29.901453,-89.935356,1834,1402.0,1302.0,Orleans,22071,1,53
53,22051024002,29.931324,-90.202835,2879,2134.0,1945.0,Jefferson,22051,1,54
54,22051024100,29.949228,-90.201439,3710,1880.0,1627.0,Jefferson,22051,1,55
55,22071000613,29.920586,-90.025597,4906,2260.0,1898.0,Orleans,22071,1,56
56,22051024201,29.972286,-90.187904,2292,1403.0,1215.0,Jefferson,22051,1,57
57,22071000615,29.919991,-90.007034,4313,1339.0,1106.0,Orleans,22071,1,58
58,22051024202,29.951736,-90.188698,3662,2760.0,2479.0,Jefferson,22051,1,59
59,22051024300,29.957157,-90.174698,2764,1957.0,1774.0,Jefferson,22051,1,60
60,22027950400,32.782291,-93.061111,3251,972.0,799.0,Claiborne,22027,7,61
61,22071000616,29.915421,-89.993736,4392,2616.0,2299.0,Orleans,22071,1,62
62,22027950500,32.664955,-93.030472,2754,772.0,638.0,Claiborne,22027,7,63
63,22051024400,29.966593,-90.167458,3084,1576.0,1420.0,Jefferson,22051,1,64
64,22071000617,29.89855,-89.993027,5366,1581.0,1307.0,Orleans,22071,1,65
65,22051024500,29.957222,-90.163437,1411,1033.0,940.0,Jefferson,22051,1,66
66,22029000100,31.68042,-91.55983,2104,730.0,595.0,Concordia,22029,6,67
67,22071000618,29.906885,-90.006142,4392,2408.0,2174.0,Orleans,22071,1,68
68,22051024600,29.968849,-90.15654,1186,824.0,711.0,Jefferson,22051,1,69
69,22029000200,31.625351,-91.571358,5418,1562.0,1215.0,Concordia,22029,6,70
70,22071000701,29.971428,-90.021645,907,570.0,463.0,Orleans,22071,1,71
71,22051024700,29.962156,-90.151787,1461,1032.0,926.0,Jefferson,22051,1,72
72,22029000300,31.565659,-91.508736,4002,1050.0,807.0,Concordia,22029,6,73
73,22071000702,29.954519,-90.01725,1877,967.0,839.0,Orleans,22071,1,74
74,22051024800,29.976398,-90.136131,3542,2758.0,2537.0,Jefferson,22051,1,75
75,22029000400,31.574221,-91.43486,4191,1614.0,1284.0,Concordia,22029,6,76
76,22071000800,29.959587,-90.019875,1752,888.0,757.0,Orleans,22071,1,77
77,22051024900,29.961002,-90.140007,1474,1073.0,943.0,Jefferson,22051,1,78
78,22029000500,31.3612,-91.676277,4306,954.0,845.0,Concordia,22029,6,79
79,22071000901,29.966883,-90.00499,901,481.0,383.0,Orleans,22071,1,80
80,22051025001,29.893606,-90.017326,7507,4004.0,3422.0,Jefferson,22051,1,81
81,22031950100,32.242279,-93.751198,10469,3076.0,2500.0,De Soto,22031,7,82
82,22071000902,29.974344,-90.010941,555,,,Orleans,22071,1,83
83,22051025002,29.911621,-90.028366,3107,1877.0,1581.0,Jefferson,22051,1,84
84,22031950200,32.092167,-93.954201,4137,862.0,709.0,De Soto,22031,7,85
85,22071000903,29.968637,-90.01329,700,,,Orleans,22071,1,86
86,22051025003,29.896254,-90.026573,4048,2492.0,2166.0,Jefferson,22051,1,87
87,22031950300,32.070156,-93.614021,2889,858.0,729.0,De Soto,22031,7,88
88,22071000904,29.96364,-90.015259,1315,546.0,443.0,Orleans,22071,1,89
89,22051025102,29.883461,-90.038879,3983,2692.0,2369.0,Jefferson,22051,1,90
90,22031950400,32.051701,-93.724922,2940,971.0,817.0,De Soto,22031,7,91
91,22071001100,29.966717,-90.030518,1808,1308.0,1149.0,Orleans,22071,1,92
92,22051025103,29.881346,-90.02697,3511,2379.0,2035.0,Jefferson,22051,1,93
93,22031950500,31.971491,-93.728653,1975,646.0,552.0,De Soto,22031,7,94
94,22071001200,29.962652,-90.046555,1701,1290.0,1174.0,Orleans,22071,1,95
95,22051025104,29.871946,-90.028656,4294,1797.0,1515.0,Jefferson,22051,1,96
96,22031950600,32.007614,-93.661232,2714,887.0,736.0,De Soto,22031,7,97
97,22071001301,29.96924,-90.041252,1936,1299.0,1150.0,Orleans,22071,1,98
98,22051025201,29.916708,-90.037788,2628,1189.0,941.0,Jefferson,22051,1,99
99,22031950700,31.917665,-93.727119,2092,657.0,554.0,De Soto,22031,7,100
100,22071001302,29.969738,-90.03447,1128,783.0,671.0,Orleans,22071,1,101
101,22051025202,29.902809,-90.036453,6840,3233.0,2640.0,Jefferson,22051,1,102
102,22033000100,30.504429,-91.160919,1764,499.0,420.0,East Baton Rouge,22033,2,103
103,22071001401,29.980516,-90.037468,1420,868.0,710.0,Orleans,22071,1,104
104,22051025300,29.909321,-90.046394,2146,1341.0,1199.0,Jefferson,22051,1,105
105,22033000200,30.498356,-91.137726,6207,2397.0,1984.0,East Baton Rouge,22033,2,106
106,22071001402,29.974707,-90.036812,1969,1222.0,1023.0,Orleans,22071,1,107
107,22051025400,29.895601,-90.049103,4442,2224.0,1858.0,Jefferson,22051,1,108
108,22033000300,30.49412,-91.162262,1630,579.0,502.0,East Baton Rouge,22033,2,109
109,22071001500,29.975943,-90.045738,908,626.0,506.0,Orleans,22071,1,110
110,22051025500,29.901543,-90.056244,2779,1394.0,1154.0,Jefferson,22051,1,111
111,22033000400,30.492685,-91.148567,2696,1098.0,901.0,East Baton Rouge,22033,2,112
112,22071001600,29.981749,-90.032219,0,,,Orleans,22071,1,113
113,22051025600,29.913322,-90.056473,1676,843.0,729.0,Jefferson,22051,1,114
114,22033000500,30.479147,-91.162704,3766,1292.0,1030.0,East Baton Rouge,22033,2,115
115,22071001701,30.022215,-90.039528,2255,1179.0,1011.0,Orleans,22071,1,116
116,22051025700,29.923531,-90.046471,1107,755.0,645.0,Jefferson,22051,1,117
117,22071001702,30.009939,-90.037682,3544,1906.0,1651.0,Orleans,22071,1,118
118,22033000601,30.48303,-91.148651,2796,1195.0,976.0,East Baton Rouge,22033,2,119
119,22071001720,30.020267,-90.022911,3214,1990.0,1621.0,Orleans,22071,1,120
120,22051025800,29.932695,-90.053177,1798,963.0,836.0,Jefferson,22051,1,121
121,22071001722,30.017113,-90.001381,4265,2804.0,2313.0,Orleans,22071,1,122
122,22051025900,29.919579,-90.061356,3835,1619.0,1444.0,Jefferson,22051,1,123
123,22071001723,30.020571,-89.979256,4567,2874.0,2464.0,Orleans,22071,1,124
124,22051026000,29.908974,-90.074852,1830,1030.0,892.0,Jefferson,22051,1,125
125,22071001724,30.041456,-90.023293,5476,2591.0,2199.0,Orleans,22071,1,126
126,22051026100,29.896412,-90.064392,4626,2393.0,1955.0,Jefferson,22051,1,127
127,22071001725,30.043442,-89.995995,6949,3571.0,3058.0,Orleans,22071,1,128
128,22051026200,29.885607,-90.071518,1125,771.0,641.0,Jefferson,22051,1,129
129,22071001730,30.087816,-89.898293,1161,517.0,438.0,Orleans,22071,1,130
130,22051026300,29.896881,-90.084076,2477,1357.0,1183.0,Jefferson,22051,1,131
131,22071001734,30.105495,-89.752693,920,484.0,428.0,Orleans,22071,1,132
132,22051026400,29.887705,-90.088272,1850,877.0,758.0,Jefferson,22051,1,133
133,22071001735,30.024696,-90.002083,2567,1171.0,951.0,Orleans,22071,1,134
134,22051026500,29.889133,-90.095253,2149,1404.0,1276.0,Jefferson,22051,1,135
135,22071001736,30.029591,-89.981094,2015,972.0,808.0,Orleans,22071,1,136
136,22051026600,29.903456,-90.095634,1981,1102.0,914.0,Jefferson,22051,1,137
137,22071001737,30.051203,-89.978218,3478,1521.0,1253.0,Orleans,22071,1,138
138,22051026700,29.890495,-90.104012,1825,926.0,785.0,Jefferson,22051,1,139
139,22071001739,30.043158,-89.972786,2009,1099.0,952.0,Orleans,22071,1,140
140,22051026800,29.889683,-90.110786,2970,1403.0,1193.0,Jefferson,22051,1,141
141,22071001740,30.055685,-89.953033,5057,2403.0,2056.0,Orleans,22071,1,142
142,22051026900,29.899796,-90.11631,3510,1749.0,1481.0,Jefferson,22051,1,143
143,22071001741,30.03697,-89.934822,1611,956.0,848.0,Orleans,22071,1,144
144,22051027000,29.892519,-90.12635,5478,3527.0,3086.0,Jefferson,22051,1,145
145,22071001743,30.030151,-90.004013,2482,992.0,826.0,Orleans,22071,1,146
146,22033000602,30.472036,-91.148155,4388,1850.0,1592.0,East Baton Rouge,22033,2,147
147,22051027100,29.892086,-90.145988,3243,1530.0,1294.0,Jefferson,22051,1,148
148,22071001744,30.036488,-89.986664,5037,1787.0,1412.0,Orleans,22071,1,149
149,22033000701,30.483507,-91.129181,2314,754.0,604.0,East Baton Rouge,22033,2,150
150,22051027200,29.903336,-90.141632,4620,2389.0,2029.0,Jefferson,22051,1,151
151,22071001745,30.058435,-89.965881,3619,1905.0,1625.0,Orleans,22071,1,152
152,22033000702,30.475029,-91.125931,3240,1326.0,1130.0,East Baton Rouge,22033,2,153
153,22051027501,29.948288,-90.247337,6406,3416.0,2990.0,Jefferson,22051,1,154
154,22071001746,30.069122,-89.951454,4000,2365.0,1984.0,Orleans,22071,1,155
155,22033000900,30.461876,-91.161339,3797,1662.0,1398.0,East Baton Rouge,22033,2,156
156,22051027502,29.923651,-90.248093,3472,1958.0,1694.0,Jefferson,22051,1,157
157,22071001747,30.040106,-89.953926,4474,2718.0,2493.0,Orleans,22071,1,158
158,22033001000,30.459555,-91.147285,3442,1353.0,1127.0,East Baton Rouge,22033,2,159
159,22051027601,29.896814,-90.22599,5138,2651.0,2305.0,Jefferson,22051,1,160
160,22071001748,30.025427,-89.955399,4524,2404.0,2054.0,Orleans,22071,1,161
161,22033001102,30.461426,-91.108963,3464,1307.0,1096.0,East Baton Rouge,22033,2,162
162,22051027602,29.870932,-90.187469,3221,1786.0,1472.0,Jefferson,22051,1,163
163,22071001749,30.041824,-89.923592,3327,1529.0,1304.0,Orleans,22071,1,164
164,22033001103,30.460592,-91.13382,3328,1116.0,948.0,East Baton Rouge,22033,2,165
165,22051027701,29.865616,-90.142616,5736,3074.0,2615.0,Jefferson,22051,1,166
166,22071001750,30.037693,-89.916924,3286,2053.0,1697.0,Orleans,22071,1,167
167,22033001104,30.460154,-91.121674,4661,1204.0,892.0,East Baton Rouge,22033,2,168
168,22051027703,29.855837,-90.11499,3615,2031.0,1699.0,Jefferson,22051,1,169
169,22071001751,30.030136,-89.91082,725,,,Orleans,22071,1,170
170,22033001600,30.445778,-91.160675,3318,1800.0,1618.0,East Baton Rouge,22033,2,171
171,22051027803,29.881958,-90.05674,3415,1613.0,1348.0,Jefferson,22051,1,172
172,22071001800,29.964647,-90.053963,1487,1045.0,978.0,Orleans,22071,1,173
173,22033001700,30.442326,-91.145691,5572,3178.0,2741.0,East Baton Rouge,22033,2,174
174,22051027804,29.860058,-90.037071,8095,5024.0,4510.0,Jefferson,22051,1,175
175,22051027805,29.856674,-90.055168,8607,5155.0,4521.0,Jefferson,22051,1,176
176,22051027806,29.868195,-90.105042,6130,3697.0,3237.0,Jefferson,22051,1,177
177,22051027807,29.864952,-90.091354,9293,5719.0,5066.0,Jefferson,22051,1,178
178,22051027809,29.808027,-90.09581,7297,3896.0,3289.0,Jefferson,22051,1,179
179,22051027810,29.858929,-90.082741,3980,2404.0,2094.0,Jefferson,22051,1,180
180,22051027811,29.861233,-90.076813,2975,1877.0,1606.0,Jefferson,22051,1,181
181,22051027812,29.827248,-90.072968,3503,2136.0,1812.0,Jefferson,22051,1,182
182,22051027901,29.721889,-90.135628,2759,1147.0,949.0,Jefferson,22051,1,183
183,22051027902,29.489893,-90.045563,1938,807.0,657.0,Jefferson,22051,1,184
184,22051028000,29.787716,-90.14772,5183,2780.0,2371.0,Jefferson,22051,1,185
185,22051028100,29.973618,-90.258583,1722,1139.0,966.0,Jefferson,22051,1,186
186,22051028200,29.929092,-90.160995,4345,2236.0,1893.0,Jefferson,22051,1,187
187,22051980000,29.991871,-90.261162,0,,,Jefferson,22051,1,188
188,22051990000,30.103882,-90.188644,0,,,Jefferson,22051,1,189
189,22051990100,29.189131,-89.980377,0,,,Jefferson,22051,1,190
190,22053000100,30.38271,-92.75132,5771,1508.0,1237.0,Jefferson Davis,22053,5,191
191,22053000200,30.245243,-92.935875,4803,1310.0,1064.0,Jefferson Davis,22053,5,192
192,22053000300,30.252111,-92.809662,5018,1487.0,1189.0,Jefferson Davis,22053,5,193
193,22053000400,30.142172,-92.708282,5847,1819.0,1533.0,Jefferson Davis,22053,5,194
194,22053000500,30.23621,-92.657425,5136,1668.0,1409.0,Jefferson Davis,22053,5,195
195,22053000600,30.214239,-92.674843,2865,913.0,741.0,Jefferson Davis,22053,5,196
196,22053000700,30.209497,-92.626877,2027,730.0,631.0,Jefferson Davis,22053,5,197
197,22055000100,30.224861,-92.019402,3157,1039.0,874.0,Lafayette,22055,4,198
198,22055000200,30.21999,-92.003365,2430,994.0,835.0,Lafayette,22055,4,199
199,22055000500,30.215384,-92.034081,2883,1365.0,1235.0,Lafayette,22055,4,200
200,22055000602,30.226471,-92.044868,4695,2127.0,1885.0,Lafayette,22055,4,201
201,22055000603,30.221752,-92.06691,2610,1078.0,936.0,Lafayette,22055,4,202
202,22073001400,32.482494,-92.116898,2325,603.0,485.0,Ouachita,22073,8,203
203,22071001900,29.971493,-90.053352,1409,1062.0,915.0,Orleans,22071,1,204
204,22073001500,32.46315,-92.111069,1411,450.0,366.0,Ouachita,22073,8,205
205,22071002000,29.975969,-90.052834,1262,924.0,751.0,Orleans,22071,1,206
206,22073001700,32.53117,-92.097313,3349,1783.0,1581.0,Ouachita,22073,8,207
207,22071002100,29.980543,-90.054726,1263,605.0,495.0,Orleans,22071,1,208
208,22073005100,32.601719,-92.138008,1933,923.0,808.0,Ouachita,22073,8,209
209,22071002200,29.981451,-90.04924,1656,701.0,570.0,Orleans,22071,1,210
210,22073005201,32.577057,-92.231705,3482,1695.0,1464.0,Ouachita,22073,8,211
211,22071002300,29.988281,-90.05661,2195,1175.0,976.0,Orleans,22071,1,212
212,22073005203,32.542751,-92.160294,2821,1231.0,1048.0,Ouachita,22073,8,213
213,22071002401,29.995186,-90.055351,2173,1125.0,1010.0,Orleans,22071,1,214
214,22071002402,29.998631,-90.049896,3167,1819.0,1561.0,Orleans,22071,1,215
215,22073005204,32.577404,-92.178322,5842,2492.0,2107.0,Ouachita,22073,8,216
216,22071002501,30.019283,-90.057457,2229,1310.0,1155.0,Orleans,22071,1,217
217,22073005301,32.525482,-92.218826,6282,2495.0,2106.0,Ouachita,22073,8,218
218,22071002502,30.019869,-90.050529,2422,1369.0,1162.0,Orleans,22071,1,219
219,22073005302,32.521999,-92.173058,5210,2589.0,2230.0,Ouachita,22073,8,220
220,22071002503,30.007288,-90.05687,2235,1283.0,1187.0,Orleans,22071,1,221
221,22073005400,32.522404,-92.146584,1921,741.0,595.0,Ouachita,22073,8,222
222,22071002504,30.008108,-90.049881,2862,1474.0,1360.0,Orleans,22071,1,223
223,22073005500,32.508915,-92.142998,2946,1162.0,988.0,Ouachita,22073,8,224
224,22071002600,29.965612,-90.05925,1681,910.0,827.0,Orleans,22071,1,225
225,22073005800,32.498203,-92.16774,2101,871.0,698.0,Ouachita,22073,8,226
226,22071002700,29.970749,-90.060776,1358,828.0,703.0,Orleans,22071,1,227
227,22073005900,32.46476,-92.170052,2711,600.0,443.0,Ouachita,22073,8,228
228,22071002800,29.979029,-90.067001,1642,824.0,662.0,Orleans,22071,1,229
229,22073010101,32.613895,-91.964645,4576,1714.0,1490.0,Ouachita,22073,8,230
230,22071002900,29.975758,-90.060989,1014,688.0,558.0,Orleans,22071,1,231
231,22073010102,32.528858,-91.96373,6741,2389.0,2018.0,Ouachita,22073,8,232
232,22071003000,29.98101,-90.06147,1018,620.0,467.0,Orleans,22071,1,233
233,22071003100,29.984827,-90.065376,1457,761.0,650.0,Orleans,22071,1,234
234,22071003301,30.016216,-90.077354,2149,1838.0,1720.0,Orleans,22071,1,235
235,22071003302,30.005991,-90.078011,3287,2278.0,2047.0,Orleans,22071,1,236
236,22071003303,30.020338,-90.065811,2495,1239.0,1072.0,Orleans,22071,1,237
237,22071003304,30.012247,-90.0653,2580,1244.0,1069.0,Orleans,22071,1,238
238,22071003307,29.99737,-90.071121,1506,846.0,759.0,Orleans,22071,1,239
239,22071003308,29.999258,-90.064209,3450,2191.0,1958.0,Orleans,22071,1,240
240,22071003400,29.970659,-90.066704,1431,815.0,704.0,Orleans,22071,1,241
241,22071003500,29.975082,-90.070786,1290,920.0,797.0,Orleans,22071,1,242
242,22071003600,29.978109,-90.073616,1435,967.0,845.0,Orleans,22071,1,243
243,22071003701,29.988604,-90.081879,1936,1268.0,1151.0,Orleans,22071,1,244
244,22071003702,29.983171,-90.07782,3485,2325.0,2091.0,Orleans,22071,1,245
245,22033001800,30.448124,-91.125404,2405,1219.0,1058.0,East Baton Rouge,22033,2,246
246,22073010201,32.563278,-92.054932,5819,2664.0,2255.0,Ouachita,22073,8,247
247,22073010202,32.636524,-92.017654,7739,3214.0,2731.0,Ouachita,22073,8,248
248,22073010301,32.556217,-92.099754,3279,1971.0,1723.0,Ouachita,22073,8,249
249,22073010302,32.641495,-92.088539,4700,1519.0,1263.0,Ouachita,22073,8,250
250,22073010400,32.506832,-92.344902,9347,3518.0,2946.0,Ouachita,22073,8,251
251,22073010502,32.34502,-92.210365,4597,1358.0,1136.0,Ouachita,22073,8,252
252,22073010503,32.394058,-92.339432,2046,418.0,360.0,Ouachita,22073,8,253
253,22073010504,32.455944,-92.234238,8688,3026.0,2509.0,Ouachita,22073,8,254
254,22073010603,32.455185,-92.016548,7028,2337.0,2039.0,Ouachita,22073,8,255
255,22073010604,32.344215,-92.070183,1947,774.0,642.0,Ouachita,22073,8,256
256,22073010700,32.475494,-92.101349,3110,776.0,667.0,Ouachita,22073,8,257
257,22073010800,32.512512,-92.103951,1871,796.0,659.0,Ouachita,22073,8,258
258,22073010900,32.489529,-92.085526,4609,1819.0,1549.0,Ouachita,22073,8,259
259,22073011000,32.435211,-92.114731,5212,1514.0,1285.0,Ouachita,22073,8,260
260,22073011100,32.460152,-92.139725,2933,821.0,639.0,Ouachita,22073,8,261
261,22073980000,32.510738,-92.035454,0,,,Ouachita,22073,8,262
262,22075050100,29.435528,-89.482201,1370,780.0,669.0,Plaquemines,22075,1,263
263,22075050200,29.873468,-89.985855,8191,4854.0,4150.0,Plaquemines,22075,1,264
264,22075050300,29.819565,-90.028946,5299,1671.0,1337.0,Plaquemines,22075,1,265
265,22075050400,29.47315,-89.854408,3538,1810.0,1529.0,Plaquemines,22075,1,266
266,22075050500,29.484186,-89.695366,1557,504.0,422.0,Plaquemines,22075,1,267
267,22075050600,29.342628,-89.618477,1060,319.0,262.0,Plaquemines,22075,1,268
268,22075050700,29.34816,-89.49395,1400,576.0,483.0,Plaquemines,22075,1,269
269,22075050800,29.183121,-89.400307,958,178.0,155.0,Plaquemines,22075,1,270
270,22075990000,29.332548,-89.320992,0,,,Plaquemines,22075,1,271
271,22077951900,30.703852,-91.474274,5544,2686.0,2279.0,Pointe Coupee,22077,2,272
272,22077952000,30.809637,-91.690926,2597,744.0,616.0,Pointe Coupee,22077,2,273
273,22077952100,30.635124,-91.524979,4913,1836.0,1510.0,Pointe Coupee,22077,2,274
274,22077952200,30.646784,-91.412376,3105,1308.0,1136.0,Pointe Coupee,22077,2,275
275,22077952300,30.694574,-91.4561,1723,976.0,839.0,Pointe Coupee,22077,2,276
276,22077952400,30.541193,-91.58905,4276,1338.0,1109.0,Pointe Coupee,22077,2,277
277,22079010100,31.380995,-92.204788,9716,3630.0,2999.0,Rapides,22079,6,278
278,22079010300,31.409939,-92.437988,6033,1600.0,1315.0,Rapides,22079,6,279
279,22079010400,31.382256,-92.520996,2371,1197.0,1012.0,Rapides,22079,6,280
280,22079010500,31.349836,-92.611519,5501,2356.0,1934.0,Rapides,22079,6,281
281,22079010600,31.321341,-92.78434,4905,1563.0,1284.0,Rapides,22079,6,282
282,22033001900,30.439981,-91.124428,2760,1726.0,1565.0,East Baton Rouge,22033,2,283
283,22079010700,31.270803,-92.625641,4532,2269.0,1924.0,Rapides,22079,6,284
284,22033002000,30.440615,-91.098915,3419,2340.0,2115.0,East Baton Rouge,22033,2,285
285,22079011000,31.308449,-92.471024,3192,825.0,625.0,Rapides,22079,6,286
286,22033002200,30.435791,-91.174011,1394,549.0,465.0,East Baton Rouge,22033,2,287
287,22079011300,31.372189,-92.435097,2223,922.0,768.0,Rapides,22079,6,288
288,22033002300,30.432878,-91.159042,2444,1815.0,1657.0,East Baton Rouge,22033,2,289
289,22079011500,31.34273,-92.394211,7402,3899.0,3348.0,Rapides,22079,6,290
290,22017022700,32.462879,-93.728447,2481,1141.0,986.0,Caddo,22017,7,291
291,22033002400,30.425745,-91.190491,2468,1026.0,881.0,East Baton Rouge,22033,2,292
292,22033002500,30.425821,-91.174561,2825,1250.0,1064.0,East Baton Rouge,22033,2,293
293,22033002601,30.416761,-91.156532,4301,2647.0,2381.0,East Baton Rouge,22033,2,294
294,22033002602,30.402653,-91.130836,4444,2472.0,2178.0,East Baton Rouge,22033,2,295
295,22033002700,30.425882,-91.144981,1726,856.0,724.0,East Baton Rouge,22033,2,296
296,22033002801,30.41287,-91.18988,2470,420.0,358.0,East Baton Rouge,22033,2,297
297,22033002802,30.412266,-91.17083,3836,513.0,467.0,East Baton Rouge,22033,2,298
298,22033003000,30.521088,-91.216515,4516,1033.0,870.0,East Baton Rouge,22033,2,299
299,22033003101,30.5334,-91.178467,4096,1365.0,1136.0,East Baton Rouge,22033,2,300
300,22033003103,30.534283,-91.15992,1277,315.0,270.0,East Baton Rouge,22033,2,301
301,22033003201,30.5403,-91.126099,4481,1818.0,1565.0,East Baton Rouge,22033,2,302
302,22033003202,30.569815,-91.111435,3526,2085.0,1821.0,East Baton Rouge,22033,2,303
303,22033003300,30.515873,-91.163979,4885,2073.0,1738.0,East Baton Rouge,22033,2,304
304,22033003400,30.515333,-91.134949,7019,2907.0,2456.0,East Baton Rouge,22033,2,305
305,22033003501,30.509468,-91.087418,3043,1271.0,1077.0,East Baton Rouge,22033,2,306
306,22033003504,30.508047,-91.110847,5859,2922.0,2475.0,East Baton Rouge,22033,2,307
307,22033003505,30.491964,-91.106689,4001,1766.0,1453.0,East Baton Rouge,22033,2,308
308,22033003506,30.479649,-91.079903,7334,3571.0,3078.0,East Baton Rouge,22033,2,309
309,22033003507,30.486652,-91.04586,4623,2905.0,2532.0,East Baton Rouge,22033,2,310
310,22033003601,30.463936,-91.087631,3386,1742.0,1482.0,East Baton Rouge,22033,2,311
311,22033003603,30.464796,-91.064957,2340,1041.0,832.0,East Baton Rouge,22033,2,312
312,22033003604,30.467005,-91.046822,6169,1982.0,1560.0,East Baton Rouge,22033,2,313
313,22033003701,30.444502,-91.078712,6086,3354.0,3014.0,East Baton Rouge,22033,2,314
314,22033003702,30.448025,-91.063477,3787,1845.0,1600.0,East Baton Rouge,22033,2,315
315,22033003703,30.4506,-91.046501,6339,3801.0,3377.0,East Baton Rouge,22033,2,316
316,22033003801,30.418911,-91.11911,7547,4777.0,4261.0,East Baton Rouge,22033,2,317
317,22033003802,30.421846,-91.085892,5246,3301.0,2921.0,East Baton Rouge,22033,2,318
318,22033003804,30.404114,-91.093575,4489,3289.0,2965.0,East Baton Rouge,22033,2,319
319,22033003805,30.394623,-91.073265,7413,3560.0,3228.0,East Baton Rouge,22033,2,320
320,22033003904,30.43927,-91.038727,5703,2248.0,1912.0,East Baton Rouge,22033,2,321
321,22033003906,30.401379,-91.034576,8774,5253.0,4720.0,East Baton Rouge,22033,2,322
322,22033003907,30.421854,-91.04438,5845,2938.0,2607.0,East Baton Rouge,22033,2,323
323,22033003908,30.421661,-91.026535,3444,2319.0,2050.0,East Baton Rouge,22033,2,324
324,22033003909,30.426704,-91.064491,5654,2272.0,1950.0,East Baton Rouge,22033,2,325
325,22033003910,30.411921,-91.059143,3052,1195.0,941.0,East Baton Rouge,22033,2,326
326,22033004005,30.378426,-91.107674,5848,3299.0,2950.0,East Baton Rouge,22033,2,327
327,22033004006,30.368975,-91.088669,9015,5745.0,5271.0,East Baton Rouge,22033,2,328
328,22033004009,30.362268,-91.036339,8964,4761.0,4233.0,East Baton Rouge,22033,2,329
329,22033004010,30.357004,-91.068764,4840,2924.0,2645.0,East Baton Rouge,22033,2,330
330,22033004011,30.363596,-91.151024,6819,2149.0,1750.0,East Baton Rouge,22033,2,331
331,22033004013,30.397589,-91.192444,3427,1219.0,1015.0,East Baton Rouge,22033,2,332
332,22033004014,30.36809,-91.202553,10439,4140.0,3665.0,East Baton Rouge,22033,2,333
333,22033004015,30.352209,-91.12381,7333,3380.0,2812.0,East Baton Rouge,22033,2,334
334,22033004016,30.332977,-91.083344,9628,5017.0,4560.0,East Baton Rouge,22033,2,335
335,22033004201,30.560066,-91.15313,6236,2617.0,2267.0,East Baton Rouge,22033,2,336
336,22033004203,30.580639,-91.187408,3149,1487.0,1255.0,East Baton Rouge,22033,2,337
337,22033004204,30.601757,-91.14122,3870,1536.0,1238.0,East Baton Rouge,22033,2,338
338,22033004205,30.580978,-91.150795,5831,2649.0,2243.0,East Baton Rouge,22033,2,339
339,22033004301,30.59152,-91.077721,6077,2750.0,2322.0,East Baton Rouge,22033,2,340
340,22033004302,30.588921,-91.021469,5742,2207.0,1880.0,East Baton Rouge,22033,2,341
341,22033004401,30.526163,-91.055031,4675,2392.0,2068.0,East Baton Rouge,22033,2,342
342,22033004402,30.545124,-91.003021,7003,2348.0,1939.0,East Baton Rouge,22033,2,343
343,22033004403,30.499783,-91.002655,6006,2726.0,2341.0,East Baton Rouge,22033,2,344
344,22033004900,30.391407,-91.141487,4396,2998.0,2741.0,East Baton Rouge,22033,2,345
345,22071003800,29.961128,-90.059982,1246,948.0,876.0,Orleans,22071,1,346
346,22033004503,30.467737,-91.009445,5585,3014.0,2544.0,East Baton Rouge,22033,2,347
347,22033004504,30.451725,-91.00486,6806,3284.0,2832.0,East Baton Rouge,22033,2,348
348,22033004505,30.427904,-90.99366,7350,3595.0,3118.0,East Baton Rouge,22033,2,349
349,22033004507,30.404676,-91.00824,5635,2940.0,2610.0,East Baton Rouge,22033,2,350
350,22033004508,30.401297,-90.987671,8881,4763.0,4253.0,East Baton Rouge,22033,2,351
351,22033004509,30.374409,-91.01783,7100,3338.0,2888.0,East Baton Rouge,22033,2,352
352,22033004510,30.364948,-90.959328,8251,4107.0,3626.0,East Baton Rouge,22033,2,353
353,22033004602,30.665888,-91.126076,5721,2153.0,1785.0,East Baton Rouge,22033,2,354
354,22033004603,30.630585,-91.247131,4883,2455.0,2093.0,East Baton Rouge,22033,2,355
355,22033004604,30.665073,-91.176132,12730,5975.0,5178.0,East Baton Rouge,22033,2,356
356,22033004700,30.668171,-90.984505,6202,2171.0,1821.0,East Baton Rouge,22033,2,357
357,22033004800,30.400873,-91.164421,3631,2014.0,1800.0,East Baton Rouge,22033,2,358
358,22079011600,31.340845,-92.422943,2674,912.0,765.0,Rapides,22079,6,359
359,22071003900,29.964121,-90.06916,1138,845.0,742.0,Orleans,22071,1,360
360,22017022800,32.466053,-93.715553,3949,1953.0,1690.0,Caddo,22017,7,361
361,22033005000,30.381561,-91.124512,3230,2207.0,2063.0,East Baton Rouge,22033,2,362
362,22079011700,31.335894,-92.441544,2517,902.0,752.0,Rapides,22079,6,363
363,22071004000,29.971153,-90.07457,1936,1228.0,1078.0,Orleans,22071,1,364
364,22017022900,32.469406,-93.700279,4468,1929.0,1663.0,Caddo,22017,7,365
365,22079012000,31.291052,-92.447548,1679,641.0,507.0,Rapides,22079,6,366
366,22071004100,29.977999,-90.084221,1516,1039.0,978.0,Orleans,22071,1,367
367,22033005100,30.461124,-91.183403,3076,1589.0,1381.0,East Baton Rouge,22033,2,368
368,22017023000,32.450523,-93.717415,4612,2472.0,2158.0,Caddo,22017,7,369
369,22079012100,31.292603,-92.458214,2980,1217.0,997.0,Rapides,22079,6,370
370,22071004401,29.968704,-90.077843,1111,986.0,840.0,Orleans,22071,1,371
371,22017023100,32.445194,-93.737206,1453,908.0,783.0,Caddo,22017,7,372
372,22079012200,31.297749,-92.46743,3354,1599.0,1314.0,Rapides,22079,6,373
373,22071004402,29.965729,-90.07766,399,,,Orleans,22071,1,374
374,22033005200,30.439175,-91.187172,1991,845.0,701.0,East Baton Rouge,22033,2,375
375,22017023200,32.448002,-93.751564,1547,432.0,347.0,Caddo,22017,7,376
376,22079012301,31.26335,-92.502586,5919,3152.0,2651.0,Rapides,22079,6,377
377,22071004500,29.973392,-90.086494,2612,1582.0,1417.0,Orleans,22071,1,378
378,22033005300,30.448996,-91.173485,2915,1371.0,1120.0,East Baton Rouge,22033,2,379
379,22017023300,32.448986,-93.768181,2482,605.0,500.0,Caddo,22017,7,380
380,22079012302,31.287416,-92.485344,4315,2108.0,1851.0,Rapides,22079,6,381
381,22071004600,29.980967,-90.095024,2896,1940.0,1808.0,Orleans,22071,1,382
382,22033980000,30.533039,-91.150833,0,,,East Baton Rouge,22033,2,383
383,22017023400,32.444378,-93.791077,6596,2004.0,1613.0,Caddo,22017,7,384
384,22079012400,31.256567,-92.486336,4348,2089.0,1771.0,Rapides,22079,6,385
385,22071004800,29.959661,-90.073723,231,,,Orleans,22071,1,386
386,22035000100,32.894337,-91.208946,1514,948.0,822.0,East Carroll,22035,8,387
387,22017023500,32.456905,-93.802963,3389,1099.0,903.0,Caddo,22017,7,388
388,22079012500,31.248383,-92.461456,6212,2746.0,2333.0,Rapides,22079,6,389
389,22071004900,29.962566,-90.082222,1602,1153.0,938.0,Orleans,22071,1,390
390,22035000200,32.655548,-91.247856,3645,426.0,347.0,East Carroll,22035,8,391
391,22017023600,32.460526,-93.819267,3137,1017.0,830.0,Caddo,22017,7,392
392,22079012600,31.27803,-92.460289,2318,1184.0,998.0,Rapides,22079,6,393
393,22071005000,29.971533,-90.092636,1053,1274.0,1097.0,Orleans,22071,1,394
394,22035000300,32.79599,-91.197029,2066,707.0,605.0,East Carroll,22035,8,395
395,22017023700,32.433613,-93.765991,6757,1811.0,1435.0,Caddo,22017,7,396
396,22079012700,31.248554,-92.414619,2541,1057.0,865.0,Rapides,22079,6,397
397,22071005400,29.978811,-90.101311,1742,1280.0,1165.0,Orleans,22071,1,398
398,22037951300,30.943905,-91.003357,2468,1064.0,863.0,East Feliciana,22037,2,399
399,22017023800,32.429756,-93.740204,5387,2742.0,2349.0,Caddo,22017,7,400
400,22079012800,31.275963,-92.44104,901,497.0,413.0,Rapides,22079,6,401
401,22071005500,29.988907,-90.109566,2849,1887.0,1767.0,Orleans,22071,1,402
402,22037951400,30.87307,-91.147621,3597,1475.0,1281.0,East Feliciana,22037,2,403
403,22017023901,32.431133,-93.692223,6613,3529.0,3051.0,Caddo,22017,7,404
404,22079012900,31.294411,-92.429283,2757,928.0,777.0,Rapides,22079,6,405
405,22079013000,31.258863,-92.389313,2323,1260.0,1078.0,Rapides,22079,6,406
406,22079013100,31.310186,-92.410454,2581,952.0,787.0,Rapides,22079,6,407
407,22079013200,31.265081,-92.301956,8788,3383.0,2791.0,Rapides,22079,6,408
408,22079013300,31.088989,-92.326042,4916,1716.0,1448.0,Rapides,22079,6,409
409,22079013400,31.162468,-92.55439,3624,1449.0,1174.0,Rapides,22079,6,410
410,22079013500,31.007105,-92.554214,5893,2057.0,1562.0,Rapides,22079,6,411
411,22079013600,31.018194,-92.75914,3206,652.0,496.0,Rapides,22079,6,412
412,22079013700,31.416544,-92.33313,4622,1096.0,886.0,Rapides,22079,6,413
413,22079013800,31.312763,-92.507927,4440,1957.0,1644.0,Rapides,22079,6,414
414,22079013900,31.309668,-92.449677,2746,1119.0,941.0,Rapides,22079,6,415
415,22079980000,31.325031,-92.545204,17,,,Rapides,22079,6,416
416,22081960100,32.10268,-93.341774,4403,1046.0,858.0,Red River,22081,7,417
417,22081960300,32.012459,-93.32383,4215,977.0,781.0,Red River,22081,7,418
418,22083970100,32.451523,-91.499794,2917,1275.0,1094.0,Richland,22083,8,419
419,22083970200,32.499317,-91.539673,2270,603.0,523.0,Richland,22083,8,420
420,22083970300,32.503735,-91.674355,3123,889.0,750.0,Richland,22083,8,421
421,22083970400,32.450081,-91.872627,3440,844.0,726.0,Richland,22083,8,422
422,22083970500,32.483231,-91.749519,4855,1543.0,1306.0,Richland,22083,8,423
423,22083970600,32.289288,-91.858681,3869,1060.0,915.0,Richland,22083,8,424
424,22085000100,31.767836,-93.610489,3008,736.0,572.0,Sabine,22085,7,425
425,22085000200,31.657261,-93.759293,3725,1077.0,879.0,Sabine,22085,7,426
426,22085000300,31.645119,-93.660622,2470,392.0,310.0,Sabine,22085,7,427
427,22085000400,31.620501,-93.487106,4824,1362.0,1083.0,Sabine,22085,7,428
428,22085000500,31.546553,-93.435448,3435,972.0,793.0,Sabine,22085,7,429
429,22085000600,31.436409,-93.416206,3647,1056.0,836.0,Sabine,22085,7,430
430,22085000700,31.351948,-93.603859,2979,961.0,789.0,Sabine,22085,7,431
431,22087030103,29.875536,-89.888664,4609,1979.0,1632.0,St. Bernard,22087,1,432
432,22087030104,29.867155,-89.824242,1705,740.0,600.0,St. Bernard,22087,1,433
433,22087030105,29.861544,-89.295975,265,,,St. Bernard,22087,1,434
434,22087030203,29.93133,-89.954697,3648,1427.0,1171.0,St. Bernard,22087,1,435
435,22087030204,29.955591,-89.898918,4046,1964.0,1570.0,St. Bernard,22087,1,436
436,22087030206,29.944878,-89.939796,2496,1123.0,950.0,St. Bernard,22087,1,437
437,22017023903,32.401455,-93.741623,4262,2119.0,1785.0,Caddo,22017,7,438
438,22037951501,30.710186,-91.256187,1158,502.0,451.0,East Feliciana,22037,2,439
439,22071005601,30.012655,-90.111275,2441,1831.0,1656.0,Orleans,22071,1,440
440,22017023904,32.431915,-93.722588,3325,1638.0,1446.0,Caddo,22017,7,441
441,22037951502,30.777649,-91.139305,7681,2889.0,2437.0,East Feliciana,22037,2,442
442,22071005602,30.011877,-90.103432,2639,2065.0,1851.0,Orleans,22071,1,443
443,22017023905,32.417362,-93.710907,4586,2247.0,1934.0,Caddo,22017,7,444
444,22071005603,30.000532,-90.112389,1690,1118.0,1032.0,Orleans,22071,1,445
445,22017024000,32.319374,-93.625298,12175,7179.0,6207.0,Caddo,22017,7,446
446,22071005604,29.999033,-90.104935,1516,1249.0,1147.0,Orleans,22071,1,447
447,22037951600,30.795166,-90.94265,4595,1939.0,1636.0,East Feliciana,22037,2,448
448,22017024102,32.350677,-93.801636,3676,1487.0,1273.0,Caddo,22017,7,449
449,22071006000,29.956926,-90.08699,2468,1127.0,928.0,Orleans,22071,1,450
450,22039950100,30.844084,-92.333069,6268,1397.0,1135.0,Evangeline,22039,4,451
451,22017024104,32.412773,-93.778435,7496,2620.0,2190.0,Caddo,22017,7,452
452,22071006300,29.965935,-90.092133,1678,1217.0,997.0,Orleans,22071,1,453
453,22039950200,30.805613,-92.507515,1706,348.0,268.0,Evangeline,22039,4,454
454,22017024106,32.398598,-93.827965,7438,2799.0,2347.0,Caddo,22017,7,455
455,22071006400,29.969988,-90.099625,2233,1745.0,1565.0,Orleans,22071,1,456
456,22039950300,30.583958,-92.511414,5058,1920.0,1645.0,Evangeline,22039,4,457
457,22017024107,32.421772,-93.804306,5135,1849.0,1538.0,Caddo,22017,7,458
458,22071006500,29.975622,-90.107628,2762,1750.0,1578.0,Orleans,22071,1,459
459,22039950400,30.663076,-92.376633,6363,2026.0,1584.0,Evangeline,22039,4,460
460,22017024108,32.388737,-93.80127,6516,2774.0,2350.0,Caddo,22017,7,461
461,22071006900,29.951838,-90.091599,1025,585.0,447.0,Orleans,22071,1,462
462,22039950500,30.703463,-92.294624,3340,1199.0,1009.0,Evangeline,22039,4,463
463,22039950600,30.698044,-92.272705,3505,1349.0,1117.0,Evangeline,22039,4,464
464,22039950700,30.721478,-92.222588,3612,1481.0,1296.0,Evangeline,22039,4,465
465,22039950800,30.598137,-92.307869,3784,1511.0,1260.0,Evangeline,22039,4,466
466,22041950100,32.309574,-91.618263,3783,1090.0,944.0,Franklin,22041,8,467
467,22041950200,32.152985,-91.734459,4446,1483.0,1228.0,Franklin,22041,8,468
468,22041950300,32.171368,-91.73378,5397,1740.0,1428.0,Franklin,22041,8,469
469,22041950400,32.068855,-91.591507,2887,705.0,608.0,Franklin,22041,8,470
470,22041950500,32.036362,-91.826775,1555,434.0,367.0,Franklin,22041,8,471
471,22041950600,31.948229,-91.711632,2254,580.0,480.0,Franklin,22041,8,472
472,22043020100,31.682957,-92.496262,2977,565.0,478.0,Grant,22043,6,473
473,22043020200,31.643463,-92.775787,2569,748.0,624.0,Grant,22043,6,474
474,22043020300,31.460533,-92.647171,3412,1023.0,878.0,Grant,22043,6,475
475,22043020401,31.531841,-92.464233,5424,1520.0,1228.0,Grant,22043,6,476
476,22043020402,31.460585,-92.455727,7966,1532.0,1221.0,Grant,22043,6,477
477,22045030100,29.998657,-91.482964,6623,2554.0,2114.0,Iberia,22045,4,478
478,22045030200,30.052542,-91.711098,6434,1930.0,1557.0,Iberia,22045,4,479
479,22045030301,30.042892,-91.883492,3981,1381.0,1168.0,Iberia,22045,4,480
480,22045030302,29.953611,-91.95015,5865,1894.0,1525.0,Iberia,22045,4,481
481,22045030400,29.926826,-91.880775,7452,2491.0,2020.0,Iberia,22045,4,482
482,22045030500,30.028479,-91.822189,4231,1572.0,1310.0,Iberia,22045,4,483
483,22045030600,30.014372,-91.780663,6994,2572.0,2217.0,Iberia,22045,4,484
484,22045030700,30.010818,-91.806816,3851,1459.0,1230.0,Iberia,22045,4,485
485,22045030800,30.010611,-91.83371,2086,779.0,637.0,Iberia,22045,4,486
486,22045030900,30.000767,-91.836365,3294,1038.0,831.0,Iberia,22045,4,487
487,22045031000,29.998486,-91.820488,3494,1110.0,931.0,Iberia,22045,4,488
488,22045031100,29.993586,-91.806816,4750,2041.0,1703.0,Iberia,22045,4,489
489,22045031200,29.989058,-91.832909,3262,1562.0,1314.0,Iberia,22045,4,490
490,22045031300,29.915251,-91.798683,6381,2145.0,1783.0,Iberia,22045,4,491
491,22045031600,29.641121,-91.836731,3993,1411.0,1212.0,Iberia,22045,4,492
492,22045990000,29.438223,-91.777626,0,,,Iberia,22045,4,493
493,22047952600,30.444065,-91.555519,2896,1014.0,817.0,Iberville,22047,2,494
494,22047952700,30.314095,-91.440735,5626,2688.0,2222.0,Iberville,22047,2,495
495,22047952900,30.170807,-91.313103,5565,2334.0,1835.0,Iberville,22047,2,496
496,22047953000,30.106497,-91.176926,2400,1042.0,862.0,Iberville,22047,2,497
497,22047953101,30.269615,-91.240234,6050,2665.0,2192.0,Iberville,22047,2,498
498,22047953102,30.263281,-91.17469,2156,1018.0,825.0,Iberville,22047,2,499
499,22047953200,30.267565,-91.111969,8263,2997.0,2605.0,Iberville,22047,2,500
500,22049970100,32.329853,-92.449554,2614,847.0,714.0,Jackson,22049,8,501
501,22049970200,32.369179,-92.700668,3660,921.0,810.0,Jackson,22049,8,502
502,22049970300,32.229839,-92.603348,4580,2385.0,2187.0,Jackson,22049,8,503
503,22049970400,32.232765,-92.677589,3348,1054.0,900.0,Jackson,22049,8,504
504,22049970500,32.256409,-92.724785,1724,545.0,475.0,Jackson,22049,8,505
505,22051020101,30.01824,-90.128326,2910,1756.0,1523.0,Jefferson,22051,1,506
506,22051020102,30.016607,-90.145126,3053,2148.0,1956.0,Jefferson,22051,1,507
507,22051020201,30.011518,-90.155869,2715,1354.0,1203.0,Jefferson,22051,1,508
508,22051020202,30.009291,-90.162514,3589,1685.0,1394.0,Jefferson,22051,1,509
509,22051020203,30.014397,-90.171021,8210,4804.0,4339.0,Jefferson,22051,1,510
510,22051020301,30.025757,-90.210411,3344,2263.0,2046.0,Jefferson,22051,1,511
511,22051020302,30.021921,-90.192406,5855,3723.0,3298.0,Jefferson,22051,1,512
512,22051020303,30.013903,-90.200432,3511,3567.0,3293.0,Jefferson,22051,1,513
513,22051020400,30.024376,-90.219902,3078,2115.0,1936.0,Jefferson,22051,1,514
514,22051020502,30.027018,-90.242538,5997,3675.0,3109.0,Jefferson,22051,1,515
515,22051020505,30.010691,-90.255341,1921,987.0,817.0,Jefferson,22051,1,516
516,22051020506,30.013027,-90.233727,4647,2712.0,2347.0,Jefferson,22051,1,517
517,22051020507,30.017056,-90.255699,4561,2599.0,2285.0,Jefferson,22051,1,518
518,22051020508,30.03319,-90.270668,7980,4834.0,4177.0,Jefferson,22051,1,519
519,22051020511,30.035908,-90.254738,3906,2545.0,2208.0,Jefferson,22051,1,520
520,22051020512,30.026726,-90.254868,2320,1814.0,1639.0,Jefferson,22051,1,521
521,22051020513,30.029955,-90.235168,5120,2707.0,2345.0,Jefferson,22051,1,522
522,22051020514,30.029909,-90.22776,3779,2584.0,2340.0,Jefferson,22051,1,523
523,22051020515,30.017031,-90.274513,3108,1950.0,1695.0,Jefferson,22051,1,524
524,22051020516,30.01334,-90.268532,4553,2604.0,2154.0,Jefferson,22051,1,525
525,22051020517,30.044947,-90.262253,3801,2848.0,2563.0,Jefferson,22051,1,526
526,22051020600,30.003185,-90.262314,5045,2169.0,1639.0,Jefferson,22051,1,527
527,22051020700,29.981686,-90.266159,929,649.0,523.0,Jefferson,22051,1,528
528,22051021000,29.985098,-90.242455,2565,1308.0,1115.0,Jefferson,22051,1,529
529,22051021100,29.993893,-90.239449,2187,1198.0,1009.0,Jefferson,22051,1,530
530,22051021200,30.001942,-90.237434,2769,1607.0,1367.0,Jefferson,22051,1,531
531,22051021300,30.004953,-90.225403,3264,1778.0,1580.0,Jefferson,22051,1,532
532,22051021400,30.015322,-90.218063,2216,1358.0,1188.0,Jefferson,22051,1,533
533,22051021500,30.008436,-90.216118,3194,1418.0,1188.0,Jefferson,22051,1,534
534,22051021600,29.999264,-90.206436,6036,3672.0,3108.0,Jefferson,22051,1,535
535,22051021700,30.006556,-90.198204,5853,3322.0,2946.0,Jefferson,22051,1,536
536,22051021801,30.009253,-90.184402,2333,1664.0,1477.0,Jefferson,22051,1,537
537,22051021803,29.996231,-90.179672,5218,2081.0,1651.0,Jefferson,22051,1,538
538,22051021804,30.001692,-90.180794,2097,936.0,722.0,Jefferson,22051,1,539
539,22051021900,30.001049,-90.168343,1769,1076.0,925.0,Jefferson,22051,1,540
540,22051022001,29.997316,-90.162201,5166,2427.0,2060.0,Jefferson,22051,1,541
541,22051022002,29.987564,-90.166786,2511,1698.0,1544.0,Jefferson,22051,1,542
542,22051022101,30.008081,-90.147804,1422,963.0,879.0,Jefferson,22051,1,543
543,22051022102,29.997246,-90.150742,2222,1663.0,1498.0,Jefferson,22051,1,544
544,22017024109,32.391548,-93.776154,4158,1552.0,1295.0,Caddo,22017,7,545
545,22017024201,32.420563,-93.851997,4547,1656.0,1424.0,Caddo,22017,7,546
546,22071007000,29.959421,-90.10157,2153,496.0,415.0,Orleans,22071,1,547
547,22017024202,32.360027,-93.892059,6960,2757.0,2320.0,Caddo,22017,7,548
548,22071007101,29.965645,-90.100746,2861,1238.0,1075.0,Orleans,22071,1,549
549,22017024203,32.28204,-93.961533,4807,1619.0,1355.0,Caddo,22017,7,550
550,22071007200,29.961271,-90.110413,2960,1198.0,1008.0,Orleans,22071,1,551
551,22017024301,32.482319,-93.954903,6694,3119.0,2717.0,Caddo,22017,7,552
552,22071007501,29.969328,-90.123825,2719,1250.0,1041.0,Orleans,22071,1,553
553,22017024303,32.43576,-93.883781,5639,1922.0,1607.0,Caddo,22017,7,554
554,22071007502,29.965298,-90.120392,3591,1552.0,1302.0,Orleans,22071,1,555
555,22017024304,32.414436,-93.980637,5048,1928.0,1643.0,Caddo,22017,7,556
556,22071007604,29.986111,-90.119476,1900,1347.0,1241.0,Orleans,22071,1,557
557,22017024400,32.488129,-93.843201,4594,2219.0,1906.0,Caddo,22017,7,558
558,22071007605,29.971674,-90.113075,1419,810.0,666.0,Orleans,22071,1,559
559,22017024503,32.611012,-93.847511,5245,1579.0,1305.0,Caddo,22017,7,560
560,22071007606,30.015873,-90.118034,3948,2839.0,2537.0,Orleans,22071,1,561
561,22017024504,32.626579,-93.977058,6438,1827.0,1465.0,Caddo,22017,7,562
562,22071007700,29.935223,-90.065308,2302,1970.0,1737.0,Orleans,22071,1,563
563,22017024601,32.56316,-93.819397,5187,1248.0,951.0,Caddo,22017,7,564
564,22071007800,29.935143,-90.072624,1176,871.0,786.0,Orleans,22071,1,565
565,22017024602,32.53228,-93.798203,5034,1513.0,1254.0,Caddo,22017,7,566
566,22071008200,29.932535,-90.076538,1464,1085.0,998.0,Orleans,22071,1,567
567,22017024700,32.580898,-93.788437,1840,879.0,742.0,Caddo,22017,7,568
568,22071008300,29.929125,-90.078232,1102,932.0,848.0,Orleans,22071,1,569
569,22017024800,32.704418,-93.833992,918,341.0,272.0,Caddo,22017,7,570
570,22071008400,29.93586,-90.081329,1057,905.0,739.0,Orleans,22071,1,571
571,22017024900,32.82114,-93.977318,3451,693.0,574.0,Caddo,22017,7,572
572,22071008500,29.939381,-90.084572,1014,647.0,522.0,Orleans,22071,1,573
573,22017025000,32.872864,-93.979042,3627,1007.0,815.0,Caddo,22017,7,574
574,22071008600,29.944818,-90.089668,1087,557.0,427.0,Orleans,22071,1,575
575,22017025100,32.938946,-93.897247,1776,437.0,366.0,Caddo,22017,7,576
576,22071008800,29.924665,-90.079933,1782,1166.0,1069.0,Orleans,22071,1,577
577,22017025200,32.499611,-93.76091,876,519.0,454.0,Caddo,22017,7,578
578,22071009000,29.928101,-90.084877,2029,1347.0,1262.0,Orleans,22071,1,579
579,22017025300,32.50893,-93.745659,1484,554.0,451.0,Caddo,22017,7,580
580,22071009100,29.932388,-90.087456,1766,1328.0,1180.0,Orleans,22071,1,581
581,22017025405,32.584476,-93.869049,4624,1750.0,1482.0,Caddo,22017,7,582
582,22071009200,29.935877,-90.089615,1498,699.0,576.0,Orleans,22071,1,583
583,22071009400,29.947172,-90.096367,1554,651.0,506.0,Orleans,22071,1,584
584,22071009600,29.920259,-90.089813,1548,1567.0,1497.0,Orleans,22071,1,585
585,22071009700,29.919262,-90.097389,1326,982.0,886.0,Orleans,22071,1,586
586,22071009900,29.924356,-90.095161,2673,2243.0,2053.0,Orleans,22071,1,587
587,22071010000,29.931276,-90.0942,1525,1048.0,890.0,Orleans,22071,1,588
588,22071010100,29.930435,-90.099442,1948,1464.0,1372.0,Orleans,22071,1,589
589,22071010200,29.937531,-90.099388,2125,1147.0,1002.0,Orleans,22071,1,590
590,22071010300,29.944748,-90.100754,3676,1603.0,1365.0,Orleans,22071,1,591
591,22071010600,29.918482,-90.111969,1553,1108.0,1004.0,Orleans,22071,1,592
592,22071010700,29.923296,-90.105324,1883,1349.0,1252.0,Orleans,22071,1,593
593,22071010800,29.923887,-90.111649,1418,976.0,924.0,Orleans,22071,1,594
594,22071010900,29.930206,-90.107132,3142,2102.0,1952.0,Orleans,22071,1,595
595,22071011100,29.937031,-90.10701,1837,1209.0,1057.0,Orleans,22071,1,596
596,22071011200,29.943434,-90.106209,1573,1032.0,949.0,Orleans,22071,1,597
597,22071011400,29.919327,-90.120079,1926,1404.0,1311.0,Orleans,22071,1,598
598,22071011500,29.92342,-90.124382,1289,1092.0,1025.0,Orleans,22071,1,599
599,22071011600,29.924006,-90.11734,1491,1089.0,1022.0,Orleans,22071,1,600
600,22071011700,29.931644,-90.117126,3082,2218.0,2083.0,Orleans,22071,1,601
601,22071011900,29.940092,-90.113548,1755,1393.0,1304.0,Orleans,22071,1,602
602,22071012000,29.926012,-90.130524,1387,964.0,894.0,Orleans,22071,1,603
603,22071012101,29.946196,-90.117996,3185,1512.0,1411.0,Orleans,22071,1,604
604,22071012102,29.938997,-90.122215,4185,1769.0,1647.0,Orleans,22071,1,605
605,22071012200,29.948359,-90.112312,2339,1708.0,1608.0,Orleans,22071,1,606
606,22071012300,29.95067,-90.10556,2167,1253.0,1149.0,Orleans,22071,1,607
607,22071012400,29.954737,-90.110001,1749,1130.0,1005.0,Orleans,22071,1,608
608,22071012500,29.933905,-90.135178,1801,1332.0,1242.0,Orleans,22071,1,609
609,22071012600,29.942879,-90.129143,1554,1367.0,1255.0,Orleans,22071,1,610
610,22071012700,29.948082,-90.124374,2439,1670.0,1559.0,Orleans,22071,1,611
611,22071012800,29.955276,-90.117607,2233,1650.0,1529.0,Orleans,22071,1,612
612,22071012900,29.946953,-90.135307,1441,1046.0,965.0,Orleans,22071,1,613
613,22071013000,29.952539,-90.128021,1549,1126.0,1025.0,Orleans,22071,1,614
614,22071013100,29.95541,-90.132454,1421,849.0,732.0,Orleans,22071,1,615
615,22071013200,29.95887,-90.124489,2956,1762.0,1559.0,Orleans,22071,1,616
616,22071013301,30.026005,-90.097778,3724,2791.0,2580.0,Orleans,22071,1,617
617,22071013302,30.031374,-90.060249,2141,1593.0,1493.0,Orleans,22071,1,618
618,22071013400,29.948849,-90.071388,2859,4969.0,4067.0,Orleans,22071,1,619
619,22071013500,29.955975,-90.064194,1831,1493.0,1315.0,Orleans,22071,1,620
620,22071013600,29.965576,-90.035721,1026,692.0,615.0,Orleans,22071,1,621
621,22071013700,29.99398,-90.033051,2749,1334.0,1059.0,Orleans,22071,1,622
622,22071013800,29.996105,-90.079575,2615,1418.0,1229.0,Orleans,22071,1,623
623,22071013900,29.940054,-90.076065,1579,872.0,751.0,Orleans,22071,1,624
624,22071014000,29.94467,-90.083099,1893,881.0,718.0,Orleans,22071,1,625
625,22071014100,29.92515,-90.070679,2337,1310.0,1113.0,Orleans,22071,1,626
626,22071014200,29.917376,-90.087471,1647,1217.0,1116.0,Orleans,22071,1,627
627,22071014300,29.939842,-90.092499,1857,979.0,780.0,Orleans,22071,1,628
628,22071014400,29.913809,-90.114716,1723,1128.0,1041.0,Orleans,22071,1,629
629,22071014500,29.960629,-90.095009,2516,275.0,250.0,Orleans,22071,1,630
630,22071980000,30.001497,-90.093094,10,,,Orleans,22071,1,631
631,22071980100,30.004488,-89.915703,0,,,Orleans,22071,1,632
632,22071990000,30.121422,-89.97287,0,,,Orleans,22071,1,633
633,22073000100,32.520432,-92.123238,4509,2365.0,2032.0,Ouachita,22073,8,634
634,22073000200,32.542294,-92.11554,5925,3067.0,2658.0,Ouachita,22073,8,635
635,22073000401,32.543339,-92.050766,2592,811.0,716.0,Ouachita,22073,8,636
636,22073000402,32.529545,-92.074936,3327,909.0,754.0,Ouachita,22073,8,637
637,22073000500,32.526989,-92.049423,3139,1275.0,1087.0,Ouachita,22073,8,638
638,22073000600,32.510044,-92.065865,3513,1147.0,936.0,Ouachita,22073,8,639
639,22073000700,32.509689,-92.090004,1960,590.0,476.0,Ouachita,22073,8,640
640,22073000900,32.499817,-92.096443,1409,316.0,260.0,Ouachita,22073,8,641
641,22073001100,32.476055,-92.090637,3125,867.0,705.0,Ouachita,22073,8,642
642,22017025406,32.546288,-93.908768,4239,1557.0,1317.0,Caddo,22017,7,643
643,22017980000,32.445953,-93.825157,0,,,Caddo,22017,7,644
644,22019000100,30.228519,-93.21331,2088,1014.0,845.0,Calcasieu,22019,5,645
645,22019000200,30.244415,-93.221222,1535,577.0,471.0,Calcasieu,22019,5,646
646,22019000300,30.256516,-93.200523,2106,621.0,533.0,Calcasieu,22019,5,647
647,22019000400,30.23205,-93.198997,1060,403.0,338.0,Calcasieu,22019,5,648
648,22019000500,30.223404,-93.22718,3440,1727.0,1485.0,Calcasieu,22019,5,649
649,22019000600,30.219086,-93.187233,7485,2454.0,2035.0,Calcasieu,22019,5,650
650,22019000700,30.207621,-93.235741,4695,1630.0,1405.0,Calcasieu,22019,5,651
651,22019000800,30.205194,-93.210213,3534,1063.0,853.0,Calcasieu,22019,5,652
652,22019000900,30.20376,-93.191635,3933,1922.0,1625.0,Calcasieu,22019,5,653
653,22019001000,30.187376,-93.227188,3497,1844.0,1612.0,Calcasieu,22019,5,654
654,22019001100,30.186663,-93.212051,4924,1283.0,1032.0,Calcasieu,22019,5,655
655,22019001201,30.186518,-93.19709,5048,1594.0,1315.0,Calcasieu,22019,5,656
656,22019001202,30.187071,-93.184357,3236,838.0,664.0,Calcasieu,22019,5,657
657,22019001300,30.159435,-93.221085,6494,2963.0,2524.0,Calcasieu,22019,5,658
658,22019001400,30.270399,-93.161636,5474,2218.0,1874.0,Calcasieu,22019,5,659
659,22019001500,30.236151,-93.180458,1639,688.0,576.0,Calcasieu,22019,5,660
660,22019001600,30.223726,-93.15274,4794,1218.0,1035.0,Calcasieu,22019,5,661
661,22019001700,30.120895,-93.169357,9848,3178.0,2622.0,Calcasieu,22019,5,662
662,22019001801,30.107653,-93.273933,10986,4419.0,3729.0,Calcasieu,22019,5,663
663,22019001901,30.194431,-93.258766,3669,1866.0,1625.0,Calcasieu,22019,5,664
664,22019001903,30.158293,-93.242851,6618,2838.0,2398.0,Calcasieu,22019,5,665
665,22019001904,30.176041,-93.262085,5893,3045.0,2606.0,Calcasieu,22019,5,666
666,22019002000,30.177963,-93.047508,10392,2883.0,2359.0,Calcasieu,22019,5,667
667,22019002100,30.233381,-93.013474,3254,733.0,585.0,Calcasieu,22019,5,668
668,22019002201,30.356184,-93.200333,8694,2880.0,2407.0,Calcasieu,22019,5,669
669,22019002203,30.31399,-93.221893,6739,2170.0,1797.0,Calcasieu,22019,5,670
670,22019002204,30.299114,-93.197128,5295,1737.0,1444.0,Calcasieu,22019,5,671
671,22019002300,30.354233,-93.40329,2847,926.0,800.0,Calcasieu,22019,5,672
672,22019002400,30.449249,-93.435326,6118,1228.0,1018.0,Calcasieu,22019,5,673
673,22019002500,30.273104,-93.244057,3744,1331.0,1096.0,Calcasieu,22019,5,674
674,22019002600,30.252916,-93.258354,4735,1460.0,1225.0,Calcasieu,22019,5,675
675,22019002700,30.262526,-93.409111,7572,2169.0,1781.0,Calcasieu,22019,5,676
676,22019002800,30.242067,-93.376488,4143,939.0,762.0,Calcasieu,22019,5,677
677,22019002900,30.226765,-93.383911,2278,606.0,507.0,Calcasieu,22019,5,678
678,22019003000,30.226429,-93.363762,4630,1498.0,1244.0,Calcasieu,22019,5,679
679,22019003101,30.225813,-93.337387,4892,1988.0,1716.0,Calcasieu,22019,5,680
680,22019003102,30.230654,-93.31778,2314,997.0,870.0,Calcasieu,22019,5,681
681,22019003200,30.119473,-93.378532,1952,549.0,464.0,Calcasieu,22019,5,682
682,22019003300,30.179039,-93.370636,5034,1579.0,1366.0,Calcasieu,22019,5,683
683,22019003400,30.12693,-93.553131,5887,1513.0,1280.0,Calcasieu,22019,5,684
684,22019003500,30.197393,-93.579414,3413,834.0,709.0,Calcasieu,22019,5,685
685,22019003600,30.290194,-93.628586,4253,771.0,661.0,Calcasieu,22019,5,686
686,22019980000,30.208824,-93.143547,0,,,Calcasieu,22019,5,687
687,22019980100,30.123703,-93.220161,0,,,Calcasieu,22019,5,688
688,22021000100,32.128319,-92.000343,2651,697.0,625.0,Caldwell,22021,8,689
689,22021000200,32.115841,-92.220139,2911,626.0,545.0,Caldwell,22021,8,690
690,22021000300,31.994879,-92.086975,4434,899.0,756.0,Caldwell,22021,8,691
691,22023970100,29.862074,-92.925514,5070,1310.0,1077.0,Cameron,22023,5,692
692,22023970201,29.88978,-93.584045,1798,514.0,454.0,Cameron,22023,5,693
693,22023990000,29.689611,-93.243378,0,,,Cameron,22023,5,694
694,22025000100,31.80175,-91.804176,4719,832.0,692.0,Catahoula,22025,6,695
695,22025000200,31.612137,-91.843246,2143,905.0,732.0,Catahoula,22025,6,696
696,22025000300,31.477676,-91.907341,3031,888.0,704.0,Catahoula,22025,6,697
697,22027950100,32.863361,-92.860085,3147,1031.0,887.0,Claiborne,22027,7,698
698,22027950200,32.891529,-93.108009,4205,749.0,661.0,Claiborne,22027,7,699
699,22027950300,32.975002,-93.134041,2796,737.0,622.0,Claiborne,22027,7,700
700,22055000604,30.209293,-92.062721,6501,2895.0,2527.0,Lafayette,22055,4,701
701,22055000700,30.239868,-92.052444,3365,1197.0,983.0,Lafayette,22055,4,702
702,22055000800,30.236013,-92.025841,3328,1266.0,1054.0,Lafayette,22055,4,703
703,22055000900,30.247618,-92.029358,1858,720.0,618.0,Lafayette,22055,4,704
704,22055001001,30.271606,-92.043289,5395,2297.0,1935.0,Lafayette,22055,4,705
705,22055001002,30.280369,-92.014297,3954,1442.0,1233.0,Lafayette,22055,4,706
706,22055001003,30.281834,-91.984116,3796,1972.0,1722.0,Lafayette,22055,4,707
707,22055001100,30.247261,-92.014679,6083,2520.0,2109.0,Lafayette,22055,4,708
708,22055001200,30.253229,-91.984474,8004,3560.0,3068.0,Lafayette,22055,4,709
709,22055001300,30.226166,-91.971535,4837,2276.0,1961.0,Lafayette,22055,4,710
710,22055001401,30.147226,-92.084335,9258,4570.0,3919.0,Lafayette,22055,4,711
711,22055001402,30.105062,-92.056,8570,3556.0,2958.0,Lafayette,22055,4,712
712,22055001403,30.145487,-92.053108,5752,2778.0,2412.0,Lafayette,22055,4,713
713,22055001404,30.130621,-92.014641,9130,4172.0,3531.0,Lafayette,22055,4,714
714,22055001405,30.158821,-92.006805,9729,3604.0,3069.0,Lafayette,22055,4,715
715,22055001406,30.166412,-92.026596,5464,2634.0,2244.0,Lafayette,22055,4,716
716,22055001407,30.176092,-92.036224,6227,3511.0,3120.0,Lafayette,22055,4,717
717,22055001409,30.139545,-91.953995,10168,4522.0,3842.0,Lafayette,22055,4,718
718,22055001410,30.084978,-91.987602,16386,6629.0,5483.0,Lafayette,22055,4,719
719,22055001411,30.176208,-91.962379,2278,1161.0,952.0,Lafayette,22055,4,720
720,22055001500,30.198532,-92.028328,5414,3007.0,2680.0,Lafayette,22055,4,721
721,22055001600,30.189037,-92.045357,3127,1802.0,1602.0,Lafayette,22055,4,722
722,22055001700,30.179276,-92.058662,7710,3242.0,2871.0,Lafayette,22055,4,723
723,22055001801,30.190075,-92.069267,3194,1397.0,1209.0,Lafayette,22055,4,724
724,22055001802,30.203844,-92.054718,3878,1668.0,1454.0,Lafayette,22055,4,725
725,22055001901,30.181484,-92.195442,7197,2329.0,1920.0,Lafayette,22055,4,726
726,22055001902,30.223185,-92.108292,6751,2596.0,2206.0,Lafayette,22055,4,727
727,22055001903,30.19636,-92.117058,6217,2100.0,1729.0,Lafayette,22055,4,728
728,22055001904,30.195883,-92.083611,4230,2159.0,1898.0,Lafayette,22055,4,729
729,22055001905,30.154198,-92.117813,6372,2567.0,2197.0,Lafayette,22055,4,730
730,22055002001,30.263731,-92.137436,5477,1697.0,1449.0,Lafayette,22055,4,731
731,22055002002,30.265764,-92.084709,6926,2248.0,1849.0,Lafayette,22055,4,732
732,22055002101,30.309441,-92.088753,6233,2148.0,1777.0,Lafayette,22055,4,733
733,22055002102,30.342628,-92.063538,4456,1793.0,1525.0,Lafayette,22055,4,734
734,22055002103,30.309156,-92.028542,4941,2008.0,1735.0,Lafayette,22055,4,735
735,22055002104,30.335007,-91.99588,5703,2536.0,2163.0,Lafayette,22055,4,736
736,22055002200,30.209131,-92.020668,6407,2094.0,1810.0,Lafayette,22055,4,737
737,22055980000,30.204073,-91.991699,0,,,Lafayette,22055,4,738
738,22057020100,29.792492,-90.82811,2800,1402.0,1179.0,Lafourche,22057,3,739
739,22057020202,29.772255,-90.790276,3955,2098.0,1857.0,Lafourche,22057,3,740
740,22057020400,29.784882,-90.815926,2301,1054.0,855.0,Lafourche,22057,3,741
741,22057020500,29.777962,-90.842194,6727,3225.0,2816.0,Lafourche,22057,3,742
742,22057020600,29.795671,-90.843506,2354,1107.0,964.0,Lafourche,22057,3,743
743,22057020702,29.763887,-90.915871,3705,1216.0,1011.0,Lafourche,22057,3,744
744,22057020703,29.807348,-90.811729,5433,2782.0,2452.0,Lafourche,22057,3,745
745,22057020704,29.859446,-90.83223,5801,2280.0,1912.0,Lafourche,22057,3,746
746,22057020800,29.833639,-90.696205,3425,1666.0,1406.0,Lafourche,22057,3,747
747,22057020900,29.74744,-90.664207,2064,789.0,668.0,Lafourche,22057,3,748
748,22057021000,29.730391,-90.483582,3314,1115.0,947.0,Lafourche,22057,3,749
749,22057021100,29.407885,-90.183723,6652,2863.0,2344.0,Lafourche,22057,3,750
750,22057021200,29.256451,-90.328323,4534,1799.0,1472.0,Lafourche,22057,3,751
751,22057021300,29.386965,-90.279091,2408,770.0,641.0,Lafourche,22057,3,752
752,22057021400,29.517986,-90.363213,4067,1900.0,1552.0,Lafourche,22057,3,753
753,22057021500,29.571495,-90.37603,5360,1630.0,1320.0,Lafourche,22057,3,754
754,22057021601,29.646149,-90.606857,7550,2950.0,2474.0,Lafourche,22057,3,755
755,22057021602,29.542297,-90.488037,3516,1455.0,1248.0,Lafourche,22057,3,756
756,22057021700,29.634012,-90.541763,3920,1565.0,1280.0,Lafourche,22057,3,757
757,22057021800,29.712467,-90.596664,4973,1992.0,1678.0,Lafourche,22057,3,758
758,22057021901,29.69656,-90.734863,6235,1981.0,1570.0,Lafourche,22057,3,759
759,22057021902,29.71875,-90.69458,4834,1674.0,1416.0,Lafourche,22057,3,760
760,22057022000,29.790735,-90.807747,2286,1030.0,878.0,Lafourche,22057,3,761
761,22057990000,29.060118,-90.238586,0,,,Lafourche,22057,3,762
762,22059970100,31.850397,-92.144318,4884,542.0,414.0,La Salle,22059,6,763
763,22059970200,31.71402,-92.136887,6081,862.0,675.0,La Salle,22059,6,764
764,22059970300,31.599873,-92.169533,3984,814.0,630.0,La Salle,22059,6,765
765,22061960100,32.687462,-92.676155,3985,1507.0,1306.0,Lincoln,22061,8,766
766,22061960200,32.576309,-92.798531,4158,1481.0,1268.0,Lincoln,22061,8,767
767,22061960300,32.543125,-92.707001,5382,1229.0,1007.0,Lincoln,22061,8,768
768,22061960400,32.54961,-92.656235,5434,2003.0,1776.0,Lincoln,22061,8,769
769,22061960500,32.557133,-92.624657,4330,2031.0,1798.0,Lincoln,22061,8,770
770,22061960600,32.534966,-92.582161,4968,1904.0,1637.0,Lincoln,22061,8,771
771,22061960700,32.596012,-92.505615,6342,2510.0,2193.0,Lincoln,22061,8,772
772,22061960800,32.488449,-92.632904,3734,1231.0,1026.0,Lincoln,22061,8,773
773,22061960900,32.520542,-92.634659,2453,929.0,768.0,Lincoln,22061,8,774
774,22061961000,32.487381,-92.68483,6570,1621.0,1383.0,Lincoln,22061,8,775
775,22063040100,30.551601,-90.615707,8969,2841.0,2280.0,Livingston,22063,9,776
776,22063040201,30.523153,-90.791351,7230,1920.0,1564.0,Livingston,22063,9,777
777,22063040202,30.565611,-90.720718,4609,1342.0,1030.0,Livingston,22063,9,778
778,22063040301,30.606653,-90.908981,9868,3261.0,2677.0,Livingston,22063,9,779
779,22063040303,30.56909,-90.935249,10953,3452.0,2801.0,Livingston,22063,9,780
780,22063040304,30.560184,-90.884033,5570,1753.0,1425.0,Livingston,22063,9,781
781,22063040401,30.498035,-90.887123,7553,2200.0,1792.0,Livingston,22063,9,782
782,22063040402,30.503599,-90.843422,8056,2854.0,2346.0,Livingston,22063,9,783
783,22063040500,30.505472,-90.931831,12250,4269.0,3533.0,Livingston,22063,9,784
784,22063040600,30.486511,-90.94545,9292,3435.0,2815.0,Livingston,22063,9,785
785,22063040700,30.471571,-90.968979,3625,1502.0,1252.0,Livingston,22063,9,786
786,22063040802,30.335218,-90.77552,6271,2043.0,1663.0,Livingston,22063,9,787
787,22063040804,30.43272,-90.848061,18524,5976.0,4950.0,Livingston,22063,9,788
788,22063040805,30.447025,-90.933311,5253,1943.0,1632.0,Livingston,22063,9,789
789,22063040806,30.390228,-90.913445,7737,2747.0,2259.0,Livingston,22063,9,790
790,22063040901,30.407013,-90.627251,6577,2468.0,2021.0,Livingston,22063,9,791
791,22063040902,30.280678,-90.610039,5774,2125.0,1763.0,Livingston,22063,9,792
792,22065960100,32.358051,-91.056396,1657,561.0,480.0,Madison,22065,8,793
793,22065960200,32.366924,-91.326515,3081,655.0,583.0,Madison,22065,8,794
794,22065960300,32.418167,-91.193474,2498,647.0,539.0,Madison,22065,8,795
795,22065960400,32.414349,-91.178856,1728,484.0,409.0,Madison,22065,8,796
796,22065960500,32.396828,-91.191475,2508,1027.0,870.0,Madison,22065,8,797
797,22067950100,32.904449,-91.661018,1455,510.0,431.0,Morehouse,22067,8,798
798,22067950200,32.910084,-91.881134,5230,2000.0,1670.0,Morehouse,22067,8,799
799,22067950300,32.85741,-92.001823,2479,1003.0,854.0,Morehouse,22067,8,800
800,22087030207,29.947144,-89.950096,4201,1853.0,1565.0,St. Bernard,22087,1,801
801,22087030208,29.9363,-89.915085,3321,1386.0,1130.0,St. Bernard,22087,1,802
802,22087030209,29.926046,-89.924049,3645,1547.0,1320.0,St. Bernard,22087,1,803
803,22087030300,29.958435,-90.003746,1406,831.0,710.0,St. Bernard,22087,1,804
804,22087030400,29.942371,-89.988609,1724,807.0,690.0,St. Bernard,22087,1,805
805,22087030500,29.961403,-89.991798,1649,969.0,833.0,St. Bernard,22087,1,806
806,22087030601,29.96018,-89.979218,1649,677.0,556.0,St. Bernard,22087,1,807
807,22087030602,29.949373,-89.982391,2992,1350.0,1130.0,St. Bernard,22087,1,808
808,22087030603,29.955711,-89.96936,1591,618.0,448.0,St. Bernard,22087,1,809
809,22087030700,29.940638,-89.966942,1852,828.0,695.0,St. Bernard,22087,1,810
810,22087030800,29.950436,-89.962128,4895,1678.0,1333.0,St. Bernard,22087,1,811
811,22087990000,29.96789,-89.270653,0,,,St. Bernard,22087,1,812
812,22089060100,30.079298,-90.353546,2243,954.0,784.0,St. Charles,22089,3,813
813,22089062100,29.974369,-90.300552,5317,2894.0,2450.0,St. Charles,22089,3,814
814,22089062200,29.949587,-90.343109,2476,1256.0,1060.0,St. Charles,22089,3,815
815,22089062301,29.972733,-90.355789,6101,3837.0,3370.0,St. Charles,22089,3,816
816,22089062302,29.958492,-90.383141,4704,2663.0,2354.0,St. Charles,22089,3,817
817,22089062400,30.016602,-90.344223,1411,651.0,550.0,St. Charles,22089,3,818
818,22089062500,30.004786,-90.416656,2899,1380.0,1167.0,St. Charles,22089,3,819
819,22089062700,29.979042,-90.458366,4783,2001.0,1709.0,St. Charles,22089,3,820
820,22089062800,29.904774,-90.392044,5289,2163.0,1839.0,St. Charles,22089,3,821
821,22089062900,29.922274,-90.35202,2698,1159.0,987.0,St. Charles,22089,3,822
822,22089063000,29.944029,-90.296654,1366,622.0,547.0,St. Charles,22089,3,823
823,22089063100,29.880495,-90.324783,8393,4008.0,3526.0,St. Charles,22089,3,824
824,22089063200,29.82896,-90.351242,5044,1946.0,1663.0,St. Charles,22089,3,825
825,22091951100,30.910452,-90.710312,3577,1334.0,1083.0,St. Helena,22091,9,826
826,22091951200,30.732914,-90.710327,6834,2216.0,1783.0,St. Helena,22091,9,827
827,22093040100,30.108454,-90.684608,3787,1165.0,1007.0,St. James,22093,3,828
828,22093040200,30.050838,-90.703491,3273,1169.0,974.0,St. James,22093,3,829
829,22093040300,30.056005,-90.733788,3601,1309.0,1077.0,St. James,22093,3,830
830,22093040400,30.079674,-90.808342,2173,715.0,595.0,St. James,22093,3,831
831,22093040500,29.988306,-90.869797,2372,910.0,794.0,St. James,22093,3,832
832,22093040600,29.98255,-90.726456,2586,1191.0,1047.0,St. James,22093,3,833
833,22093040700,29.926144,-90.697189,3565,1792.0,1572.0,St. James,22093,3,834
834,22095070100,30.189304,-90.40696,2583,1533.0,1330.0,St. John the Baptist,22095,3,835
835,22095070200,30.084097,-90.467987,7809,3927.0,3282.0,St. John the Baptist,22095,3,836
836,22095070300,30.085804,-90.485199,5976,3327.0,2789.0,St. John the Baptist,22095,3,837
837,22095070400,30.092867,-90.496056,4014,2429.0,2111.0,St. John the Baptist,22095,3,838
838,22095070500,30.093485,-90.536118,6099,2913.0,2419.0,St. John the Baptist,22095,3,839
839,22095070600,30.080702,-90.628456,1997,686.0,564.0,St. John the Baptist,22095,3,840
840,22095070700,30.073023,-90.579712,4259,1802.0,1561.0,St. John the Baptist,22095,3,841
841,22095070800,30.058367,-90.533951,1738,953.0,810.0,St. John the Baptist,22095,3,842
842,22095070900,30.064035,-90.510391,3275,1316.0,1108.0,St. John the Baptist,22095,3,843
843,22095071000,30.049427,-90.471306,2702,1245.0,1065.0,St. John the Baptist,22095,3,844
844,22095071100,29.974174,-90.598137,2994,1501.0,1281.0,St. John the Baptist,22095,3,845
845,22097960100,30.777224,-91.895157,2618,489.0,391.0,St. Landry,22097,4,846
846,22097960200,30.718203,-92.090706,3962,1418.0,1203.0,St. Landry,22097,4,847
847,22097960300,30.634159,-91.929031,3846,1013.0,831.0,St. Landry,22097,4,848
848,22097960400,30.546875,-91.804886,1741,418.0,328.0,St. Landry,22097,4,849
849,22097960500,30.474781,-91.925339,5620,1726.0,1410.0,St. Landry,22097,4,850
850,22097960600,30.586777,-92.091461,5853,2876.0,2452.0,St. Landry,22097,4,851
851,22097960700,30.509657,-92.192368,6162,2034.0,1679.0,St. Landry,22097,4,852
852,22097960800,30.509281,-92.354752,3607,1757.0,1461.0,St. Landry,22097,4,853
853,22097960900,30.492254,-92.40271,4181,1687.0,1378.0,St. Landry,22097,4,854
854,22097961000,30.499365,-92.427727,2091,784.0,661.0,St. Landry,22097,4,855
855,22097961100,30.487808,-92.42543,3237,1224.0,984.0,St. Landry,22097,4,856
856,22097961200,30.467422,-92.126038,5367,2531.0,2135.0,St. Landry,22097,4,857
857,22097961300,30.544725,-92.091515,4157,1712.0,1380.0,St. Landry,22097,4,858
858,22097961400,30.541548,-92.074417,4246,1814.0,1546.0,St. Landry,22097,4,859
859,22097961500,30.509802,-92.07943,4635,2175.0,1859.0,St. Landry,22097,4,860
860,22097961600,30.524786,-92.095863,4498,1496.0,1261.0,St. Landry,22097,4,861
861,22097961700,30.484577,-92.036865,7109,3448.0,2935.0,St. Landry,22097,4,862
862,22097961800,30.376171,-92.089233,6995,2430.0,2023.0,St. Landry,22097,4,863
863,22097961900,30.418669,-92.051872,3524,1032.0,895.0,St. Landry,22097,4,864
864,22099020100,30.225891,-91.62912,5220,1878.0,1517.0,St. Martin,22099,4,865
865,22099020200,30.36767,-91.888802,6750,2662.0,2123.0,St. Martin,22099,4,866
866,22099020301,30.311304,-91.915794,4913,1841.0,1528.0,St. Martin,22099,4,867
867,22099020302,30.275179,-91.821465,8497,2711.0,2197.0,St. Martin,22099,4,868
868,22099020400,30.205008,-91.822426,6286,2551.0,2135.0,St. Martin,22099,4,869
869,22099020501,30.229996,-91.926353,5241,2230.0,1834.0,St. Martin,22099,4,870
870,22099020502,30.280958,-91.891609,4128,1503.0,1264.0,St. Martin,22099,4,871
871,22099020600,30.117956,-91.89035,6187,2558.0,2154.0,St. Martin,22099,4,872
872,22099020800,30.135061,-91.786583,3063,1297.0,1109.0,St. Martin,22099,4,873
873,22099020900,30.074211,-91.8461,1929,740.0,609.0,St. Martin,22099,4,874
874,22099021000,29.846552,-91.270561,1538,541.0,457.0,St. Martin,22099,4,875
875,22101040100,29.652191,-91.168678,2274,731.0,592.0,St. Mary,22101,3,876
876,22101040200,29.716742,-91.194649,4776,2048.0,1726.0,St. Mary,22101,3,877
877,22101040300,29.690649,-91.187721,2908,1087.0,847.0,St. Mary,22101,3,878
878,22101040400,29.707621,-91.213402,3738,1425.0,1152.0,St. Mary,22101,3,879
879,22101040500,29.69488,-91.237724,4732,1474.0,1190.0,St. Mary,22101,3,880
880,22101040600,29.672928,-91.270958,4614,1294.0,1048.0,St. Mary,22101,3,881
881,22101040700,29.697039,-91.30603,3465,925.0,740.0,St. Mary,22101,3,882
882,22101040800,29.618177,-91.321983,5095,1342.0,1112.0,St. Mary,22101,3,883
883,22101040900,29.54974,-91.465988,3191,690.0,602.0,St. Mary,22101,3,884
884,22101041000,29.865181,-91.497833,3668,853.0,706.0,St. Mary,22101,3,885
885,22101041100,29.752663,-91.711441,1701,761.0,657.0,St. Mary,22101,3,886
886,22101041200,29.831993,-91.549545,2252,236.0,189.0,St. Mary,22101,3,887
887,22101041300,29.808527,-91.525795,2024,806.0,712.0,St. Mary,22101,3,888
888,22101041400,29.821491,-91.478554,3329,1388.0,1204.0,St. Mary,22101,3,889
889,22101041500,29.78784,-91.496399,1763,793.0,695.0,St. Mary,22101,3,890
890,22101041600,29.783728,-91.509392,2204,721.0,610.0,St. Mary,22101,3,891
891,22101990000,29.362814,-91.488197,0,,,St. Mary,22101,3,892
892,22103040102,30.492603,-89.846382,9093,3863.0,3331.0,St. Tammany,22103,9,893
893,22103040103,30.622412,-90.065834,4510,1992.0,1701.0,St. Tammany,22103,9,894
894,22103040104,30.589266,-89.95504,7182,2564.0,2284.0,St. Tammany,22103,9,895
895,22103040201,30.5979,-90.197624,9325,3463.0,3027.0,St. Tammany,22103,9,896
896,22103040202,30.604031,-90.134789,6284,2983.0,2682.0,St. Tammany,22103,9,897
897,22103040303,30.385559,-90.125504,9246,5407.0,4764.0,St. Tammany,22103,9,898
898,22103040304,30.410635,-90.110321,6713,4099.0,3665.0,St. Tammany,22103,9,899
899,22103040305,30.457251,-90.209206,14678,6097.0,5331.0,St. Tammany,22103,9,900
900,22001960100,30.41013,-92.217194,5935,2063.0,1650.0,Acadia,22001,4,901
901,22001960200,30.415924,-92.395874,5531,2085.0,1694.0,Acadia,22001,4,902
902,22001960300,30.361271,-92.576561,3652,897.0,742.0,Acadia,22001,4,903
903,22001960400,30.28404,-92.442123,7188,1832.0,1516.0,Acadia,22001,4,904
904,22001960500,30.318356,-92.234291,7285,1964.0,1601.0,Acadia,22001,4,905
905,22001960600,30.242195,-92.230888,6141,2024.0,1691.0,Acadia,22001,4,906
906,22001960700,30.243496,-92.287361,4497,1448.0,1207.0,Acadia,22001,4,907
907,22001960800,30.237949,-92.349106,5023,1873.0,1578.0,Acadia,22001,4,908
908,22001960900,30.21143,-92.405548,5102,1596.0,1360.0,Acadia,22001,4,909
909,22001961000,30.197304,-92.378609,5083,1557.0,1311.0,Acadia,22001,4,910
910,22001961100,30.147688,-92.518761,3778,618.0,514.0,Acadia,22001,4,911
911,22001961200,30.139709,-92.361496,3353,967.0,795.0,Acadia,22001,4,912
912,22003950100,30.687477,-92.908836,5002,541.0,431.0,Allen,22003,5,913
913,22003950200,30.853683,-92.634064,5184,616.0,495.0,Allen,22003,5,914
914,22003950300,30.810982,-92.662476,2942,701.0,536.0,Allen,22003,5,915
915,22003950400,30.650875,-92.695152,4209,697.0,551.0,Allen,22003,5,916
916,22003950500,30.517563,-92.826904,8324,1806.0,1510.0,Allen,22003,5,917
917,22005030101,30.317635,-90.884499,8621,3048.0,2527.0,Ascension,22005,2,918
918,22005030102,30.262306,-90.887299,5209,2083.0,1769.0,Ascension,22005,2,919
919,22005030103,30.278994,-90.843185,6398,2116.0,1769.0,Ascension,22005,2,920
920,22005030203,30.325884,-90.970657,11781,5823.0,5025.0,Ascension,22005,2,921
921,22005030204,30.311428,-90.93766,12573,5349.0,4555.0,Ascension,22005,2,922
922,22005030205,30.272415,-90.964294,10708,5063.0,4348.0,Ascension,22005,2,923
923,22005030206,30.279579,-90.927803,11292,4128.0,3458.0,Ascension,22005,2,924
924,22005030300,30.189606,-90.964432,15351,7524.0,6514.0,Ascension,22005,2,925
925,22005030401,30.244034,-90.937309,4965,2452.0,2171.0,Ascension,22005,2,926
926,22005030402,30.222754,-90.931854,7900,3827.0,3232.0,Ascension,22005,2,927
927,22005030500,30.20039,-90.770638,8949,3424.0,2887.0,Ascension,22005,2,928
928,22005030600,30.183094,-90.901169,6041,2019.0,1665.0,Ascension,22005,2,929
929,22005030900,30.132408,-91.051079,4646,1577.0,1266.0,Ascension,22005,2,930
930,22005031000,30.095423,-90.966995,6742,2697.0,2248.0,Ascension,22005,2,931
931,22007050100,30.036713,-91.069641,3717,1134.0,935.0,Assumption,22007,3,932
932,22007050200,29.929089,-91.181671,4715,1963.0,1608.0,Assumption,22007,3,933
933,22007050300,29.973465,-91.033424,3502,1145.0,965.0,Assumption,22007,3,934
934,22007050400,29.913683,-91.057411,3243,984.0,807.0,Assumption,22007,3,935
935,22007050500,29.846695,-91.003471,3290,939.0,778.0,Assumption,22007,3,936
936,22007050600,29.736324,-91.031876,4247,1259.0,1030.0,Assumption,22007,3,937
937,22009030100,31.136951,-91.867493,2469,696.0,564.0,Avoyelles,22009,6,938
938,22009030200,31.253704,-92.12925,3090,802.0,619.0,Avoyelles,22009,6,939
939,22009030300,31.144535,-92.148651,3428,1292.0,1039.0,Avoyelles,22009,6,940
940,22009030400,31.132885,-92.079239,7355,2707.0,2191.0,Avoyelles,22009,6,941
941,22009030500,31.058247,-92.10569,6800,2372.0,1918.0,Avoyelles,22009,6,942
942,22009030600,30.929146,-92.187401,4893,1803.0,1449.0,Avoyelles,22009,6,943
943,22009030700,30.97369,-92.051941,7519,2572.0,2140.0,Avoyelles,22009,6,944
944,22009030800,30.916538,-91.987556,2691,815.0,647.0,Avoyelles,22009,6,945
945,22009030900,30.929199,-91.873062,2637,522.0,423.0,Avoyelles,22009,6,946
946,22011960100,30.723553,-93.114021,6150,1336.0,1126.0,Beauregard,22011,5,947
947,22011960200,30.806068,-93.327301,5507,1438.0,1199.0,Beauregard,22011,5,948
948,22011960300,30.863388,-93.272675,4612,1572.0,1260.0,Beauregard,22011,5,949
949,22011960400,30.82436,-93.272903,3538,1093.0,953.0,Beauregard,22011,5,950
950,22011960500,30.850142,-93.3246,5106,1942.0,1672.0,Beauregard,22011,5,951
951,22011960600,30.602449,-93.576538,3366,661.0,542.0,Beauregard,22011,5,952
952,22011960700,30.556482,-93.320473,8490,1901.0,1536.0,Beauregard,22011,5,953
953,22013970100,32.5532,-92.928154,3708,1238.0,1031.0,Bienville,22013,7,954
954,22013970200,32.50021,-93.031693,1451,341.0,295.0,Bienville,22013,7,955
955,22013970300,32.326008,-93.335564,3017,808.0,693.0,Bienville,22013,7,956
956,22013970400,32.293301,-93.178375,2716,572.0,499.0,Bienville,22013,7,957
957,22013970500,32.301395,-92.947464,2776,853.0,730.0,Bienville,22013,7,958
958,22015010400,32.53463,-93.740829,1193,454.0,354.0,Bossier,22015,7,959
959,22015010500,32.546356,-93.71817,4716,1710.0,1407.0,Bossier,22015,7,960
960,22015010601,32.542442,-93.687843,7384,2159.0,1719.0,Bossier,22015,7,961
961,22015010602,32.526039,-93.710678,3178,1064.0,898.0,Bossier,22015,7,962
962,22015010701,32.517002,-93.698898,4049,1234.0,1001.0,Bossier,22015,7,963
963,22015010702,32.509083,-93.692833,4432,1252.0,1035.0,Bossier,22015,7,964
964,22015010801,32.502537,-93.70826,3233,1115.0,903.0,Bossier,22015,7,965
965,22015010804,32.468243,-93.651833,8449,3152.0,2647.0,Bossier,22015,7,966
966,22015010805,32.475529,-93.683876,3444,1234.0,1021.0,Bossier,22015,7,967
967,22015010806,32.485058,-93.670708,4291,1699.0,1441.0,Bossier,22015,7,968
968,22015010900,32.500385,-93.599709,4884,287.0,242.0,Bossier,22015,7,969
969,22015011001,32.447311,-93.539452,8913,2965.0,2509.0,Bossier,22015,7,970
970,22015011002,32.350876,-93.507545,4093,2292.0,1974.0,Bossier,22015,7,971
971,22015011103,32.694477,-93.54528,7297,3108.0,2617.0,Bossier,22015,7,972
972,22015011105,32.55368,-93.575813,6807,2828.0,2352.0,Bossier,22015,7,973
973,22015011106,32.572327,-93.495392,8285,2774.0,2296.0,Bossier,22015,7,974
974,22015011107,32.692432,-93.743294,2443,672.0,556.0,Bossier,22015,7,975
975,22015011108,32.642338,-93.700317,15776,6634.0,5603.0,Bossier,22015,7,976
976,22015011109,32.553757,-93.649559,7886,3775.0,3099.0,Bossier,22015,7,977
977,22015011110,32.57856,-93.719032,8557,3607.0,3135.0,Bossier,22015,7,978
978,22015011200,32.871693,-93.659897,5144,2094.0,1766.0,Bossier,22015,7,979
979,22015011300,32.51757,-93.728241,1677,462.0,371.0,Bossier,22015,7,980
980,22017020500,32.53447,-93.761444,3074,987.0,809.0,Caddo,22017,7,981
981,22017020600,32.515465,-93.766846,720,,,Caddo,22017,7,982
982,22017020700,32.507187,-93.770531,753,,,Caddo,22017,7,983
983,22017021000,32.490707,-93.751007,1839,533.0,448.0,Caddo,22017,7,984
984,22017021100,32.496319,-93.737457,2500,870.0,690.0,Caddo,22017,7,985
985,22017021200,32.487091,-93.7379,3293,1336.0,1161.0,Caddo,22017,7,986
986,22017021300,32.495937,-93.720894,2370,820.0,675.0,Caddo,22017,7,987
987,22017021400,32.487526,-93.710503,2398,808.0,669.0,Caddo,22017,7,988
988,22017021500,32.475399,-93.72995,2311,961.0,821.0,Caddo,22017,7,989
989,22017021600,32.475525,-93.74659,3819,1929.0,1721.0,Caddo,22017,7,990
990,22017021700,32.475948,-93.767212,1668,748.0,578.0,Caddo,22017,7,991
991,22017021800,32.487194,-93.768623,1153,579.0,490.0,Caddo,22017,7,992
992,22017021900,32.497841,-93.773422,1266,454.0,397.0,Caddo,22017,7,993
993,22017022000,32.505325,-93.787132,1847,603.0,531.0,Caddo,22017,7,994
994,22017022100,32.494217,-93.794441,5825,2045.0,1731.0,Caddo,22017,7,995
995,22017022200,32.475258,-93.817192,5357,1755.0,1469.0,Caddo,22017,7,996
996,22017022300,32.478424,-93.788689,2445,743.0,611.0,Caddo,22017,7,997
997,22017022400,32.46394,-93.786407,3026,885.0,711.0,Caddo,22017,7,998
998,22017022500,32.463226,-93.766479,5045,1435.0,1194.0,Caddo,22017,7,999
999,22017022600,32.461884,-93.746086,2986,1882.0,1716.0,Caddo,22017,7,1000
1000,22103040400,30.468954,-90.15377,9571,4748.0,4244.0,St. Tammany,22103,9,1001
1001,22103040501,30.488012,-90.101234,5098,1547.0,1325.0,St. Tammany,22103,9,1002
1002,22103040502,30.505327,-90.060844,4412,1729.0,1512.0,St. Tammany,22103,9,1003
1003,22103040601,30.433096,-90.131935,2838,1860.0,1688.0,St. Tammany,22103,9,1004
1004,22103040602,30.462326,-90.10656,2651,1540.0,1388.0,St. Tammany,22103,9,1005
1005,22103040604,30.445591,-90.064163,10160,4268.0,3659.0,St. Tammany,22103,9,1006
1006,22103040605,30.455782,-90.08239,6564,3588.0,3192.0,St. Tammany,22103,9,1007
1007,22103040701,30.390581,-89.914261,9197,4168.0,3570.0,St. Tammany,22103,9,1008
1008,22103040704,30.370239,-89.787239,5670,2447.0,2065.0,St. Tammany,22103,9,1009
1009,22103040705,30.329552,-89.750488,6958,2917.0,2516.0,St. Tammany,22103,9,1010
1010,22103040706,30.344481,-89.693642,6102,2515.0,2178.0,St. Tammany,22103,9,1011
1011,22103040708,30.210527,-89.637917,5546,3435.0,3076.0,St. Tammany,22103,9,1012
1012,22103040709,30.2946,-89.734352,4229,2180.0,1909.0,St. Tammany,22103,9,1013
1013,22103040710,30.275999,-89.733994,5896,2975.0,2611.0,St. Tammany,22103,9,1014
1014,22103040801,30.249773,-89.77874,4715,2192.0,1884.0,St. Tammany,22103,9,1015
1015,22103040802,30.227367,-89.795174,7163,4227.0,3796.0,St. Tammany,22103,9,1016
1016,22103040803,30.2206,-89.737778,9795,4641.0,4028.0,St. Tammany,22103,9,1017
1017,22103040900,30.266163,-89.770691,2838,1387.0,1173.0,St. Tammany,22103,9,1018
1018,22103041002,30.279789,-89.764511,2899,1493.0,1288.0,St. Tammany,22103,9,1019
1019,22103041003,30.293837,-89.75531,5879,2795.0,2473.0,St. Tammany,22103,9,1020
1020,22103041004,30.300137,-89.765778,4789,2436.0,2120.0,St. Tammany,22103,9,1021
1021,22103041101,30.284887,-89.842087,3831,1794.0,1517.0,St. Tammany,22103,9,1022
1022,22103041102,30.275492,-89.819412,7718,3320.0,2848.0,St. Tammany,22103,9,1023
1023,22103041103,30.300735,-89.798157,3066,1456.0,1180.0,St. Tammany,22103,9,1024
1024,22103041104,30.243935,-89.824722,3394,1346.0,1158.0,St. Tammany,22103,9,1025
1025,22103041202,30.283497,-89.933502,2413,1068.0,941.0,St. Tammany,22103,9,1026
1026,22103041204,30.33252,-89.926834,8162,3948.0,3417.0,St. Tammany,22103,9,1027
1027,22103041207,30.409723,-90.064621,4285,2301.0,2014.0,St. Tammany,22103,9,1028
1028,22103041208,30.391209,-90.067039,4554,2695.0,2425.0,St. Tammany,22103,9,1029
1029,22103041209,30.37763,-90.062706,4765,2874.0,2564.0,St. Tammany,22103,9,1030
1030,22103041210,30.393087,-90.031761,2772,1349.0,1165.0,St. Tammany,22103,9,1031
1031,22103041211,30.366798,-90.041702,6674,3254.0,2858.0,St. Tammany,22103,9,1032
1032,22103041212,30.354959,-90.017616,3566,1979.0,1679.0,St. Tammany,22103,9,1033
1033,22103041300,30.363178,-90.082047,6892,3832.0,3418.0,St. Tammany,22103,9,1034
1034,22103990000,30.252407,-90.044846,0,,,St. Tammany,22103,9,1035
1035,22105953200,30.936346,-90.412743,3123,974.0,731.0,Tangipahoa,22105,9,1036
1036,22105953300,30.919971,-90.525337,3988,1262.0,951.0,Tangipahoa,22105,9,1037
1037,22105953400,30.772099,-90.531479,5730,1843.0,1484.0,Tangipahoa,22105,9,1038
1038,22105953500,30.777163,-90.368156,6938,2496.0,2086.0,Tangipahoa,22105,9,1039
1039,22105953600,30.682186,-90.525032,6470,1599.0,1243.0,Tangipahoa,22105,9,1040
1040,22105953700,30.622837,-90.367287,11421,3475.0,2849.0,Tangipahoa,22105,9,1041
1041,22105953800,30.60751,-90.513985,5001,1421.0,1148.0,Tangipahoa,22105,9,1042
1042,22105953900,30.548615,-90.524078,8365,2939.0,2366.0,Tangipahoa,22105,9,1043
1043,22105954001,30.552629,-90.468781,4305,1064.0,902.0,Tangipahoa,22105,9,1044
1044,22105954002,30.543659,-90.416512,6198,2346.0,1960.0,Tangipahoa,22105,9,1045
1045,22105954101,30.503838,-90.528175,5512,2223.0,1871.0,Tangipahoa,22105,9,1046
1046,22105954102,30.461485,-90.514526,12208,4577.0,3910.0,Tangipahoa,22105,9,1047
1047,22105954200,30.510202,-90.473152,4742,1312.0,1116.0,Tangipahoa,22105,9,1048
1048,22105954300,30.492626,-90.476982,4150,1685.0,1403.0,Tangipahoa,22105,9,1049
1049,22105954400,30.503756,-90.454613,3790,1454.0,1226.0,Tangipahoa,22105,9,1050
1050,22105954501,30.465054,-90.461731,5966,2831.0,2360.0,Tangipahoa,22105,9,1051
1051,22105954502,30.477293,-90.430473,7890,3027.0,2572.0,Tangipahoa,22105,9,1052
1052,22105954600,30.447063,-90.312462,13853,4496.0,3768.0,Tangipahoa,22105,9,1053
1053,22105954700,30.362032,-90.460793,5342,2146.0,1841.0,Tangipahoa,22105,9,1054
1054,22105954800,30.344614,-90.32193,5512,2374.0,1986.0,Tangipahoa,22105,9,1055
1055,22107000100,32.095715,-91.181862,1846,309.0,273.0,Tensas,22107,8,1056
1056,22107000200,31.999197,-91.410484,1098,294.0,241.0,Tensas,22107,8,1057
1057,22107000300,31.852943,-91.322365,1722,329.0,265.0,Tensas,22107,8,1058
1058,22109000101,29.734524,-90.838058,5939,2225.0,1785.0,Terrebonne,22109,3,1059
1059,22109000102,29.70224,-90.784897,4239,1571.0,1279.0,Terrebonne,22109,3,1060
1060,22109000201,29.654922,-90.784424,4187,1296.0,1042.0,Terrebonne,22109,3,1061
1061,22109000202,29.659246,-90.742897,7589,2700.0,2191.0,Terrebonne,22109,3,1062
1062,22109000300,29.613346,-90.751755,5585,1806.0,1487.0,Terrebonne,22109,3,1063
1063,22109000401,29.617546,-90.738869,4897,1881.0,1542.0,Terrebonne,22109,3,1064
1064,22109000402,29.63073,-90.744919,4079,1543.0,1245.0,Terrebonne,22109,3,1065
1065,22109000500,29.631531,-90.717102,5992,2456.0,2008.0,Terrebonne,22109,3,1066
1066,22109000600,29.61132,-90.684402,5418,2378.0,1925.0,Terrebonne,22109,3,1067
1067,22109000700,29.58098,-90.677254,6188,2079.0,1676.0,Terrebonne,22109,3,1068
1068,22109000800,29.578991,-90.695267,5324,2331.0,1902.0,Terrebonne,22109,3,1069
1069,22109000900,29.581318,-90.724815,4954,2223.0,1825.0,Terrebonne,22109,3,1070
1070,22109001000,29.558321,-90.607086,5765,2005.0,1630.0,Terrebonne,22109,3,1071
1071,22109001100,29.336275,-90.502876,3685,844.0,638.0,Terrebonne,22109,3,1072
1072,22109001201,29.511971,-90.619286,2853,1007.0,825.0,Terrebonne,22109,3,1073
1073,22109001202,29.183165,-90.62043,3443,1287.0,1078.0,Terrebonne,22109,3,1074
1074,22109001300,29.25712,-90.786835,8573,2107.0,1623.0,Terrebonne,22109,3,1075
1075,22109001400,29.34144,-91.010307,3261,1181.0,979.0,Terrebonne,22109,3,1076
1076,22109001500,29.523363,-91.025505,7315,3220.0,2695.0,Terrebonne,22109,3,1077
1077,22109001600,29.634735,-90.980377,2402,1057.0,881.0,Terrebonne,22109,3,1078
1078,22109001700,29.646814,-90.821709,10899,5737.0,4781.0,Terrebonne,22109,3,1079
1079,22109990000,29.091307,-90.904488,0,,,Terrebonne,22109,3,1080
1080,22111960100,32.909306,-92.277565,4234,1394.0,1214.0,Union,22111,8,1081
1081,22111960200,32.917789,-92.604805,3586,1043.0,909.0,Union,22111,8,1082
1082,22111960300,32.777672,-92.564537,2981,991.0,843.0,Union,22111,8,1083
1083,22111960400,32.779457,-92.395607,3734,1455.0,1248.0,Union,22111,8,1084
1084,22111960500,32.744148,-92.227478,4497,1586.0,1410.0,Union,22111,8,1085
1085,22111960600,32.653484,-92.348305,3443,1180.0,1008.0,Union,22111,8,1086
1086,22113950100,30.083433,-92.222786,10150,2391.0,1956.0,Vermilion,22113,4,1087
1087,22113950200,29.980883,-92.466057,4668,1380.0,1163.0,Vermilion,22113,4,1088
1088,22113950400,30.006115,-92.284859,5547,1770.0,1484.0,Vermilion,22113,4,1089
1089,22113950500,29.944866,-92.208839,5630,1431.0,1179.0,Vermilion,22113,4,1090
1090,22113950600,30.012491,-92.119606,3515,1152.0,981.0,Vermilion,22113,4,1091
1091,22113950700,29.964819,-92.143799,3682,1621.0,1368.0,Vermilion,22113,4,1092
1092,22113950800,29.968735,-92.123146,5650,1630.0,1351.0,Vermilion,22113,4,1093
1093,22113950901,29.941626,-92.108208,3376,1071.0,915.0,Vermilion,22113,4,1094
1094,22113950902,30.015469,-92.043411,8140,2471.0,2061.0,Vermilion,22113,4,1095
1095,22113951001,29.961447,-92.027176,4622,1261.0,1062.0,Vermilion,22113,4,1096
1096,22113951002,29.869511,-92.054855,3408,1284.0,1038.0,Vermilion,22113,4,1097
1097,22113951100,29.713722,-92.32135,1479,465.0,391.0,Vermilion,22113,4,1098
1098,22113990000,29.532598,-92.32222,0,,,Vermilion,22113,4,1099
1099,22115950100,31.235996,-93.031532,5303,1538.0,1224.0,Vernon,22115,6,1100
1100,22115950200,31.280626,-93.340363,5392,1243.0,944.0,Vernon,22115,6,1101
1101,22115950300,31.054077,-93.446182,4119,1124.0,877.0,Vernon,22115,6,1102
1102,22115950400,31.154417,-93.274048,3349,1091.0,884.0,Vernon,22115,6,1103
1103,22115950500,31.117371,-93.290321,6002,1950.0,1591.0,Vernon,22115,6,1104
1104,22115950600,31.107979,-93.279488,3701,1070.0,875.0,Vernon,22115,6,1105
1105,22115950701,31.079901,-93.05574,1986,105.0,70.0,Vernon,22115,6,1106
1106,22115950702,31.043917,-93.227821,3382,384.0,303.0,Vernon,22115,6,1107
1107,22115950703,31.095125,-93.212776,2425,377.0,271.0,Vernon,22115,6,1108
1108,22115950704,31.064482,-93.227638,3927,630.0,507.0,Vernon,22115,6,1109
1109,22115950800,30.961046,-93.027428,4347,816.0,671.0,Vernon,22115,6,1110
1110,22115950900,30.973289,-93.316177,7074,1480.0,1200.0,Vernon,22115,6,1111
1111,22117950101,30.90049,-89.80442,3653,1620.0,1360.0,Washington,22117,9,1112
1112,22117950102,30.906012,-89.922516,3867,1386.0,1118.0,Washington,22117,9,1113
1113,22117950200,30.930244,-90.060326,6018,2195.0,1795.0,Washington,22117,9,1114
1114,22117950300,30.918978,-90.164429,4619,1766.0,1459.0,Washington,22117,9,1115
1115,22117950400,30.913168,-90.262535,3507,1410.0,1152.0,Washington,22117,9,1116
1116,22117950500,30.766592,-90.144409,6073,2340.0,1903.0,Washington,22117,9,1117
1117,22117950600,30.733801,-89.968796,4874,1774.0,1500.0,Washington,22117,9,1118
1118,22117950700,30.791096,-89.886047,4813,1720.0,1442.0,Washington,22117,9,1119
1119,22117950800,30.79072,-89.837593,4431,1398.0,1181.0,Washington,22117,9,1120
1120,22117950900,30.772871,-89.862564,1376,466.0,380.0,Washington,22117,9,1121
1121,22117951000,30.71492,-89.85778,3226,1386.0,1170.0,Washington,22117,9,1122
1122,22119031100,32.903728,-93.304588,1789,648.0,543.0,Webster,22119,7,1123
1123,22119031200,32.967693,-93.458206,2672,567.0,464.0,Webster,22119,7,1124
1124,22119031300,33.003849,-93.455757,4935,1689.0,1339.0,Webster,22119,7,1125
1125,22119031400,32.84515,-93.408546,3013,683.0,564.0,Webster,22119,7,1126
1126,22119031500,32.590862,-93.395119,5981,1563.0,1317.0,Webster,22119,7,1127
1127,22119031600,32.697109,-93.285583,2742,1147.0,974.0,Webster,22119,7,1128
1128,22119031700,32.60807,-93.304665,3041,1097.0,923.0,Webster,22119,7,1129
1129,22119031800,32.626648,-93.292511,2629,993.0,804.0,Webster,22119,7,1130
1130,22119031900,32.612301,-93.279198,2223,1085.0,929.0,Webster,22119,7,1131
1131,22119032000,32.610844,-93.264961,3469,1470.0,1238.0,Webster,22119,7,1132
1132,22119032100,32.518627,-93.254318,7137,2201.0,1854.0,Webster,22119,7,1133
1133,22121020100,30.452106,-91.207085,4030,2002.0,1704.0,West Baton Rouge,22121,2,1134
1134,22121020200,30.483858,-91.227875,3841,1427.0,1201.0,West Baton Rouge,22121,2,1135
1135,22121020300,30.494234,-91.345451,5891,2976.0,2499.0,West Baton Rouge,22121,2,1136
1136,22121020401,30.360325,-91.217033,5355,2106.0,1712.0,West Baton Rouge,22121,2,1137
1137,22121020402,30.38316,-91.278732,6743,2714.0,2259.0,West Baton Rouge,22121,2,1138
1138,22123000100,32.929077,-91.391579,4592,1135.0,995.0,West Carroll,22123,8,1139
1139,22123000200,32.801056,-91.458878,3845,1079.0,928.0,West Carroll,22123,8,1140
1140,22123000300,32.671852,-91.50486,2743,570.0,489.0,West Carroll,22123,8,1141
1141,22125951701,30.896812,-91.405037,4204,4203.0,3637.0,West Feliciana,22125,2,1142
1142,22125951702,30.940935,-91.621155,3822,,,West Feliciana,22125,2,1143
1143,22125951800,30.803305,-91.327888,7351,2218.0,1911.0,West Feliciana,22125,2,1144
1144,22127960100,31.993368,-92.498581,3410,876.0,736.0,Winn,22127,6,1145
1145,22127960200,31.892139,-92.784683,6153,1320.0,1121.0,Winn,22127,6,1146
1146,22127960300,31.92766,-92.648537,2532,923.0,791.0,Winn,22127,6,1147
1147,22127960400,31.912086,-92.62838,2399,689.0,568.0,Winn,22127,6,1148
