,OBJECTID,TractID,Lat,Long,Total_2018Pop,SeriesInt,SeriesComp,parish,pfips,ldhh
0,1,22001960100,30.41013,-92.217194,5935,2233.0,1987.0,Acadia,22001,4
1,2,22001960200,30.415924,-92.395874,5531,2254.0,2096.0,Acadia,22001,4
2,3,22001960300,30.361271,-92.576561,3652,991.0,912.0,Acadia,22001,4
3,4,22001960400,30.28404,-92.442123,7188,1974.0,1839.0,Acadia,22001,4
4,5,22001960500,30.318356,-92.234291,7285,2175.0,1975.0,Acadia,22001,4
5,6,22001960600,30.242195,-92.230888,6141,2223.0,2014.0,Acadia,22001,4
6,7,22001960700,30.243496,-92.287361,4497,1551.0,1408.0,Acadia,22001,4
7,8,22001960800,30.237949,-92.349106,5023,2010.0,1849.0,Acadia,22001,4
8,9,22001960900,30.21143,-92.405548,5102,1773.0,1616.0,Acadia,22001,4
9,10,22001961000,30.197304,-92.378609,5083,1748.0,1588.0,Acadia,22001,4
10,11,22001961100,30.147688,-92.518761,3778,679.0,627.0,Acadia,22001,4
11,12,22001961200,30.139709,-92.361496,3353,1056.0,971.0,Acadia,22001,4
12,13,22003950100,30.687477,-92.908836,5002,643.0,576.0,Allen,22003,5
13,14,22003950200,30.853683,-92.634064,5184,707.0,628.0,Allen,22003,5
14,15,22003950300,30.810982,-92.662476,2942,791.0,700.0,Allen,22003,5
15,16,22003950400,30.650875,-92.695152,4209,794.0,711.0,Allen,22003,5
16,17,22003950500,30.517563,-92.826904,8324,1977.0,1815.0,Allen,22003,5
17,18,22005030101,30.317635,-90.884499,8621,3296.0,2985.0,Ascension,22005,2
18,19,22005030102,30.262306,-90.887299,5209,2212.0,2037.0,Ascension,22005,2
19,20,22005030103,30.278994,-90.843185,6398,2259.0,2078.0,Ascension,22005,2
20,21,22005030203,30.325884,-90.970657,11781,6182.0,5704.0,Ascension,22005,2
21,22,22005030204,30.311428,-90.93766,12573,5701.0,5237.0,Ascension,22005,2
22,23,22005030205,30.272415,-90.964294,10708,5393.0,4968.0,Ascension,22005,2
23,24,22005030206,30.279579,-90.927803,11292,4421.0,3996.0,Ascension,22005,2
24,25,22005030300,30.189606,-90.964432,15351,7984.0,7383.0,Ascension,22005,2
25,26,22005030401,30.244034,-90.937309,4965,2652.0,2468.0,Ascension,22005,2
26,27,22005030402,30.222754,-90.931854,7900,4043.0,3693.0,Ascension,22005,2
27,28,22005030500,30.20039,-90.770638,8949,3646.0,3372.0,Ascension,22005,2
28,29,22005030600,30.183094,-90.901169,6041,2131.0,1920.0,Ascension,22005,2
29,30,22005030900,30.132408,-91.051079,4646,1656.0,1487.0,Ascension,22005,2
30,31,22005031000,30.095423,-90.966995,6742,2836.0,2568.0,Ascension,22005,2
31,32,22007050100,30.036713,-91.069641,3717,1207.0,1085.0,Assumption,22007,3
32,33,22007050200,29.929089,-91.181671,4715,2089.0,1905.0,Assumption,22007,3
33,34,22007050300,29.973465,-91.033424,3502,1211.0,1103.0,Assumption,22007,3
34,35,22007050400,29.913683,-91.057411,3243,1062.0,946.0,Assumption,22007,3
35,36,22007050500,29.846695,-91.003471,3290,1004.0,895.0,Assumption,22007,3
36,37,22007050600,29.736324,-91.031876,4247,1338.0,1212.0,Assumption,22007,3
37,38,22009030100,31.136951,-91.867493,2469,782.0,696.0,Avoyelles,22009,6
38,39,22009030200,31.253704,-92.12925,3090,919.0,823.0,Avoyelles,22009,6
39,40,22009030300,31.144535,-92.148651,3428,1432.0,1283.0,Avoyelles,22009,6
40,41,22009030400,31.132885,-92.079239,7355,3078.0,2733.0,Avoyelles,22009,6
41,42,22009030500,31.058247,-92.10569,6800,2664.0,2383.0,Avoyelles,22009,6
42,43,22009030600,30.929146,-92.187401,4893,1981.0,1776.0,Avoyelles,22009,6
43,44,22009030700,30.97369,-92.051941,7519,2908.0,2681.0,Avoyelles,22009,6
44,45,22009030800,30.916538,-91.987556,2691,914.0,820.0,Avoyelles,22009,6
45,46,22009030900,30.929199,-91.873062,2637,572.0,509.0,Avoyelles,22009,6
46,47,22011960100,30.723553,-93.114021,6150,1553.0,1336.0,Beauregard,22011,5
47,48,22011960200,30.806068,-93.327301,5507,1616.0,1409.0,Beauregard,22011,5
48,49,22011960300,30.863388,-93.272675,4612,1744.0,1498.0,Beauregard,22011,5
49,50,22011960400,30.82436,-93.272903,3538,1239.0,1094.0,Beauregard,22011,5
50,51,22011960500,30.850142,-93.3246,5106,2171.0,1883.0,Beauregard,22011,5
51,52,22011960600,30.602449,-93.576538,3366,749.0,648.0,Beauregard,22011,5
52,53,22011960700,30.556482,-93.320473,8490,2166.0,1917.0,Beauregard,22011,5
53,54,22013970100,32.5532,-92.928154,3708,1381.0,1225.0,Bienville,22013,7
54,55,22013970200,32.50021,-93.031693,1451,365.0,331.0,Bienville,22013,7
55,56,22013970300,32.326008,-93.335564,3017,881.0,801.0,Bienville,22013,7
56,57,22013970400,32.293301,-93.178375,2716,637.0,583.0,Bienville,22013,7
57,58,22013970500,32.301395,-92.947464,2776,926.0,838.0,Bienville,22013,7
58,59,22015010400,32.53463,-93.740829,1193,536.0,451.0,Bossier,22015,7
59,60,22015010500,32.546356,-93.71817,4716,1905.0,1685.0,Bossier,22015,7
60,61,22015010601,32.542442,-93.687843,7384,2489.0,2163.0,Bossier,22015,7
61,62,22015010602,32.526039,-93.710678,3178,1168.0,1042.0,Bossier,22015,7
62,63,22015010701,32.517002,-93.698898,4049,1435.0,1246.0,Bossier,22015,7
63,64,22015010702,32.509083,-93.692833,4432,1434.0,1240.0,Bossier,22015,7
64,65,22015010801,32.502537,-93.70826,3233,1277.0,1108.0,Bossier,22015,7
65,66,22015010804,32.468243,-93.651833,8449,3491.0,3163.0,Bossier,22015,7
66,67,22015010805,32.475529,-93.683876,3444,1366.0,1180.0,Bossier,22015,7
67,68,22015010806,32.485058,-93.670708,4291,1871.0,1697.0,Bossier,22015,7
68,69,22015010900,32.500385,-93.599709,4884,402.0,327.0,Bossier,22015,7
69,70,22015011001,32.447311,-93.539452,8913,3304.0,2995.0,Bossier,22015,7
70,71,22015011002,32.350876,-93.507545,4093,2522.0,2338.0,Bossier,22015,7
71,72,22015011103,32.694477,-93.54528,7297,3446.0,3120.0,Bossier,22015,7
72,73,22015011105,32.55368,-93.575813,6807,3114.0,2864.0,Bossier,22015,7
73,74,22015011106,32.572327,-93.495392,8285,3084.0,2790.0,Bossier,22015,7
74,75,22015011107,32.692432,-93.743294,2443,755.0,677.0,Bossier,22015,7
75,76,22015011108,32.642338,-93.700317,15776,7301.0,6693.0,Bossier,22015,7
76,77,22015011109,32.553757,-93.649559,7886,4167.0,3712.0,Bossier,22015,7
77,78,22015011110,32.57856,-93.719032,8557,3902.0,3586.0,Bossier,22015,7
78,79,22015011200,32.871693,-93.659897,5144,2266.0,2070.0,Bossier,22015,7
79,80,22015011300,32.51757,-93.728241,1677,585.0,507.0,Bossier,22015,7
80,81,22017020500,32.53447,-93.761444,3074,1111.0,990.0,Caddo,22017,7
81,82,22017020600,32.515465,-93.766846,720,,,Caddo,22017,7
82,83,22017020700,32.507187,-93.770531,753,,,Caddo,22017,7
83,84,22017021000,32.490707,-93.751007,1839,580.0,513.0,Caddo,22017,7
84,85,22017021100,32.496319,-93.737457,2500,972.0,815.0,Caddo,22017,7
85,86,22017021200,32.487091,-93.7379,3293,1474.0,1322.0,Caddo,22017,7
86,87,22017021300,32.495937,-93.720894,2370,943.0,829.0,Caddo,22017,7
87,88,22017021400,32.487526,-93.710503,2398,888.0,779.0,Caddo,22017,7
88,89,22017021500,32.475399,-93.72995,2311,1050.0,932.0,Caddo,22017,7
89,90,22017021600,32.475525,-93.74659,3819,2047.0,1884.0,Caddo,22017,7
90,91,22017021700,32.475948,-93.767212,1668,871.0,727.0,Caddo,22017,7
91,92,22017021800,32.487194,-93.768623,1153,661.0,585.0,Caddo,22017,7
92,93,22017021900,32.497841,-93.773422,1266,501.0,452.0,Caddo,22017,7
93,94,22017022000,32.505325,-93.787132,1847,673.0,597.0,Caddo,22017,7
94,95,22017022100,32.494217,-93.794441,5825,2278.0,1993.0,Caddo,22017,7
95,96,22017022200,32.475258,-93.817192,5357,1942.0,1702.0,Caddo,22017,7
96,97,22017022300,32.478424,-93.788689,2445,832.0,718.0,Caddo,22017,7
97,98,22017022400,32.46394,-93.786407,3026,1045.0,885.0,Caddo,22017,7
98,99,22017022500,32.463226,-93.766479,5045,1610.0,1442.0,Caddo,22017,7
99,100,22017022600,32.461884,-93.746086,2986,1980.0,1850.0,Caddo,22017,7
100,101,22017022700,32.462879,-93.728447,2481,1232.0,1117.0,Caddo,22017,7
101,102,22017022800,32.466053,-93.715553,3949,2088.0,1914.0,Caddo,22017,7
102,103,22017022900,32.469406,-93.700279,4468,2128.0,1934.0,Caddo,22017,7
103,104,22017023000,32.450523,-93.717415,4612,2667.0,2436.0,Caddo,22017,7
104,105,22017023100,32.445194,-93.737206,1453,961.0,870.0,Caddo,22017,7
105,106,22017023200,32.448002,-93.751564,1547,488.0,432.0,Caddo,22017,7
106,107,22017023300,32.448986,-93.768181,2482,694.0,613.0,Caddo,22017,7
107,108,22017023400,32.444378,-93.791077,6596,2257.0,1983.0,Caddo,22017,7
108,109,22017023500,32.456905,-93.802963,3389,1233.0,1062.0,Caddo,22017,7
109,110,22017023600,32.460526,-93.819267,3137,1136.0,986.0,Caddo,22017,7
110,111,22017023700,32.433613,-93.765991,6757,2120.0,1836.0,Caddo,22017,7
111,112,22017023800,32.429756,-93.740204,5387,2979.0,2703.0,Caddo,22017,7
112,113,22017023901,32.431133,-93.692223,6613,3876.0,3505.0,Caddo,22017,7
113,114,22017023903,32.401455,-93.741623,4262,2285.0,2045.0,Caddo,22017,7
114,115,22017023904,32.431915,-93.722588,3325,1773.0,1641.0,Caddo,22017,7
115,116,22017023905,32.417362,-93.710907,4586,2468.0,2270.0,Caddo,22017,7
116,117,22017024000,32.319374,-93.625298,12175,7757.0,7140.0,Caddo,22017,7
117,118,22017024102,32.350677,-93.801636,3676,1634.0,1500.0,Caddo,22017,7
118,119,22017024104,32.412773,-93.778435,7496,2951.0,2628.0,Caddo,22017,7
119,120,22017024106,32.398598,-93.827965,7438,3086.0,2756.0,Caddo,22017,7
120,121,22017024107,32.421772,-93.804306,5135,2033.0,1814.0,Caddo,22017,7
121,122,22017024108,32.388737,-93.80127,6516,3009.0,2668.0,Caddo,22017,7
122,123,22017024109,32.391548,-93.776154,4158,1701.0,1530.0,Caddo,22017,7
123,124,22017024201,32.420563,-93.851997,4547,1819.0,1624.0,Caddo,22017,7
124,125,22017024202,32.360027,-93.892059,6960,3038.0,2689.0,Caddo,22017,7
125,126,22017024203,32.28204,-93.961533,4807,1767.0,1591.0,Caddo,22017,7
126,127,22017024301,32.482319,-93.954903,6694,3356.0,3036.0,Caddo,22017,7
127,128,22017024303,32.43576,-93.883781,5639,2150.0,1870.0,Caddo,22017,7
128,129,22017024304,32.414436,-93.980637,5048,2115.0,1898.0,Caddo,22017,7
129,130,22017024400,32.488129,-93.843201,4594,2402.0,2173.0,Caddo,22017,7
130,131,22017024503,32.611012,-93.847511,5245,1759.0,1589.0,Caddo,22017,7
131,132,22017024504,32.626579,-93.977058,6438,2030.0,1812.0,Caddo,22017,7
132,133,22017024601,32.56316,-93.819397,5187,1434.0,1208.0,Caddo,22017,7
133,134,22017024602,32.53228,-93.798203,5034,1771.0,1581.0,Caddo,22017,7
134,135,22017024700,32.580898,-93.788437,1840,966.0,876.0,Caddo,22017,7
135,136,22017024800,32.704418,-93.833992,918,374.0,329.0,Caddo,22017,7
136,137,22017024900,32.82114,-93.977318,3451,761.0,679.0,Caddo,22017,7
137,138,22017025000,32.872864,-93.979042,3627,1118.0,1004.0,Caddo,22017,7
138,139,22017025100,32.938946,-93.897247,1776,477.0,432.0,Caddo,22017,7
139,140,22017025200,32.499611,-93.76091,876,558.0,505.0,Caddo,22017,7
140,141,22017025300,32.50893,-93.745659,1484,631.0,523.0,Caddo,22017,7
141,142,22017025405,32.584476,-93.869049,4624,1921.0,1749.0,Caddo,22017,7
142,143,22017025406,32.546288,-93.908768,4239,1717.0,1574.0,Caddo,22017,7
143,144,22017980000,32.445953,-93.825157,0,,,Caddo,22017,7
144,145,22019000100,30.228519,-93.21331,2088,1119.0,990.0,Calcasieu,22019,5
145,146,22019000200,30.244415,-93.221222,1535,645.0,563.0,Calcasieu,22019,5
146,147,22019000300,30.256516,-93.200523,2106,671.0,594.0,Calcasieu,22019,5
147,148,22019000400,30.23205,-93.198997,1060,448.0,392.0,Calcasieu,22019,5
148,149,22019000500,30.223404,-93.22718,3440,1831.0,1660.0,Calcasieu,22019,5
149,150,22019000600,30.219086,-93.187233,7485,2709.0,2403.0,Calcasieu,22019,5
150,151,22019000700,30.207621,-93.235741,4695,1799.0,1609.0,Calcasieu,22019,5
151,152,22019000800,30.205194,-93.210213,3534,1227.0,1046.0,Calcasieu,22019,5
152,153,22019000900,30.20376,-93.191635,3933,2120.0,1895.0,Calcasieu,22019,5
153,154,22019001000,30.187376,-93.227188,3497,1970.0,1794.0,Calcasieu,22019,5
154,155,22019001100,30.186663,-93.212051,4924,1432.0,1258.0,Calcasieu,22019,5
155,156,22019001201,30.186518,-93.19709,5048,1775.0,1554.0,Calcasieu,22019,5
156,157,22019001202,30.187071,-93.184357,3236,970.0,859.0,Calcasieu,22019,5
157,158,22019001300,30.159435,-93.221085,6494,3219.0,2880.0,Calcasieu,22019,5
158,159,22019001400,30.270399,-93.161636,5474,2479.0,2214.0,Calcasieu,22019,5
159,160,22019001500,30.236151,-93.180458,1639,756.0,664.0,Calcasieu,22019,5
160,161,22019001600,30.223726,-93.15274,4794,1347.0,1207.0,Calcasieu,22019,5
161,162,22019001700,30.120895,-93.169357,9848,3565.0,3169.0,Calcasieu,22019,5
162,163,22019001801,30.107653,-93.273933,10986,4784.0,4333.0,Calcasieu,22019,5
163,164,22019001901,30.194431,-93.258766,3669,1985.0,1814.0,Calcasieu,22019,5
164,165,22019001903,30.158293,-93.242851,6618,3091.0,2788.0,Calcasieu,22019,5
165,166,22019001904,30.176041,-93.262085,5893,3264.0,2933.0,Calcasieu,22019,5
166,167,22019002000,30.177963,-93.047508,10392,3232.0,2875.0,Calcasieu,22019,5
167,168,22019002100,30.233381,-93.013474,3254,836.0,752.0,Calcasieu,22019,5
168,169,22019002201,30.356184,-93.200333,8694,3188.0,2876.0,Calcasieu,22019,5
169,170,22019002203,30.31399,-93.221893,6739,2422.0,2149.0,Calcasieu,22019,5
170,171,22019002204,30.299114,-93.197128,5295,1931.0,1730.0,Calcasieu,22019,5
171,172,22019002300,30.354233,-93.40329,2847,1010.0,912.0,Calcasieu,22019,5
172,173,22019002400,30.449249,-93.435326,6118,1438.0,1234.0,Calcasieu,22019,5
173,174,22019002500,30.273104,-93.244057,3744,1474.0,1333.0,Calcasieu,22019,5
174,175,22019002600,30.252916,-93.258354,4735,1627.0,1452.0,Calcasieu,22019,5
175,176,22019002700,30.262526,-93.409111,7572,2426.0,2145.0,Calcasieu,22019,5
176,177,22019002800,30.242067,-93.376488,4143,1090.0,944.0,Calcasieu,22019,5
177,178,22019002900,30.226765,-93.383911,2278,667.0,588.0,Calcasieu,22019,5
178,179,22019003000,30.226429,-93.363762,4630,1694.0,1465.0,Calcasieu,22019,5
179,180,22019003101,30.225813,-93.337387,4892,2146.0,1928.0,Calcasieu,22019,5
180,181,22019003102,30.230654,-93.31778,2314,1083.0,986.0,Calcasieu,22019,5
181,182,22019003200,30.119473,-93.378532,1952,630.0,550.0,Calcasieu,22019,5
182,183,22019003300,30.179039,-93.370636,5034,1867.0,1700.0,Calcasieu,22019,5
183,184,22019003400,30.12693,-93.553131,5887,1660.0,1519.0,Calcasieu,22019,5
184,185,22019003500,30.197393,-93.579414,3413,910.0,823.0,Calcasieu,22019,5
185,186,22019003600,30.290194,-93.628586,4253,890.0,779.0,Calcasieu,22019,5
186,187,22019980000,30.208824,-93.143547,0,,,Calcasieu,22019,5
187,188,22019980100,30.123703,-93.220161,0,,,Calcasieu,22019,5
188,189,22021000100,32.128319,-92.000343,2651,757.0,712.0,Caldwell,22021,8
189,190,22021000200,32.115841,-92.220139,2911,706.0,649.0,Caldwell,22021,8
190,191,22021000300,31.994879,-92.086975,4434,982.0,896.0,Caldwell,22021,8
191,192,22023970100,29.862074,-92.925514,5070,1452.0,1325.0,Cameron,22023,5
192,193,22023970201,29.88978,-93.584045,1798,565.0,515.0,Cameron,22023,5
193,194,22023990000,29.689611,-93.243378,0,,,Cameron,22023,5
194,195,22025000100,31.80175,-91.804176,4719,891.0,818.0,Catahoula,22025,6
195,196,22025000200,31.612137,-91.843246,2143,995.0,900.0,Catahoula,22025,6
196,197,22025000300,31.477676,-91.907341,3031,973.0,858.0,Catahoula,22025,6
197,198,22027950100,32.863361,-92.860085,3147,1114.0,1034.0,Claiborne,22027,7
198,199,22027950200,32.891529,-93.108009,4205,900.0,860.0,Claiborne,22027,7
199,200,22027950300,32.975002,-93.134041,2796,810.0,754.0,Claiborne,22027,7
200,201,22027950400,32.782291,-93.061111,3251,1091.0,1007.0,Claiborne,22027,7
201,202,22027950500,32.664955,-93.030472,2754,847.0,766.0,Claiborne,22027,7
202,203,22029000100,31.68042,-91.55983,2104,804.0,723.0,Concordia,22029,6
203,204,22029000200,31.625351,-91.571358,5418,1737.0,1513.0,Concordia,22029,6
204,205,22029000300,31.565659,-91.508736,4002,1179.0,1039.0,Concordia,22029,6
205,206,22029000400,31.574221,-91.43486,4191,1774.0,1586.0,Concordia,22029,6
206,207,22029000500,31.3612,-91.676277,4306,1106.0,1049.0,Concordia,22029,6
207,208,22031950100,32.242279,-93.751198,10469,3354.0,3028.0,De Soto,22031,7
208,209,22031950200,32.092167,-93.954201,4137,953.0,863.0,De Soto,22031,7
209,210,22031950300,32.070156,-93.614021,2889,954.0,865.0,De Soto,22031,7
210,211,22031950400,32.051701,-93.724922,2940,1083.0,980.0,De Soto,22031,7
211,212,22031950500,31.971491,-93.728653,1975,750.0,693.0,De Soto,22031,7
212,213,22031950600,32.007614,-93.661232,2714,989.0,906.0,De Soto,22031,7
213,214,22031950700,31.917665,-93.727119,2092,729.0,660.0,De Soto,22031,7
214,215,22033000100,30.504429,-91.160919,1764,548.0,478.0,East Baton Rouge,22033,2
215,216,22033000200,30.498356,-91.137726,6207,2591.0,2256.0,East Baton Rouge,22033,2
216,217,22033000300,30.49412,-91.162262,1630,657.0,581.0,East Baton Rouge,22033,2
217,218,22033000400,30.492685,-91.148567,2696,1193.0,1039.0,East Baton Rouge,22033,2
218,219,22033000500,30.479147,-91.162704,3766,1422.0,1204.0,East Baton Rouge,22033,2
219,220,22033000601,30.48303,-91.148651,2796,1318.0,1147.0,East Baton Rouge,22033,2
220,221,22033000602,30.472036,-91.148155,4388,1983.0,1780.0,East Baton Rouge,22033,2
221,222,22033000701,30.483507,-91.129181,2314,825.0,704.0,East Baton Rouge,22033,2
222,223,22033000702,30.475029,-91.125931,3240,1428.0,1279.0,East Baton Rouge,22033,2
223,224,22033000900,30.461876,-91.161339,3797,1791.0,1592.0,East Baton Rouge,22033,2
224,225,22033001000,30.459555,-91.147285,3442,1479.0,1299.0,East Baton Rouge,22033,2
225,226,22033001102,30.461426,-91.108963,3464,1423.0,1269.0,East Baton Rouge,22033,2
226,227,22033001103,30.460592,-91.13382,3328,1203.0,1078.0,East Baton Rouge,22033,2
227,228,22033001104,30.460154,-91.121674,4661,1336.0,1062.0,East Baton Rouge,22033,2
228,229,22033001600,30.445778,-91.160675,3318,1899.0,1752.0,East Baton Rouge,22033,2
229,230,22033001700,30.442326,-91.145691,5572,3366.0,3050.0,East Baton Rouge,22033,2
230,231,22033001800,30.448124,-91.125404,2405,1277.0,1171.0,East Baton Rouge,22033,2
231,232,22033001900,30.439981,-91.124428,2760,1804.0,1683.0,East Baton Rouge,22033,2
232,233,22033002000,30.440615,-91.098915,3419,2428.0,2282.0,East Baton Rouge,22033,2
233,234,22033002200,30.435791,-91.174011,1394,599.0,523.0,East Baton Rouge,22033,2
234,235,22033002300,30.432878,-91.159042,2444,1905.0,1783.0,East Baton Rouge,22033,2
235,236,22033002400,30.425745,-91.190491,2468,1126.0,1008.0,East Baton Rouge,22033,2
236,237,22033002500,30.425821,-91.174561,2825,1346.0,1202.0,East Baton Rouge,22033,2
237,238,22033002601,30.416761,-91.156532,4301,2754.0,2562.0,East Baton Rouge,22033,2
238,239,22033002602,30.402653,-91.130836,4444,2587.0,2386.0,East Baton Rouge,22033,2
239,240,22033002700,30.425882,-91.144981,1726,902.0,821.0,East Baton Rouge,22033,2
240,241,22033002801,30.41287,-91.18988,2470,451.0,395.0,East Baton Rouge,22033,2
241,242,22033002802,30.412266,-91.17083,3836,540.0,497.0,East Baton Rouge,22033,2
242,243,22033003000,30.521088,-91.216515,4516,1133.0,995.0,East Baton Rouge,22033,2
243,244,22033003101,30.5334,-91.178467,4096,1513.0,1310.0,East Baton Rouge,22033,2
244,245,22033003103,30.534283,-91.15992,1277,340.0,300.0,East Baton Rouge,22033,2
245,246,22033003201,30.5403,-91.126099,4481,1949.0,1784.0,East Baton Rouge,22033,2
246,247,22033003202,30.569815,-91.111435,3526,2183.0,2019.0,East Baton Rouge,22033,2
247,248,22033003300,30.515873,-91.163979,4885,2227.0,2001.0,East Baton Rouge,22033,2
248,249,22033003400,30.515333,-91.134949,7019,3128.0,2783.0,East Baton Rouge,22033,2
249,250,22033003501,30.509468,-91.087418,3043,1359.0,1229.0,East Baton Rouge,22033,2
250,251,22033003504,30.508047,-91.110847,5859,3158.0,2830.0,East Baton Rouge,22033,2
251,252,22033003505,30.491964,-91.106689,4001,1934.0,1689.0,East Baton Rouge,22033,2
252,253,22033003506,30.479649,-91.079903,7334,3817.0,3452.0,East Baton Rouge,22033,2
253,254,22033003507,30.486652,-91.04586,4623,3089.0,2836.0,East Baton Rouge,22033,2
254,255,22033003601,30.463936,-91.087631,3386,1886.0,1689.0,East Baton Rouge,22033,2
255,256,22033003603,30.464796,-91.064957,2340,1139.0,985.0,East Baton Rouge,22033,2
256,257,22033003604,30.467005,-91.046822,6169,2176.0,1863.0,East Baton Rouge,22033,2
257,258,22033003701,30.444502,-91.078712,6086,3510.0,3236.0,East Baton Rouge,22033,2
258,259,22033003702,30.448025,-91.063477,3787,1979.0,1792.0,East Baton Rouge,22033,2
259,260,22033003703,30.4506,-91.046501,6339,3961.0,3658.0,East Baton Rouge,22033,2
260,261,22033003801,30.418911,-91.11911,7547,5028.0,4630.0,East Baton Rouge,22033,2
261,262,22033003802,30.421846,-91.085892,5246,3508.0,3199.0,East Baton Rouge,22033,2
262,263,22033003804,30.404114,-91.093575,4489,3422.0,3166.0,East Baton Rouge,22033,2
263,264,22033003805,30.394623,-91.073265,7413,3708.0,3492.0,East Baton Rouge,22033,2
264,265,22033003904,30.43927,-91.038727,5703,2468.0,2210.0,East Baton Rouge,22033,2
265,266,22033003906,30.401379,-91.034576,8774,5543.0,5120.0,East Baton Rouge,22033,2
266,267,22033003907,30.421854,-91.04438,5845,3106.0,2852.0,East Baton Rouge,22033,2
267,268,22033003908,30.421661,-91.026535,3444,2436.0,2237.0,East Baton Rouge,22033,2
268,269,22033003909,30.426704,-91.064491,5654,2425.0,2179.0,East Baton Rouge,22033,2
269,270,22033003910,30.411921,-91.059143,3052,1321.0,1122.0,East Baton Rouge,22033,2
270,271,22033004005,30.378426,-91.107674,5848,3508.0,3244.0,East Baton Rouge,22033,2
271,272,22033004006,30.368975,-91.088669,9015,5946.0,5617.0,East Baton Rouge,22033,2
272,273,22033004009,30.362268,-91.036339,8964,5028.0,4651.0,East Baton Rouge,22033,2
273,274,22033004010,30.357004,-91.068764,4840,3043.0,2843.0,East Baton Rouge,22033,2
274,275,22033004011,30.363596,-91.151024,6819,2383.0,2059.0,East Baton Rouge,22033,2
275,276,22033004013,30.397589,-91.192444,3427,1320.0,1159.0,East Baton Rouge,22033,2
276,277,22033004014,30.36809,-91.202553,10439,4414.0,4067.0,East Baton Rouge,22033,2
277,278,22033004015,30.352209,-91.12381,7333,3711.0,3270.0,East Baton Rouge,22033,2
278,279,22033004016,30.332977,-91.083344,9628,5237.0,4924.0,East Baton Rouge,22033,2
279,280,22033004201,30.560066,-91.15313,6236,2771.0,2517.0,East Baton Rouge,22033,2
280,281,22033004203,30.580639,-91.187408,3149,1592.0,1433.0,East Baton Rouge,22033,2
281,282,22033004204,30.601757,-91.14122,3870,1659.0,1437.0,East Baton Rouge,22033,2
282,283,22033004205,30.580978,-91.150795,5831,2817.0,2520.0,East Baton Rouge,22033,2
283,284,22033004301,30.59152,-91.077721,6077,2916.0,2673.0,East Baton Rouge,22033,2
284,285,22033004302,30.588921,-91.021469,5742,2351.0,2172.0,East Baton Rouge,22033,2
285,286,22033004401,30.526163,-91.055031,4675,2524.0,2336.0,East Baton Rouge,22033,2
286,287,22033004402,30.545124,-91.003021,7003,2511.0,2295.0,East Baton Rouge,22033,2
287,288,22033004403,30.499783,-91.002655,6006,2911.0,2702.0,East Baton Rouge,22033,2
288,289,22033004503,30.467737,-91.009445,5585,3242.0,2860.0,East Baton Rouge,22033,2
289,290,22033004504,30.451725,-91.00486,6806,3462.0,3169.0,East Baton Rouge,22033,2
290,291,22033004505,30.427904,-90.99366,7350,3877.0,3515.0,East Baton Rouge,22033,2
291,292,22033004507,30.404676,-91.00824,5635,3115.0,2884.0,East Baton Rouge,22033,2
292,293,22033004508,30.401297,-90.987671,8881,4964.0,4625.0,East Baton Rouge,22033,2
293,294,22033004509,30.374409,-91.01783,7100,3545.0,3209.0,East Baton Rouge,22033,2
294,295,22033004510,30.364948,-90.959328,8251,4345.0,4041.0,East Baton Rouge,22033,2
295,296,22033004602,30.665888,-91.126076,5721,2302.0,2046.0,East Baton Rouge,22033,2
296,297,22033004603,30.630585,-91.247131,4883,2634.0,2401.0,East Baton Rouge,22033,2
297,298,22033004604,30.665073,-91.176132,12730,6346.0,5882.0,East Baton Rouge,22033,2
298,299,22033004700,30.668171,-90.984505,6202,2305.0,2100.0,East Baton Rouge,22033,2
299,300,22033004800,30.400873,-91.164421,3631,2115.0,1937.0,East Baton Rouge,22033,2
300,301,22033004900,30.391407,-91.141487,4396,3124.0,2940.0,East Baton Rouge,22033,2
301,302,22033005000,30.381561,-91.124512,3230,2267.0,2166.0,East Baton Rouge,22033,2
302,303,22033005100,30.461124,-91.183403,3076,1704.0,1531.0,East Baton Rouge,22033,2
303,304,22033005200,30.439175,-91.187172,1991,914.0,792.0,East Baton Rouge,22033,2
304,305,22033005300,30.448996,-91.173485,2915,1508.0,1277.0,East Baton Rouge,22033,2
305,306,22033980000,30.533039,-91.150833,0,,,East Baton Rouge,22033,2
306,307,22035000100,32.894337,-91.208946,1514,1025.0,950.0,East Carroll,22035,8
307,308,22035000200,32.655548,-91.247856,3645,513.0,473.0,East Carroll,22035,8
308,309,22035000300,32.79599,-91.197029,2066,768.0,716.0,East Carroll,22035,8
309,310,22037951300,30.943905,-91.003357,2468,1114.0,1012.0,East Feliciana,22037,2
310,311,22037951400,30.87307,-91.147621,3597,1570.0,1432.0,East Feliciana,22037,2
311,312,22037951501,30.710186,-91.256187,1158,541.0,501.0,East Feliciana,22037,2
312,313,22037951502,30.777649,-91.139305,7681,3025.0,2799.0,East Feliciana,22037,2
313,314,22037951600,30.795166,-90.94265,4595,2024.0,1846.0,East Feliciana,22037,2
314,315,22039950100,30.844084,-92.333069,6268,1512.0,1381.0,Evangeline,22039,4
315,316,22039950200,30.805613,-92.507515,1706,397.0,342.0,Evangeline,22039,4
316,317,22039950300,30.583958,-92.511414,5058,2056.0,1909.0,Evangeline,22039,4
317,318,22039950400,30.663076,-92.376633,6363,2243.0,1990.0,Evangeline,22039,4
318,319,22039950500,30.703463,-92.294624,3340,1320.0,1199.0,Evangeline,22039,4
319,320,22039950600,30.698044,-92.272705,3505,1504.0,1352.0,Evangeline,22039,4
320,321,22039950700,30.721478,-92.222588,3612,1610.0,1498.0,Evangeline,22039,4
321,322,22039950800,30.598137,-92.307869,3784,1683.0,1545.0,Evangeline,22039,4
322,323,22041950100,32.309574,-91.618263,3783,1164.0,1083.0,Franklin,22041,8
323,324,22041950200,32.152985,-91.734459,4446,1555.0,1429.0,Franklin,22041,8
324,325,22041950300,32.171368,-91.73378,5397,1915.0,1716.0,Franklin,22041,8
325,326,22041950400,32.068855,-91.591507,2887,766.0,706.0,Franklin,22041,8
326,327,22041950500,32.036362,-91.826775,1555,457.0,417.0,Franklin,22041,8
327,328,22041950600,31.948229,-91.711632,2254,626.0,563.0,Franklin,22041,8
328,329,22043020100,31.682957,-92.496262,2977,602.0,554.0,Grant,22043,6
329,330,22043020200,31.643463,-92.775787,2569,812.0,755.0,Grant,22043,6
330,331,22043020300,31.460533,-92.647171,3412,1108.0,1025.0,Grant,22043,6
331,332,22043020401,31.531841,-92.464233,5424,1672.0,1489.0,Grant,22043,6
332,333,22043020402,31.460585,-92.455727,7966,1689.0,1532.0,Grant,22043,6
333,334,22045030100,29.998657,-91.482964,6623,2813.0,2543.0,Iberia,22045,4
334,335,22045030200,30.052542,-91.711098,6434,2159.0,1935.0,Iberia,22045,4
335,336,22045030301,30.042892,-91.883492,3981,1493.0,1353.0,Iberia,22045,4
336,337,22045030302,29.953611,-91.95015,5865,2063.0,1839.0,Iberia,22045,4
337,338,22045030400,29.926826,-91.880775,7452,2741.0,2408.0,Iberia,22045,4
338,339,22045030500,30.028479,-91.822189,4231,1710.0,1543.0,Iberia,22045,4
339,340,22045030600,30.014372,-91.780663,6994,2728.0,2534.0,Iberia,22045,4
340,341,22045030700,30.010818,-91.806816,3851,1588.0,1439.0,Iberia,22045,4
341,342,22045030800,30.010611,-91.83371,2086,881.0,768.0,Iberia,22045,4
342,343,22045030900,30.000767,-91.836365,3294,1163.0,1012.0,Iberia,22045,4
343,344,22045031000,29.998486,-91.820488,3494,1233.0,1099.0,Iberia,22045,4
344,345,22045031100,29.993586,-91.806816,4750,2208.0,1962.0,Iberia,22045,4
345,346,22045031200,29.989058,-91.832909,3262,1683.0,1522.0,Iberia,22045,4
346,347,22045031300,29.915251,-91.798683,6381,2310.0,2102.0,Iberia,22045,4
347,348,22045031600,29.641121,-91.836731,3993,1579.0,1441.0,Iberia,22045,4
348,349,22045990000,29.438223,-91.777626,0,,,Iberia,22045,4
349,350,22047952600,30.444065,-91.555519,2896,1084.0,992.0,Iberville,22047,2
350,351,22047952700,30.314095,-91.440735,5626,2877.0,2656.0,Iberville,22047,2
351,352,22047952900,30.170807,-91.313103,5565,2549.0,2267.0,Iberville,22047,2
352,353,22047953000,30.106497,-91.176926,2400,1126.0,1021.0,Iberville,22047,2
353,354,22047953101,30.269615,-91.240234,6050,2887.0,2606.0,Iberville,22047,2
354,355,22047953102,30.263281,-91.17469,2156,1101.0,997.0,Iberville,22047,2
355,356,22047953200,30.267565,-91.111969,8263,3166.0,2909.0,Iberville,22047,2
356,357,22049970100,32.329853,-92.449554,2614,910.0,825.0,Jackson,22049,8
357,358,22049970200,32.369179,-92.700668,3660,991.0,920.0,Jackson,22049,8
358,359,22049970300,32.229839,-92.603348,4580,2629.0,2497.0,Jackson,22049,8
359,360,22049970400,32.232765,-92.677589,3348,1158.0,1049.0,Jackson,22049,8
360,361,22049970500,32.256409,-92.724785,1724,575.0,542.0,Jackson,22049,8
361,362,22051020101,30.01824,-90.128326,2910,1831.0,1667.0,Jefferson,22051,1
362,363,22051020102,30.016607,-90.145126,3053,2235.0,2087.0,Jefferson,22051,1
363,364,22051020201,30.011518,-90.155869,2715,1420.0,1278.0,Jefferson,22051,1
364,365,22051020202,30.009291,-90.162514,3589,1829.0,1572.0,Jefferson,22051,1
365,366,22051020203,30.014397,-90.171021,8210,4952.0,4608.0,Jefferson,22051,1
366,367,22051020301,30.025757,-90.210411,3344,2354.0,2178.0,Jefferson,22051,1
367,368,22051020302,30.021921,-90.192406,5855,3972.0,3652.0,Jefferson,22051,1
368,369,22051020303,30.013903,-90.200432,3511,3923.0,3696.0,Jefferson,22051,1
369,370,22051020400,30.024376,-90.219902,3078,2190.0,2056.0,Jefferson,22051,1
370,371,22051020502,30.027018,-90.242538,5997,3901.0,3424.0,Jefferson,22051,1
371,372,22051020505,30.010691,-90.255341,1921,1066.0,906.0,Jefferson,22051,1
372,373,22051020506,30.013027,-90.233727,4647,2839.0,2544.0,Jefferson,22051,1
373,374,22051020507,30.017056,-90.255699,4561,2707.0,2466.0,Jefferson,22051,1
374,375,22051020508,30.03319,-90.270668,7980,5067.0,4581.0,Jefferson,22051,1
375,376,22051020511,30.035908,-90.254738,3906,2673.0,2430.0,Jefferson,22051,1
376,377,22051020512,30.026726,-90.254868,2320,1893.0,1758.0,Jefferson,22051,1
377,378,22051020513,30.029955,-90.235168,5120,2882.0,2579.0,Jefferson,22051,1
378,379,22051020514,30.029909,-90.22776,3779,2679.0,2498.0,Jefferson,22051,1
379,380,22051020515,30.017031,-90.274513,3108,2037.0,1842.0,Jefferson,22051,1
380,381,22051020516,30.01334,-90.268532,4553,2792.0,2398.0,Jefferson,22051,1
381,382,22051020517,30.044947,-90.262253,3801,2981.0,2765.0,Jefferson,22051,1
382,383,22051020600,30.003185,-90.262314,5045,2356.0,1882.0,Jefferson,22051,1
383,384,22051020700,29.981686,-90.266159,929,709.0,590.0,Jefferson,22051,1
384,385,22051021000,29.985098,-90.242455,2565,1373.0,1237.0,Jefferson,22051,1
385,386,22051021100,29.993893,-90.239449,2187,1262.0,1104.0,Jefferson,22051,1
386,387,22051021200,30.001942,-90.237434,2769,1692.0,1477.0,Jefferson,22051,1
387,388,22051021300,30.004953,-90.225403,3264,1865.0,1712.0,Jefferson,22051,1
388,389,22051021400,30.015322,-90.218063,2216,1406.0,1297.0,Jefferson,22051,1
389,390,22051021500,30.008436,-90.216118,3194,1509.0,1308.0,Jefferson,22051,1
390,391,22051021600,29.999264,-90.206436,6036,3881.0,3394.0,Jefferson,22051,1
391,392,22051021700,30.006556,-90.198204,5853,3475.0,3184.0,Jefferson,22051,1
392,393,22051021801,30.009253,-90.184402,2333,1744.0,1581.0,Jefferson,22051,1
393,394,22051021803,29.996231,-90.179672,5218,2243.0,1891.0,Jefferson,22051,1
394,395,22051021804,30.001692,-90.180794,2097,1005.0,839.0,Jefferson,22051,1
395,396,22051021900,30.001049,-90.168343,1769,1138.0,1013.0,Jefferson,22051,1
396,397,22051022001,29.997316,-90.162201,5166,2627.0,2306.0,Jefferson,22051,1
397,398,22051022002,29.987564,-90.166786,2511,1767.0,1647.0,Jefferson,22051,1
398,399,22051022101,30.008081,-90.147804,1422,992.0,942.0,Jefferson,22051,1
399,400,22051022102,29.997246,-90.150742,2222,1718.0,1593.0,Jefferson,22051,1
400,401,22051022200,30.006435,-90.139091,2518,1578.0,1467.0,Jefferson,22051,1
401,402,22051022301,30.007494,-90.130096,2859,1931.0,1786.0,Jefferson,22051,1
402,403,22051022302,29.997202,-90.128227,1695,1167.0,1076.0,Jefferson,22051,1
403,404,22051022303,30.006662,-90.124268,2998,1689.0,1465.0,Jefferson,22051,1
404,405,22051022400,29.992752,-90.132729,3367,2415.0,2254.0,Jefferson,22051,1
405,406,22051022500,29.993881,-90.142387,2959,1978.0,1833.0,Jefferson,22051,1
406,407,22051022600,29.982449,-90.14373,2941,2377.0,2209.0,Jefferson,22051,1
407,408,22051022700,29.985874,-90.152092,2849,1888.0,1756.0,Jefferson,22051,1
408,409,22051022800,29.984287,-90.159431,3149,1942.0,1762.0,Jefferson,22051,1
409,410,22051022900,29.978664,-90.169731,2727,1791.0,1628.0,Jefferson,22051,1
410,411,22051023001,29.98801,-90.173798,1887,1309.0,1218.0,Jefferson,22051,1
411,412,22051023002,29.988644,-90.1838,4948,2964.0,2747.0,Jefferson,22051,1
412,413,22051023003,29.98909,-90.195541,2799,1898.0,1762.0,Jefferson,22051,1
413,414,22051023100,29.979504,-90.183746,2566,1374.0,1228.0,Jefferson,22051,1
414,415,22051023200,29.98065,-90.201347,2730,1633.0,1485.0,Jefferson,22051,1
415,416,22051023300,29.986673,-90.206436,1841,1141.0,1043.0,Jefferson,22051,1
416,417,22051023400,29.992193,-90.209969,3381,2166.0,1997.0,Jefferson,22051,1
417,418,22051023500,29.991446,-90.224594,4229,2861.0,2641.0,Jefferson,22051,1
418,419,22051023600,29.98263,-90.224495,4573,2902.0,2597.0,Jefferson,22051,1
419,420,22051023700,29.976604,-90.223541,1889,1399.0,1242.0,Jefferson,22051,1
420,421,22051023800,29.968927,-90.231125,3863,2173.0,1940.0,Jefferson,22051,1
421,422,22051023901,29.95175,-90.209129,2448,1592.0,1470.0,Jefferson,22051,1
422,423,22051023902,29.961313,-90.212669,2057,1668.0,1560.0,Jefferson,22051,1
423,424,22051023903,29.968439,-90.217812,2353,1605.0,1488.0,Jefferson,22051,1
424,425,22051023904,29.950478,-90.221191,2520,1690.0,1576.0,Jefferson,22051,1
425,426,22051024001,29.942041,-90.206665,2720,2401.0,2266.0,Jefferson,22051,1
426,427,22051024002,29.931324,-90.202835,2879,2203.0,2061.0,Jefferson,22051,1
427,428,22051024100,29.949228,-90.201439,3710,1963.0,1767.0,Jefferson,22051,1
428,429,22051024201,29.972286,-90.187904,2292,1469.0,1303.0,Jefferson,22051,1
429,430,22051024202,29.951736,-90.188698,3662,2960.0,2714.0,Jefferson,22051,1
430,431,22051024300,29.957157,-90.174698,2764,2036.0,1895.0,Jefferson,22051,1
431,432,22051024400,29.966593,-90.167458,3084,1647.0,1523.0,Jefferson,22051,1
432,433,22051024500,29.957222,-90.163437,1411,1065.0,985.0,Jefferson,22051,1
433,434,22051024600,29.968849,-90.15654,1186,892.0,791.0,Jefferson,22051,1
434,435,22051024700,29.962156,-90.151787,1461,1085.0,996.0,Jefferson,22051,1
435,436,22051024800,29.976398,-90.136131,3542,2853.0,2670.0,Jefferson,22051,1
436,437,22051024900,29.961002,-90.140007,1474,1123.0,1020.0,Jefferson,22051,1
437,438,22051025001,29.893606,-90.017326,7507,4303.0,3842.0,Jefferson,22051,1
438,439,22051025002,29.911621,-90.028366,3107,1995.0,1771.0,Jefferson,22051,1
439,440,22051025003,29.896254,-90.026573,4048,2648.0,2368.0,Jefferson,22051,1
440,441,22051025102,29.883461,-90.038879,3983,2821.0,2599.0,Jefferson,22051,1
441,442,22051025103,29.881346,-90.02697,3511,2520.0,2273.0,Jefferson,22051,1
442,443,22051025104,29.871946,-90.028656,4294,1967.0,1737.0,Jefferson,22051,1
443,444,22051025201,29.916708,-90.037788,2628,1303.0,1078.0,Jefferson,22051,1
444,445,22051025202,29.902809,-90.036453,6840,3467.0,3027.0,Jefferson,22051,1
445,446,22051025300,29.909321,-90.046394,2146,1410.0,1302.0,Jefferson,22051,1
446,447,22051025400,29.895601,-90.049103,4442,2412.0,2120.0,Jefferson,22051,1
447,448,22051025500,29.901543,-90.056244,2779,1547.0,1326.0,Jefferson,22051,1
448,449,22051025600,29.913322,-90.056473,1676,887.0,821.0,Jefferson,22051,1
449,450,22051025700,29.923531,-90.046471,1107,803.0,712.0,Jefferson,22051,1
450,451,22051025800,29.932695,-90.053177,1798,1034.0,924.0,Jefferson,22051,1
451,452,22051025900,29.919579,-90.061356,3835,1687.0,1569.0,Jefferson,22051,1
452,453,22051026000,29.908974,-90.074852,1830,1105.0,997.0,Jefferson,22051,1
453,454,22051026100,29.896412,-90.064392,4626,2600.0,2234.0,Jefferson,22051,1
454,455,22051026200,29.885607,-90.071518,1125,825.0,739.0,Jefferson,22051,1
455,456,22051026300,29.896881,-90.084076,2477,1423.0,1293.0,Jefferson,22051,1
456,457,22051026400,29.887705,-90.088272,1850,942.0,862.0,Jefferson,22051,1
457,458,22051026500,29.889133,-90.095253,2149,1447.0,1355.0,Jefferson,22051,1
458,459,22051026600,29.903456,-90.095634,1981,1161.0,1023.0,Jefferson,22051,1
459,460,22051026700,29.890495,-90.104012,1825,982.0,882.0,Jefferson,22051,1
460,461,22051026800,29.889683,-90.110786,2970,1523.0,1341.0,Jefferson,22051,1
461,462,22051026900,29.899796,-90.11631,3510,1875.0,1654.0,Jefferson,22051,1
462,463,22051027000,29.892519,-90.12635,5478,3711.0,3382.0,Jefferson,22051,1
463,464,22051027100,29.892086,-90.145988,3243,1638.0,1459.0,Jefferson,22051,1
464,465,22051027200,29.903336,-90.141632,4620,2536.0,2257.0,Jefferson,22051,1
465,466,22051027501,29.948288,-90.247337,6406,3595.0,3279.0,Jefferson,22051,1
466,467,22051027502,29.923651,-90.248093,3472,2088.0,1879.0,Jefferson,22051,1
467,468,22051027601,29.896814,-90.22599,5138,2807.0,2557.0,Jefferson,22051,1
468,469,22051027602,29.870932,-90.187469,3221,1917.0,1676.0,Jefferson,22051,1
469,470,22051027701,29.865616,-90.142616,5736,3309.0,2935.0,Jefferson,22051,1
470,471,22051027703,29.855837,-90.11499,3615,2208.0,1925.0,Jefferson,22051,1
471,472,22051027803,29.881958,-90.05674,3415,1732.0,1511.0,Jefferson,22051,1
472,473,22051027804,29.860058,-90.037071,8095,5312.0,4905.0,Jefferson,22051,1
473,474,22051027805,29.856674,-90.055168,8607,5518.0,5010.0,Jefferson,22051,1
474,475,22051027806,29.868195,-90.105042,6130,3901.0,3572.0,Jefferson,22051,1
475,476,22051027807,29.864952,-90.091354,9293,6000.0,5564.0,Jefferson,22051,1
476,477,22051027809,29.808027,-90.09581,7297,4180.0,3715.0,Jefferson,22051,1
477,478,22051027810,29.858929,-90.082741,3980,2555.0,2325.0,Jefferson,22051,1
478,479,22051027811,29.861233,-90.076813,2975,2029.0,1825.0,Jefferson,22051,1
479,480,22051027812,29.827248,-90.072968,3503,2292.0,2019.0,Jefferson,22051,1
480,481,22051027901,29.721889,-90.135628,2759,1216.0,1069.0,Jefferson,22051,1
481,482,22051027902,29.489893,-90.045563,1938,849.0,729.0,Jefferson,22051,1
482,483,22051028000,29.787716,-90.14772,5183,2971.0,2673.0,Jefferson,22051,1
483,484,22051028100,29.973618,-90.258583,1722,1193.0,1052.0,Jefferson,22051,1
484,485,22051028200,29.929092,-90.160995,4345,2406.0,2097.0,Jefferson,22051,1
485,486,22051980000,29.991871,-90.261162,0,,,Jefferson,22051,1
486,487,22051990000,30.103882,-90.188644,0,,,Jefferson,22051,1
487,488,22051990100,29.189131,-89.980377,0,,,Jefferson,22051,1
488,489,22053000100,30.38271,-92.75132,5771,1655.0,1519.0,Jefferson Davis,22053,5
489,490,22053000200,30.245243,-92.935875,4803,1474.0,1323.0,Jefferson Davis,22053,5
490,491,22053000300,30.252111,-92.809662,5018,1616.0,1472.0,Jefferson Davis,22053,5
491,492,22053000400,30.142172,-92.708282,5847,2030.0,1870.0,Jefferson Davis,22053,5
492,493,22053000500,30.23621,-92.657425,5136,1825.0,1665.0,Jefferson Davis,22053,5
493,494,22053000600,30.214239,-92.674843,2865,1037.0,932.0,Jefferson Davis,22053,5
494,495,22053000700,30.209497,-92.626877,2027,793.0,728.0,Jefferson Davis,22053,5
495,496,22055000100,30.224861,-92.019402,3157,1113.0,992.0,Lafayette,22055,4
496,497,22055000200,30.21999,-92.003365,2430,1093.0,984.0,Lafayette,22055,4
497,498,22055000500,30.215384,-92.034081,2883,1439.0,1333.0,Lafayette,22055,4
498,499,22055000602,30.226471,-92.044868,4695,2253.0,2085.0,Lafayette,22055,4
499,500,22055000603,30.221752,-92.06691,2610,1162.0,1076.0,Lafayette,22055,4
500,501,22055000604,30.209293,-92.062721,6501,3150.0,2902.0,Lafayette,22055,4
501,502,22055000700,30.239868,-92.052444,3365,1331.0,1174.0,Lafayette,22055,4
502,503,22055000800,30.236013,-92.025841,3328,1380.0,1234.0,Lafayette,22055,4
503,504,22055000900,30.247618,-92.029358,1858,799.0,710.0,Lafayette,22055,4
504,505,22055001001,30.271606,-92.043289,5395,2479.0,2242.0,Lafayette,22055,4
505,506,22055001002,30.280369,-92.014297,3954,1580.0,1441.0,Lafayette,22055,4
506,507,22055001003,30.281834,-91.984116,3796,2089.0,1922.0,Lafayette,22055,4
507,508,22055001100,30.247261,-92.014679,6083,2792.0,2463.0,Lafayette,22055,4
508,509,22055001200,30.253229,-91.984474,8004,3853.0,3512.0,Lafayette,22055,4
509,510,22055001300,30.226166,-91.971535,4837,2444.0,2204.0,Lafayette,22055,4
510,511,22055001401,30.147226,-92.084335,9258,4912.0,4517.0,Lafayette,22055,4
511,512,22055001402,30.105062,-92.056,8570,3836.0,3491.0,Lafayette,22055,4
512,513,22055001403,30.145487,-92.053108,5752,2942.0,2728.0,Lafayette,22055,4
513,514,22055001404,30.130621,-92.014641,9130,4522.0,4180.0,Lafayette,22055,4
514,515,22055001405,30.158821,-92.006805,9729,3902.0,3566.0,Lafayette,22055,4
515,516,22055001406,30.166412,-92.026596,5464,2873.0,2596.0,Lafayette,22055,4
516,517,22055001407,30.176092,-92.036224,6227,3685.0,3443.0,Lafayette,22055,4
517,518,22055001409,30.139545,-91.953995,10168,4856.0,4499.0,Lafayette,22055,4
518,519,22055001410,30.084978,-91.987602,16386,7165.0,6551.0,Lafayette,22055,4
519,520,22055001411,30.176208,-91.962379,2278,1254.0,1116.0,Lafayette,22055,4
520,521,22055001500,30.198532,-92.028328,5414,3165.0,2936.0,Lafayette,22055,4
521,522,22055001600,30.189037,-92.045357,3127,1887.0,1750.0,Lafayette,22055,4
522,523,22055001700,30.179276,-92.058662,7710,3415.0,3196.0,Lafayette,22055,4
523,524,22055001801,30.190075,-92.069267,3194,1510.0,1388.0,Lafayette,22055,4
524,525,22055001802,30.203844,-92.054718,3878,1803.0,1665.0,Lafayette,22055,4
525,526,22055001901,30.181484,-92.195442,7197,2549.0,2300.0,Lafayette,22055,4
526,527,22055001902,30.223185,-92.108292,6751,2825.0,2585.0,Lafayette,22055,4
527,528,22055001903,30.19636,-92.117058,6217,2289.0,2046.0,Lafayette,22055,4
528,529,22055001904,30.195883,-92.083611,4230,2302.0,2132.0,Lafayette,22055,4
529,530,22055001905,30.154198,-92.117813,6372,2794.0,2509.0,Lafayette,22055,4
530,531,22055002001,30.263731,-92.137436,5477,1888.0,1726.0,Lafayette,22055,4
531,532,22055002002,30.265764,-92.084709,6926,2490.0,2256.0,Lafayette,22055,4
532,533,22055002101,30.309441,-92.088753,6233,2344.0,2121.0,Lafayette,22055,4
533,534,22055002102,30.342628,-92.063538,4456,1943.0,1787.0,Lafayette,22055,4
534,535,22055002103,30.309156,-92.028542,4941,2151.0,1980.0,Lafayette,22055,4
535,536,22055002104,30.335007,-91.99588,5703,2703.0,2502.0,Lafayette,22055,4
536,537,22055002200,30.209131,-92.020668,6407,2228.0,2053.0,Lafayette,22055,4
537,538,22055980000,30.204073,-91.991699,0,,,Lafayette,22055,4
538,539,22057020100,29.792492,-90.82811,2800,1477.0,1335.0,Lafourche,22057,3
539,540,22057020202,29.772255,-90.790276,3955,2184.0,2047.0,Lafourche,22057,3
540,541,22057020400,29.784882,-90.815926,2301,1098.0,979.0,Lafourche,22057,3
541,542,22057020500,29.777962,-90.842194,6727,3475.0,3210.0,Lafourche,22057,3
542,543,22057020600,29.795671,-90.843506,2354,1149.0,1068.0,Lafourche,22057,3
543,544,22057020702,29.763887,-90.915871,3705,1314.0,1185.0,Lafourche,22057,3
544,545,22057020703,29.807348,-90.811729,5433,2909.0,2690.0,Lafourche,22057,3
545,546,22057020704,29.859446,-90.83223,5801,2413.0,2198.0,Lafourche,22057,3
546,547,22057020800,29.833639,-90.696205,3425,1758.0,1587.0,Lafourche,22057,3
547,548,22057020900,29.74744,-90.664207,2064,875.0,782.0,Lafourche,22057,3
548,549,22057021000,29.730391,-90.483582,3314,1181.0,1077.0,Lafourche,22057,3
549,550,22057021100,29.407885,-90.183723,6652,2997.0,2633.0,Lafourche,22057,3
550,551,22057021200,29.256451,-90.328323,4534,1915.0,1680.0,Lafourche,22057,3
551,552,22057021300,29.386965,-90.279091,2408,809.0,732.0,Lafourche,22057,3
552,553,22057021400,29.517986,-90.363213,4067,1986.0,1785.0,Lafourche,22057,3
553,554,22057021500,29.571495,-90.37603,5360,1715.0,1534.0,Lafourche,22057,3
554,555,22057021601,29.646149,-90.606857,7550,3131.0,2845.0,Lafourche,22057,3
555,556,22057021602,29.542297,-90.488037,3516,1523.0,1390.0,Lafourche,22057,3
556,557,22057021700,29.634012,-90.541763,3920,1649.0,1467.0,Lafourche,22057,3
557,558,22057021800,29.712467,-90.596664,4973,2106.0,1905.0,Lafourche,22057,3
558,559,22057021901,29.69656,-90.734863,6235,2153.0,1878.0,Lafourche,22057,3
559,560,22057021902,29.71875,-90.69458,4834,1777.0,1616.0,Lafourche,22057,3
560,561,22057022000,29.790735,-90.807747,2286,1067.0,938.0,Lafourche,22057,3
561,562,22057990000,29.060118,-90.238586,0,,,Lafourche,22057,3
562,563,22059970100,31.850397,-92.144318,4884,611.0,541.0,La Salle,22059,6
563,564,22059970200,31.71402,-92.136887,6081,966.0,857.0,La Salle,22059,6
564,565,22059970300,31.599873,-92.169533,3984,878.0,799.0,La Salle,22059,6
565,566,22061960100,32.687462,-92.676155,3985,1622.0,1480.0,Lincoln,22061,8
566,567,22061960200,32.576309,-92.798531,4158,1621.0,1444.0,Lincoln,22061,8
567,568,22061960300,32.543125,-92.707001,5382,1379.0,1218.0,Lincoln,22061,8
568,569,22061960400,32.54961,-92.656235,5434,2181.0,1975.0,Lincoln,22061,8
569,570,22061960500,32.557133,-92.624657,4330,2188.0,1984.0,Lincoln,22061,8
570,571,22061960600,32.534966,-92.582161,4968,2084.0,1850.0,Lincoln,22061,8
571,572,22061960700,32.596012,-92.505615,6342,2700.0,2458.0,Lincoln,22061,8
572,573,22061960800,32.488449,-92.632904,3734,1380.0,1232.0,Lincoln,22061,8
573,574,22061960900,32.520542,-92.634659,2453,1063.0,922.0,Lincoln,22061,8
574,575,22061961000,32.487381,-92.68483,6570,1805.0,1598.0,Lincoln,22061,8
575,576,22063040100,30.551601,-90.615707,8969,3025.0,2668.0,Livingston,22063,9
576,577,22063040201,30.523153,-90.791351,7230,2091.0,1862.0,Livingston,22063,9
577,578,22063040202,30.565611,-90.720718,4609,1439.0,1261.0,Livingston,22063,9
578,579,22063040301,30.606653,-90.908981,9868,3532.0,3197.0,Livingston,22063,9
579,580,22063040303,30.56909,-90.935249,10953,3712.0,3369.0,Livingston,22063,9
580,581,22063040304,30.560184,-90.884033,5570,1897.0,1692.0,Livingston,22063,9
581,582,22063040401,30.498035,-90.887123,7553,2404.0,2135.0,Livingston,22063,9
582,583,22063040402,30.503599,-90.843422,8056,3096.0,2782.0,Livingston,22063,9
583,584,22063040500,30.505472,-90.931831,12250,4610.0,4150.0,Livingston,22063,9
584,585,22063040600,30.486511,-90.94545,9292,3673.0,3316.0,Livingston,22063,9
585,586,22063040700,30.471571,-90.968979,3625,1634.0,1450.0,Livingston,22063,9
586,587,22063040802,30.335218,-90.77552,6271,2162.0,1947.0,Livingston,22063,9
587,588,22063040804,30.43272,-90.848061,18524,6554.0,5861.0,Livingston,22063,9
588,589,22063040805,30.447025,-90.933311,5253,2090.0,1864.0,Livingston,22063,9
589,590,22063040806,30.390228,-90.913445,7737,2950.0,2652.0,Livingston,22063,9
590,591,22063040901,30.407013,-90.627251,6577,2586.0,2326.0,Livingston,22063,9
591,592,22063040902,30.280678,-90.610039,5774,2216.0,2004.0,Livingston,22063,9
592,593,22065960100,32.358051,-91.056396,1657,600.0,539.0,Madison,22065,8
593,594,22065960200,32.366924,-91.326515,3081,720.0,657.0,Madison,22065,8
594,595,22065960300,32.418167,-91.193474,2498,737.0,635.0,Madison,22065,8
595,596,22065960400,32.414349,-91.178856,1728,534.0,475.0,Madison,22065,8
596,597,22065960500,32.396828,-91.191475,2508,1219.0,1097.0,Madison,22065,8
597,598,22067950100,32.904449,-91.661018,1455,561.0,497.0,Morehouse,22067,8
598,599,22067950200,32.910084,-91.881134,5230,2165.0,1913.0,Morehouse,22067,8
599,600,22067950300,32.85741,-92.001823,2479,1077.0,955.0,Morehouse,22067,8
600,601,22067950400,32.784256,-91.928368,3481,1126.0,971.0,Morehouse,22067,8
601,602,22067950500,32.779964,-91.902802,4026,1698.0,1475.0,Morehouse,22067,8
602,603,22067950600,32.679615,-91.752037,2624,1036.0,935.0,Morehouse,22067,8
603,604,22067950700,32.668705,-91.893532,2778,1196.0,1073.0,Morehouse,22067,8
604,605,22067950800,32.765427,-91.932037,3919,1458.0,1267.0,Morehouse,22067,8
605,606,22069000100,31.99398,-93.010086,1755,646.0,592.0,Natchitoches,22069,7
606,607,22069000200,31.912998,-93.112389,3781,906.0,816.0,Natchitoches,22069,7
607,608,22069000300,31.818136,-93.288742,4656,1740.0,1622.0,Natchitoches,22069,7
608,609,22069000400,31.802652,-93.083763,3500,1439.0,1308.0,Natchitoches,22069,7
609,610,22069000500,31.76343,-93.075073,4386,2457.0,2260.0,Natchitoches,22069,7
610,611,22069000600,31.748705,-93.059067,7930,2505.0,2278.0,Natchitoches,22069,7
611,612,22069000700,31.759239,-93.095131,3711,1395.0,1248.0,Natchitoches,22069,7
612,613,22069000800,31.615095,-93.193314,4069,1468.0,1353.0,Natchitoches,22069,7
613,614,22069000900,31.508558,-92.977577,5175,1881.0,1718.0,Natchitoches,22069,7
614,615,22071000100,29.953106,-90.052071,2735,1518.0,1421.0,Orleans,22071,1
615,616,22071000200,29.945894,-90.052353,1704,667.0,578.0,Orleans,22071,1
616,617,22071000300,29.94095,-90.048988,1263,663.0,585.0,Orleans,22071,1
617,618,22071000400,29.946333,-90.04248,1942,1276.0,1128.0,Orleans,22071,1
618,619,22071000601,29.932783,-90.040955,816,464.0,400.0,Orleans,22071,1
619,620,22071000602,29.937494,-90.033455,2328,1396.0,1217.0,Orleans,22071,1
620,621,22071000603,29.930067,-90.025528,936,706.0,575.0,Orleans,22071,1
621,622,22071000604,29.932632,-90.019966,4163,2069.0,1791.0,Orleans,22071,1
622,623,22071000605,29.947245,-90.026558,2297,1063.0,931.0,Orleans,22071,1
623,624,22071000606,29.934513,-90.008972,4523,2953.0,2743.0,Orleans,22071,1
624,625,22071000607,29.928417,-89.994919,4733,2520.0,2325.0,Orleans,22071,1
625,626,22071000611,29.918962,-89.977852,5144,2120.0,1867.0,Orleans,22071,1
626,627,22071000612,29.901453,-89.935356,1834,1437.0,1359.0,Orleans,22071,1
627,628,22071000613,29.920586,-90.025597,4906,2440.0,2136.0,Orleans,22071,1
628,629,22071000615,29.919991,-90.007034,4313,1441.0,1262.0,Orleans,22071,1
629,630,22071000616,29.915421,-89.993736,4392,2764.0,2520.0,Orleans,22071,1
630,631,22071000617,29.89855,-89.993027,5366,1711.0,1502.0,Orleans,22071,1
631,632,22071000618,29.906885,-90.006142,4392,2501.0,2323.0,Orleans,22071,1
632,633,22071000701,29.971428,-90.021645,907,620.0,539.0,Orleans,22071,1
633,634,22071000702,29.954519,-90.01725,1877,1017.0,911.0,Orleans,22071,1
634,635,22071000800,29.959587,-90.019875,1752,965.0,845.0,Orleans,22071,1
635,636,22071000901,29.966883,-90.00499,901,526.0,454.0,Orleans,22071,1
636,637,22071000902,29.974344,-90.010941,555,,,Orleans,22071,1
637,638,22071000903,29.968637,-90.01329,700,,,Orleans,22071,1
638,639,22071000904,29.96364,-90.015259,1315,582.0,504.0,Orleans,22071,1
639,640,22071001100,29.966717,-90.030518,1808,1371.0,1226.0,Orleans,22071,1
640,641,22071001200,29.962652,-90.046555,1701,1339.0,1214.0,Orleans,22071,1
641,642,22071001301,29.96924,-90.041252,1936,1377.0,1250.0,Orleans,22071,1
642,643,22071001302,29.969738,-90.03447,1128,853.0,748.0,Orleans,22071,1
643,644,22071001401,29.980516,-90.037468,1420,946.0,811.0,Orleans,22071,1
644,645,22071001402,29.974707,-90.036812,1969,1323.0,1162.0,Orleans,22071,1
645,646,22071001500,29.975943,-90.045738,908,670.0,570.0,Orleans,22071,1
646,647,22071001600,29.981749,-90.032219,0,,,Orleans,22071,1
647,648,22071001701,30.022215,-90.039528,2255,1254.0,1120.0,Orleans,22071,1
648,649,22071001702,30.009939,-90.037682,3544,2028.0,1838.0,Orleans,22071,1
649,650,22071001720,30.020267,-90.022911,3214,2196.0,1873.0,Orleans,22071,1
650,651,22071001722,30.017113,-90.001381,4265,2987.0,2627.0,Orleans,22071,1
651,652,22071001723,30.020571,-89.979256,4567,3054.0,2748.0,Orleans,22071,1
652,653,22071001724,30.041456,-90.023293,5476,2787.0,2482.0,Orleans,22071,1
653,654,22071001725,30.043442,-89.995995,6949,3819.0,3429.0,Orleans,22071,1
654,655,22071001730,30.087816,-89.898293,1161,541.0,483.0,Orleans,22071,1
655,656,22071001734,30.105495,-89.752693,920,506.0,471.0,Orleans,22071,1
656,657,22071001735,30.024696,-90.002083,2567,1273.0,1087.0,Orleans,22071,1
657,658,22071001736,30.029591,-89.981094,2015,1045.0,917.0,Orleans,22071,1
658,659,22071001737,30.051203,-89.978218,3478,1681.0,1440.0,Orleans,22071,1
659,660,22071001739,30.043158,-89.972786,2009,1172.0,1066.0,Orleans,22071,1
660,661,22071001740,30.055685,-89.953033,5057,2564.0,2284.0,Orleans,22071,1
661,662,22071001741,30.03697,-89.934822,1611,1003.0,923.0,Orleans,22071,1
662,663,22071001743,30.030151,-90.004013,2482,1073.0,925.0,Orleans,22071,1
663,664,22071001744,30.036488,-89.986664,5037,1996.0,1672.0,Orleans,22071,1
664,665,22071001745,30.058435,-89.965881,3619,2017.0,1820.0,Orleans,22071,1
665,666,22071001746,30.069122,-89.951454,4000,2565.0,2249.0,Orleans,22071,1
666,667,22071001747,30.040106,-89.953926,4474,2806.0,2659.0,Orleans,22071,1
667,668,22071001748,30.025427,-89.955399,4524,2558.0,2311.0,Orleans,22071,1
668,669,22071001749,30.041824,-89.923592,3327,1629.0,1460.0,Orleans,22071,1
669,670,22071001750,30.037693,-89.916924,3286,2207.0,1953.0,Orleans,22071,1
670,671,22071001751,30.030136,-89.91082,725,,,Orleans,22071,1
671,672,22071001800,29.964647,-90.053963,1487,1078.0,1000.0,Orleans,22071,1
672,673,22071001900,29.971493,-90.053352,1409,1129.0,993.0,Orleans,22071,1
673,674,22071002000,29.975969,-90.052834,1262,980.0,836.0,Orleans,22071,1
674,675,22071002100,29.980543,-90.054726,1263,662.0,563.0,Orleans,22071,1
675,676,22071002200,29.981451,-90.04924,1656,766.0,651.0,Orleans,22071,1
676,677,22071002300,29.988281,-90.05661,2195,1256.0,1111.0,Orleans,22071,1
677,678,22071002401,29.995186,-90.055351,2173,1173.0,1080.0,Orleans,22071,1
678,679,22071002402,29.998631,-90.049896,3167,1918.0,1707.0,Orleans,22071,1
679,680,22071002501,30.019283,-90.057457,2229,1374.0,1252.0,Orleans,22071,1
680,681,22071002502,30.019869,-90.050529,2422,1481.0,1325.0,Orleans,22071,1
681,682,22071002503,30.007288,-90.05687,2235,1323.0,1238.0,Orleans,22071,1
682,683,22071002504,30.008108,-90.049881,2862,1530.0,1428.0,Orleans,22071,1
683,684,22071002600,29.965612,-90.05925,1681,940.0,848.0,Orleans,22071,1
684,685,22071002700,29.970749,-90.060776,1358,877.0,756.0,Orleans,22071,1
685,686,22071002800,29.979029,-90.067001,1642,898.0,757.0,Orleans,22071,1
686,687,22071002900,29.975758,-90.060989,1014,757.0,643.0,Orleans,22071,1
687,688,22071003000,29.98101,-90.06147,1018,669.0,561.0,Orleans,22071,1
688,689,22071003100,29.984827,-90.065376,1457,835.0,732.0,Orleans,22071,1
689,690,22071003301,30.016216,-90.077354,2149,1891.0,1800.0,Orleans,22071,1
690,691,22071003302,30.005991,-90.078011,3287,2381.0,2183.0,Orleans,22071,1
691,692,22071003303,30.020338,-90.065811,2495,1318.0,1183.0,Orleans,22071,1
692,693,22071003304,30.012247,-90.0653,2580,1340.0,1197.0,Orleans,22071,1
693,694,22071003307,29.99737,-90.071121,1506,897.0,822.0,Orleans,22071,1
694,695,22071003308,29.999258,-90.064209,3450,2318.0,2117.0,Orleans,22071,1
695,696,22071003400,29.970659,-90.066704,1431,862.0,761.0,Orleans,22071,1
696,697,22071003500,29.975082,-90.070786,1290,961.0,861.0,Orleans,22071,1
697,698,22071003600,29.978109,-90.073616,1435,1029.0,918.0,Orleans,22071,1
698,699,22071003701,29.988604,-90.081879,1936,1325.0,1227.0,Orleans,22071,1
699,700,22071003702,29.983171,-90.07782,3485,2436.0,2219.0,Orleans,22071,1
700,701,22071003800,29.961128,-90.059982,1246,983.0,900.0,Orleans,22071,1
701,702,22071003900,29.964121,-90.06916,1138,902.0,798.0,Orleans,22071,1
702,703,22071004000,29.971153,-90.07457,1936,1295.0,1175.0,Orleans,22071,1
703,704,22071004100,29.977999,-90.084221,1516,1065.0,1002.0,Orleans,22071,1
704,705,22071004401,29.968704,-90.077843,1111,1048.0,924.0,Orleans,22071,1
705,706,22071004402,29.965729,-90.07766,399,,,Orleans,22071,1
706,707,22071004500,29.973392,-90.086494,2612,1656.0,1519.0,Orleans,22071,1
707,708,22071004600,29.980967,-90.095024,2896,1988.0,1859.0,Orleans,22071,1
708,709,22071004800,29.959661,-90.073723,231,,,Orleans,22071,1
709,710,22071004900,29.962566,-90.082222,1602,1235.0,1042.0,Orleans,22071,1
710,711,22071005000,29.971533,-90.092636,1053,1343.0,1175.0,Orleans,22071,1
711,712,22071005400,29.978811,-90.101311,1742,1328.0,1223.0,Orleans,22071,1
712,713,22071005500,29.988907,-90.109566,2849,1960.0,1843.0,Orleans,22071,1
713,714,22071005601,30.012655,-90.111275,2441,1884.0,1751.0,Orleans,22071,1
714,715,22071005602,30.011877,-90.103432,2639,2130.0,1965.0,Orleans,22071,1
715,716,22071005603,30.000532,-90.112389,1690,1154.0,1088.0,Orleans,22071,1
716,717,22071005604,29.999033,-90.104935,1516,1287.0,1218.0,Orleans,22071,1
717,718,22071006000,29.956926,-90.08699,2468,1217.0,1038.0,Orleans,22071,1
718,719,22071006300,29.965935,-90.092133,1678,1286.0,1108.0,Orleans,22071,1
719,720,22071006400,29.969988,-90.099625,2233,1816.0,1647.0,Orleans,22071,1
720,721,22071006500,29.975622,-90.107628,2762,1835.0,1676.0,Orleans,22071,1
721,722,22071006900,29.951838,-90.091599,1025,665.0,546.0,Orleans,22071,1
722,723,22071007000,29.959421,-90.10157,2153,529.0,461.0,Orleans,22071,1
723,724,22071007101,29.965645,-90.100746,2861,1304.0,1170.0,Orleans,22071,1
724,725,22071007200,29.961271,-90.110413,2960,1278.0,1107.0,Orleans,22071,1
725,726,22071007501,29.969328,-90.123825,2719,1343.0,1180.0,Orleans,22071,1
726,727,22071007502,29.965298,-90.120392,3591,1654.0,1445.0,Orleans,22071,1
727,728,22071007604,29.986111,-90.119476,1900,1393.0,1307.0,Orleans,22071,1
728,729,22071007605,29.971674,-90.113075,1419,877.0,753.0,Orleans,22071,1
729,730,22071007606,30.015873,-90.118034,3948,2935.0,2716.0,Orleans,22071,1
730,731,22071007700,29.935223,-90.065308,2302,2070.0,1817.0,Orleans,22071,1
731,732,22071007800,29.935143,-90.072624,1176,914.0,826.0,Orleans,22071,1
732,733,22071008200,29.932535,-90.076538,1464,1121.0,1045.0,Orleans,22071,1
733,734,22071008300,29.929125,-90.078232,1102,964.0,892.0,Orleans,22071,1
734,735,22071008400,29.93586,-90.081329,1057,968.0,823.0,Orleans,22071,1
735,736,22071008500,29.939381,-90.084572,1014,702.0,597.0,Orleans,22071,1
736,737,22071008600,29.944818,-90.089668,1087,603.0,507.0,Orleans,22071,1
737,738,22071008800,29.924665,-90.079933,1782,1217.0,1122.0,Orleans,22071,1
738,739,22071009000,29.928101,-90.084877,2029,1384.0,1299.0,Orleans,22071,1
739,740,22071009100,29.932388,-90.087456,1766,1389.0,1259.0,Orleans,22071,1
740,741,22071009200,29.935877,-90.089615,1498,758.0,655.0,Orleans,22071,1
741,742,22071009400,29.947172,-90.096367,1554,723.0,591.0,Orleans,22071,1
742,743,22071009600,29.920259,-90.089813,1548,1708.0,1640.0,Orleans,22071,1
743,744,22071009700,29.919262,-90.097389,1326,1022.0,943.0,Orleans,22071,1
744,745,22071009900,29.924356,-90.095161,2673,2306.0,2137.0,Orleans,22071,1
745,746,22071010000,29.931276,-90.0942,1525,1096.0,961.0,Orleans,22071,1
746,747,22071010100,29.930435,-90.099442,1948,1522.0,1430.0,Orleans,22071,1
747,748,22071010200,29.937531,-90.099388,2125,1227.0,1085.0,Orleans,22071,1
748,749,22071010300,29.944748,-90.100754,3676,1721.0,1516.0,Orleans,22071,1
749,750,22071010600,29.918482,-90.111969,1553,1139.0,1057.0,Orleans,22071,1
750,751,22071010700,29.923296,-90.105324,1883,1388.0,1296.0,Orleans,22071,1
751,752,22071010800,29.923887,-90.111649,1418,1002.0,942.0,Orleans,22071,1
752,753,22071010900,29.930206,-90.107132,3142,2183.0,2031.0,Orleans,22071,1
753,754,22071011100,29.937031,-90.10701,1837,1271.0,1134.0,Orleans,22071,1
754,755,22071011200,29.943434,-90.106209,1573,1077.0,1001.0,Orleans,22071,1
755,756,22071011400,29.919327,-90.120079,1926,1456.0,1351.0,Orleans,22071,1
756,757,22071011500,29.92342,-90.124382,1289,1128.0,1064.0,Orleans,22071,1
757,758,22071011600,29.924006,-90.11734,1491,1136.0,1059.0,Orleans,22071,1
758,759,22071011700,29.931644,-90.117126,3082,2285.0,2141.0,Orleans,22071,1
759,760,22071011900,29.940092,-90.113548,1755,1421.0,1334.0,Orleans,22071,1
760,761,22071012000,29.926012,-90.130524,1387,1006.0,933.0,Orleans,22071,1
761,762,22071012101,29.946196,-90.117996,3185,1549.0,1438.0,Orleans,22071,1
762,763,22071012102,29.938997,-90.122215,4185,1816.0,1670.0,Orleans,22071,1
763,764,22071012200,29.948359,-90.112312,2339,1781.0,1672.0,Orleans,22071,1
764,765,22071012300,29.95067,-90.10556,2167,1317.0,1227.0,Orleans,22071,1
765,766,22071012400,29.954737,-90.110001,1749,1179.0,1069.0,Orleans,22071,1
766,767,22071012500,29.933905,-90.135178,1801,1384.0,1288.0,Orleans,22071,1
767,768,22071012600,29.942879,-90.129143,1554,1400.0,1299.0,Orleans,22071,1
768,769,22071012700,29.948082,-90.124374,2439,1725.0,1609.0,Orleans,22071,1
769,770,22071012800,29.955276,-90.117607,2233,1698.0,1576.0,Orleans,22071,1
770,771,22071012900,29.946953,-90.135307,1441,1081.0,1009.0,Orleans,22071,1
771,772,22071013000,29.952539,-90.128021,1549,1174.0,1081.0,Orleans,22071,1
772,773,22071013100,29.95541,-90.132454,1421,921.0,817.0,Orleans,22071,1
773,774,22071013200,29.95887,-90.124489,2956,1858.0,1678.0,Orleans,22071,1
774,775,22071013301,30.026005,-90.097778,3724,2881.0,2695.0,Orleans,22071,1
775,776,22071013302,30.031374,-90.060249,2141,1640.0,1554.0,Orleans,22071,1
776,777,22071013400,29.948849,-90.071388,2859,5355.0,4389.0,Orleans,22071,1
777,778,22071013500,29.955975,-90.064194,1831,1568.0,1380.0,Orleans,22071,1
778,779,22071013600,29.965576,-90.035721,1026,718.0,662.0,Orleans,22071,1
779,780,22071013700,29.99398,-90.033051,2749,1481.0,1244.0,Orleans,22071,1
780,781,22071013800,29.996105,-90.079575,2615,1511.0,1361.0,Orleans,22071,1
781,782,22071013900,29.940054,-90.076065,1579,935.0,812.0,Orleans,22071,1
782,783,22071014000,29.94467,-90.083099,1893,955.0,822.0,Orleans,22071,1
783,784,22071014100,29.92515,-90.070679,2337,1395.0,1240.0,Orleans,22071,1
784,785,22071014200,29.917376,-90.087471,1647,1277.0,1183.0,Orleans,22071,1
785,786,22071014300,29.939842,-90.092499,1857,1057.0,896.0,Orleans,22071,1
786,787,22071014400,29.913809,-90.114716,1723,1168.0,1087.0,Orleans,22071,1
787,788,22071014500,29.960629,-90.095009,2516,325.0,288.0,Orleans,22071,1
788,789,22071980000,30.001497,-90.093094,10,,,Orleans,22071,1
789,790,22071980100,30.004488,-89.915703,0,,,Orleans,22071,1
790,791,22071990000,30.121422,-89.97287,0,,,Orleans,22071,1
791,792,22073000100,32.520432,-92.123238,4509,2561.0,2310.0,Ouachita,22073,8
792,793,22073000200,32.542294,-92.11554,5925,3265.0,2982.0,Ouachita,22073,8
793,794,22073000401,32.543339,-92.050766,2592,875.0,808.0,Ouachita,22073,8
794,795,22073000402,32.529545,-92.074936,3327,1032.0,890.0,Ouachita,22073,8
795,796,22073000500,32.526989,-92.049423,3139,1403.0,1255.0,Ouachita,22073,8
796,797,22073000600,32.510044,-92.065865,3513,1302.0,1153.0,Ouachita,22073,8
797,798,22073000700,32.509689,-92.090004,1960,703.0,591.0,Ouachita,22073,8
798,799,22073000900,32.499817,-92.096443,1409,364.0,309.0,Ouachita,22073,8
799,800,22073001100,32.476055,-92.090637,3125,996.0,860.0,Ouachita,22073,8
800,801,22073001400,32.482494,-92.116898,2325,688.0,587.0,Ouachita,22073,8
801,802,22073001500,32.46315,-92.111069,1411,530.0,461.0,Ouachita,22073,8
802,803,22073001700,32.53117,-92.097313,3349,1904.0,1734.0,Ouachita,22073,8
803,804,22073005100,32.601719,-92.138008,1933,1006.0,911.0,Ouachita,22073,8
804,805,22073005201,32.577057,-92.231705,3482,1819.0,1653.0,Ouachita,22073,8
805,806,22073005203,32.542751,-92.160294,2821,1334.0,1200.0,Ouachita,22073,8
806,807,22073005204,32.577404,-92.178322,5842,2692.0,2402.0,Ouachita,22073,8
807,808,22073005301,32.525482,-92.218826,6282,2705.0,2454.0,Ouachita,22073,8
808,809,22073005302,32.521999,-92.173058,5210,2770.0,2494.0,Ouachita,22073,8
809,810,22073005400,32.522404,-92.146584,1921,817.0,720.0,Ouachita,22073,8
810,811,22073005500,32.508915,-92.142998,2946,1283.0,1151.0,Ouachita,22073,8
811,812,22073005800,32.498203,-92.16774,2101,987.0,843.0,Ouachita,22073,8
812,813,22073005900,32.46476,-92.170052,2711,686.0,582.0,Ouachita,22073,8
813,814,22073010101,32.613895,-91.964645,4576,1855.0,1691.0,Ouachita,22073,8
814,815,22073010102,32.528858,-91.96373,6741,2624.0,2351.0,Ouachita,22073,8
815,816,22073010201,32.563278,-92.054932,5819,2909.0,2644.0,Ouachita,22073,8
816,817,22073010202,32.636524,-92.017654,7739,3444.0,3120.0,Ouachita,22073,8
817,818,22073010301,32.556217,-92.099754,3279,2109.0,1952.0,Ouachita,22073,8
818,819,22073010302,32.641495,-92.088539,4700,1654.0,1506.0,Ouachita,22073,8
819,820,22073010400,32.506832,-92.344902,9347,3878.0,3481.0,Ouachita,22073,8
820,821,22073010502,32.34502,-92.210365,4597,1484.0,1343.0,Ouachita,22073,8
821,822,22073010503,32.394058,-92.339432,2046,474.0,415.0,Ouachita,22073,8
822,823,22073010504,32.455944,-92.234238,8688,3282.0,2932.0,Ouachita,22073,8
823,824,22073010603,32.455185,-92.016548,7028,2716.0,2455.0,Ouachita,22073,8
824,825,22073010604,32.344215,-92.070183,1947,839.0,746.0,Ouachita,22073,8
825,826,22073010700,32.475494,-92.101349,3110,890.0,782.0,Ouachita,22073,8
826,827,22073010800,32.512512,-92.103951,1871,896.0,785.0,Ouachita,22073,8
827,828,22073010900,32.489529,-92.085526,4609,2010.0,1811.0,Ouachita,22073,8
828,829,22073011000,32.435211,-92.114731,5212,1708.0,1536.0,Ouachita,22073,8
829,830,22073011100,32.460152,-92.139725,2933,943.0,808.0,Ouachita,22073,8
830,831,22073980000,32.510738,-92.035454,0,,,Ouachita,22073,8
831,832,22075050100,29.435528,-89.482201,1370,858.0,787.0,Plaquemines,22075,1
832,833,22075050200,29.873468,-89.985855,8191,5125.0,4684.0,Plaquemines,22075,1
833,834,22075050300,29.819565,-90.028946,5299,1872.0,1591.0,Plaquemines,22075,1
834,835,22075050400,29.47315,-89.854408,3538,1931.0,1747.0,Plaquemines,22075,1
835,836,22075050500,29.484186,-89.695366,1557,533.0,463.0,Plaquemines,22075,1
836,837,22075050600,29.342628,-89.618477,1060,334.0,305.0,Plaquemines,22075,1
837,838,22075050700,29.34816,-89.49395,1400,593.0,532.0,Plaquemines,22075,1
838,839,22075050800,29.183121,-89.400307,958,185.0,167.0,Plaquemines,22075,1
839,840,22075990000,29.332548,-89.320992,0,,,Plaquemines,22075,1
840,841,22077951900,30.703852,-91.474274,5544,2862.0,2640.0,Pointe Coupee,22077,2
841,842,22077952000,30.809637,-91.690926,2597,819.0,745.0,Pointe Coupee,22077,2
842,843,22077952100,30.635124,-91.524979,4913,1961.0,1828.0,Pointe Coupee,22077,2
843,844,22077952200,30.646784,-91.412376,3105,1385.0,1300.0,Pointe Coupee,22077,2
844,845,22077952300,30.694574,-91.4561,1723,1034.0,963.0,Pointe Coupee,22077,2
845,846,22077952400,30.541193,-91.58905,4276,1457.0,1337.0,Pointe Coupee,22077,2
846,847,22079010100,31.380995,-92.204788,9716,4003.0,3617.0,Rapides,22079,6
847,848,22079010300,31.409939,-92.437988,6033,1772.0,1576.0,Rapides,22079,6
848,849,22079010400,31.382256,-92.520996,2371,1302.0,1195.0,Rapides,22079,6
849,850,22079010500,31.349836,-92.611519,5501,2596.0,2299.0,Rapides,22079,6
850,851,22079010600,31.321341,-92.78434,4905,1747.0,1580.0,Rapides,22079,6
851,852,22079010700,31.270803,-92.625641,4532,2473.0,2229.0,Rapides,22079,6
852,853,22079011000,31.308449,-92.471024,3192,1024.0,820.0,Rapides,22079,6
853,854,22079011300,31.372189,-92.435097,2223,1015.0,907.0,Rapides,22079,6
854,855,22079011500,31.34273,-92.394211,7402,4214.0,3794.0,Rapides,22079,6
855,856,22079011600,31.340845,-92.422943,2674,997.0,879.0,Rapides,22079,6
856,857,22079011700,31.335894,-92.441544,2517,1008.0,865.0,Rapides,22079,6
857,858,22079012000,31.291052,-92.447548,1679,766.0,615.0,Rapides,22079,6
858,859,22079012100,31.292603,-92.458214,2980,1368.0,1192.0,Rapides,22079,6
859,860,22079012200,31.297749,-92.46743,3354,1799.0,1558.0,Rapides,22079,6
860,861,22079012301,31.26335,-92.502586,5919,3359.0,3049.0,Rapides,22079,6
861,862,22079012302,31.287416,-92.485344,4315,2222.0,2046.0,Rapides,22079,6
862,863,22079012400,31.256567,-92.486336,4348,2273.0,2079.0,Rapides,22079,6
863,864,22079012500,31.248383,-92.461456,6212,3022.0,2688.0,Rapides,22079,6
864,865,22079012600,31.27803,-92.460289,2318,1281.0,1136.0,Rapides,22079,6
865,866,22079012700,31.248554,-92.414619,2541,1227.0,1057.0,Rapides,22079,6
866,867,22079012800,31.275963,-92.44104,901,554.0,484.0,Rapides,22079,6
867,868,22079012900,31.294411,-92.429283,2757,1065.0,925.0,Rapides,22079,6
868,869,22079013000,31.258863,-92.389313,2323,1388.0,1245.0,Rapides,22079,6
869,870,22079013100,31.310186,-92.410454,2581,1048.0,909.0,Rapides,22079,6
870,871,22079013200,31.265081,-92.301956,8788,3748.0,3335.0,Rapides,22079,6
871,872,22079013300,31.088989,-92.326042,4916,1873.0,1713.0,Rapides,22079,6
872,873,22079013400,31.162468,-92.55439,3624,1566.0,1429.0,Rapides,22079,6
873,874,22079013500,31.007105,-92.554214,5893,2259.0,1961.0,Rapides,22079,6
874,875,22079013600,31.018194,-92.75914,3206,728.0,645.0,Rapides,22079,6
875,876,22079013700,31.416544,-92.33313,4622,1212.0,1071.0,Rapides,22079,6
876,877,22079013800,31.312763,-92.507927,4440,2122.0,1891.0,Rapides,22079,6
877,878,22079013900,31.309668,-92.449677,2746,1277.0,1093.0,Rapides,22079,6
878,879,22079980000,31.325031,-92.545204,17,,,Rapides,22079,6
879,880,22081960100,32.10268,-93.341774,4403,1141.0,1040.0,Red River,22081,7
880,881,22081960300,32.012459,-93.32383,4215,1089.0,972.0,Red River,22081,7
881,882,22083970100,32.451523,-91.499794,2917,1369.0,1281.0,Richland,22083,8
882,883,22083970200,32.499317,-91.539673,2270,647.0,608.0,Richland,22083,8
883,884,22083970300,32.503735,-91.674355,3123,981.0,899.0,Richland,22083,8
884,885,22083970400,32.450081,-91.872627,3440,905.0,837.0,Richland,22083,8
885,886,22083970500,32.483231,-91.749519,4855,1708.0,1522.0,Richland,22083,8
886,887,22083970600,32.289288,-91.858681,3869,1156.0,1067.0,Richland,22083,8
887,888,22085000100,31.767836,-93.610489,3008,842.0,739.0,Sabine,22085,7
888,889,22085000200,31.657261,-93.759293,3725,1189.0,1065.0,Sabine,22085,7
889,890,22085000300,31.645119,-93.660622,2470,493.0,420.0,Sabine,22085,7
890,891,22085000400,31.620501,-93.487106,4824,1537.0,1362.0,Sabine,22085,7
891,892,22085000500,31.546553,-93.435448,3435,1127.0,985.0,Sabine,22085,7
892,893,22085000600,31.436409,-93.416206,3647,1178.0,1049.0,Sabine,22085,7
893,894,22085000700,31.351948,-93.603859,2979,1062.0,959.0,Sabine,22085,7
894,895,22087030103,29.875536,-89.888664,4609,2106.0,1889.0,St. Bernard,22087,1
895,896,22087030104,29.867155,-89.824242,1705,800.0,698.0,St. Bernard,22087,1
896,897,22087030105,29.861544,-89.295975,265,,,St. Bernard,22087,1
897,898,22087030203,29.93133,-89.954697,3648,1556.0,1361.0,St. Bernard,22087,1
898,899,22087030204,29.955591,-89.898918,4046,2127.0,1829.0,St. Bernard,22087,1
899,900,22087030206,29.944878,-89.939796,2496,1200.0,1079.0,St. Bernard,22087,1
900,901,22087030207,29.947144,-89.950096,4201,1996.0,1808.0,St. Bernard,22087,1
901,902,22087030208,29.9363,-89.915085,3321,1503.0,1335.0,St. Bernard,22087,1
902,903,22087030209,29.926046,-89.924049,3645,1626.0,1476.0,St. Bernard,22087,1
903,904,22087030300,29.958435,-90.003746,1406,873.0,783.0,St. Bernard,22087,1
904,905,22087030400,29.942371,-89.988609,1724,860.0,773.0,St. Bernard,22087,1
905,906,22087030500,29.961403,-89.991798,1649,1040.0,939.0,St. Bernard,22087,1
906,907,22087030601,29.96018,-89.979218,1649,726.0,630.0,St. Bernard,22087,1
907,908,22087030602,29.949373,-89.982391,2992,1463.0,1310.0,St. Bernard,22087,1
908,909,22087030603,29.955711,-89.96936,1591,674.0,556.0,St. Bernard,22087,1
909,910,22087030700,29.940638,-89.966942,1852,893.0,798.0,St. Bernard,22087,1
910,911,22087030800,29.950436,-89.962128,4895,1818.0,1560.0,St. Bernard,22087,1
911,912,22087990000,29.96789,-89.270653,0,,,St. Bernard,22087,1
912,913,22089060100,30.079298,-90.353546,2243,1012.0,896.0,St. Charles,22089,3
913,914,22089062100,29.974369,-90.300552,5317,3095.0,2743.0,St. Charles,22089,3
914,915,22089062200,29.949587,-90.343109,2476,1326.0,1172.0,St. Charles,22089,3
915,916,22089062301,29.972733,-90.355789,6101,3986.0,3644.0,St. Charles,22089,3
916,917,22089062302,29.958492,-90.383141,4704,2793.0,2547.0,St. Charles,22089,3
917,918,22089062400,30.016602,-90.344223,1411,707.0,624.0,St. Charles,22089,3
918,919,22089062500,30.004786,-90.416656,2899,1465.0,1305.0,St. Charles,22089,3
919,920,22089062700,29.979042,-90.458366,4783,2103.0,1873.0,St. Charles,22089,3
920,921,22089062800,29.904774,-90.392044,5289,2305.0,2020.0,St. Charles,22089,3
921,922,22089062900,29.922274,-90.35202,2698,1231.0,1067.0,St. Charles,22089,3
922,923,22089063000,29.944029,-90.296654,1366,652.0,596.0,St. Charles,22089,3
923,924,22089063100,29.880495,-90.324783,8393,4220.0,3830.0,St. Charles,22089,3
924,925,22089063200,29.82896,-90.351242,5044,2071.0,1850.0,St. Charles,22089,3
925,926,22091951100,30.910452,-90.710312,3577,1388.0,1257.0,St. Helena,22091,9
926,927,22091951200,30.732914,-90.710327,6834,2326.0,2058.0,St. Helena,22091,9
927,928,22093040100,30.108454,-90.684608,3787,1235.0,1109.0,St. James,22093,3
928,929,22093040200,30.050838,-90.703491,3273,1224.0,1080.0,St. James,22093,3
929,930,22093040300,30.056005,-90.733788,3601,1402.0,1254.0,St. James,22093,3
930,931,22093040400,30.079674,-90.808342,2173,751.0,666.0,St. James,22093,3
931,932,22093040500,29.988306,-90.869797,2372,966.0,876.0,St. James,22093,3
932,933,22093040600,29.98255,-90.726456,2586,1262.0,1150.0,St. James,22093,3
933,934,22093040700,29.926144,-90.697189,3565,1869.0,1745.0,St. James,22093,3
934,935,22095070100,30.189304,-90.40696,2583,1633.0,1468.0,St. John the Baptist,22095,3
935,936,22095070200,30.084097,-90.467987,7809,4131.0,3637.0,St. John the Baptist,22095,3
936,937,22095070300,30.085804,-90.485199,5976,3509.0,3105.0,St. John the Baptist,22095,3
937,938,22095070400,30.092867,-90.496056,4014,2529.0,2315.0,St. John the Baptist,22095,3
938,939,22095070500,30.093485,-90.536118,6099,3104.0,2687.0,St. John the Baptist,22095,3
939,940,22095070600,30.080702,-90.628456,1997,726.0,634.0,St. John the Baptist,22095,3
940,941,22095070700,30.073023,-90.579712,4259,1981.0,1791.0,St. John the Baptist,22095,3
941,942,22095070800,30.058367,-90.533951,1738,992.0,881.0,St. John the Baptist,22095,3
942,943,22095070900,30.064035,-90.510391,3275,1401.0,1214.0,St. John the Baptist,22095,3
943,944,22095071000,30.049427,-90.471306,2702,1304.0,1166.0,St. John the Baptist,22095,3
944,945,22095071100,29.974174,-90.598137,2994,1565.0,1406.0,St. John the Baptist,22095,3
945,946,22097960100,30.777224,-91.895157,2618,524.0,459.0,St. Landry,22097,4
946,947,22097960200,30.718203,-92.090706,3962,1519.0,1414.0,St. Landry,22097,4
947,948,22097960300,30.634159,-91.929031,3846,1106.0,990.0,St. Landry,22097,4
948,949,22097960400,30.546875,-91.804886,1741,447.0,394.0,St. Landry,22097,4
949,950,22097960500,30.474781,-91.925339,5620,1866.0,1721.0,St. Landry,22097,4
950,951,22097960600,30.586777,-92.091461,5853,3171.0,2867.0,St. Landry,22097,4
951,952,22097960700,30.509657,-92.192368,6162,2180.0,1981.0,St. Landry,22097,4
952,953,22097960800,30.509281,-92.354752,3607,1890.0,1733.0,St. Landry,22097,4
953,954,22097960900,30.492254,-92.40271,4181,1886.0,1700.0,St. Landry,22097,4
954,955,22097961000,30.499365,-92.427727,2091,869.0,801.0,St. Landry,22097,4
955,956,22097961100,30.487808,-92.42543,3237,1352.0,1230.0,St. Landry,22097,4
956,957,22097961200,30.467422,-92.126038,5367,2731.0,2492.0,St. Landry,22097,4
957,958,22097961300,30.544725,-92.091515,4157,1895.0,1646.0,St. Landry,22097,4
958,959,22097961400,30.541548,-92.074417,4246,1972.0,1785.0,St. Landry,22097,4
959,960,22097961500,30.509802,-92.07943,4635,2350.0,2112.0,St. Landry,22097,4
960,961,22097961600,30.524786,-92.095863,4498,1672.0,1482.0,St. Landry,22097,4
961,962,22097961700,30.484577,-92.036865,7109,3691.0,3371.0,St. Landry,22097,4
962,963,22097961800,30.376171,-92.089233,6995,2649.0,2419.0,St. Landry,22097,4
963,964,22097961900,30.418669,-92.051872,3524,1098.0,1026.0,St. Landry,22097,4
964,965,22099020100,30.225891,-91.62912,5220,2041.0,1889.0,St. Martin,22099,4
965,966,22099020200,30.36767,-91.888802,6750,2896.0,2657.0,St. Martin,22099,4
966,967,22099020301,30.311304,-91.915794,4913,1970.0,1827.0,St. Martin,22099,4
967,968,22099020302,30.275179,-91.821465,8497,2982.0,2697.0,St. Martin,22099,4
968,969,22099020400,30.205008,-91.822426,6286,2758.0,2572.0,St. Martin,22099,4
969,970,22099020501,30.229996,-91.926353,5241,2436.0,2217.0,St. Martin,22099,4
970,971,22099020502,30.280958,-91.891609,4128,1634.0,1499.0,St. Martin,22099,4
971,972,22099020600,30.117956,-91.89035,6187,2711.0,2487.0,St. Martin,22099,4
972,973,22099020800,30.135061,-91.786583,3063,1409.0,1307.0,St. Martin,22099,4
973,974,22099020900,30.074211,-91.8461,1929,813.0,750.0,St. Martin,22099,4
974,975,22099021000,29.846552,-91.270561,1538,579.0,531.0,St. Martin,22099,4
975,976,22101040100,29.652191,-91.168678,2274,811.0,702.0,St. Mary,22101,3
976,977,22101040200,29.716742,-91.194649,4776,2209.0,2012.0,St. Mary,22101,3
977,978,22101040300,29.690649,-91.187721,2908,1171.0,1018.0,St. Mary,22101,3
978,979,22101040400,29.707621,-91.213402,3738,1522.0,1352.0,St. Mary,22101,3
979,980,22101040500,29.69488,-91.237724,4732,1623.0,1430.0,St. Mary,22101,3
980,981,22101040600,29.672928,-91.270958,4614,1390.0,1222.0,St. Mary,22101,3
981,982,22101040700,29.697039,-91.30603,3465,1002.0,886.0,St. Mary,22101,3
982,983,22101040800,29.618177,-91.321983,5095,1457.0,1293.0,St. Mary,22101,3
983,984,22101040900,29.54974,-91.465988,3191,758.0,690.0,St. Mary,22101,3
984,985,22101041000,29.865181,-91.497833,3668,931.0,837.0,St. Mary,22101,3
985,986,22101041100,29.752663,-91.711441,1701,816.0,757.0,St. Mary,22101,3
986,987,22101041200,29.831993,-91.549545,2252,252.0,230.0,St. Mary,22101,3
987,988,22101041300,29.808527,-91.525795,2024,860.0,810.0,St. Mary,22101,3
988,989,22101041400,29.821491,-91.478554,3329,1556.0,1432.0,St. Mary,22101,3
989,990,22101041500,29.78784,-91.496399,1763,830.0,791.0,St. Mary,22101,3
990,991,22101041600,29.783728,-91.509392,2204,770.0,698.0,St. Mary,22101,3
991,992,22101990000,29.362814,-91.488197,0,,,St. Mary,22101,3
992,993,22103040102,30.492603,-89.846382,9093,4083.0,3734.0,St. Tammany,22103,9
993,994,22103040103,30.622412,-90.065834,4510,2118.0,1931.0,St. Tammany,22103,9
994,995,22103040104,30.589266,-89.95504,7182,2687.0,2520.0,St. Tammany,22103,9
995,996,22103040201,30.5979,-90.197624,9325,3669.0,3382.0,St. Tammany,22103,9
996,997,22103040202,30.604031,-90.134789,6284,3130.0,2927.0,St. Tammany,22103,9
997,998,22103040303,30.385559,-90.125504,9246,5690.0,5243.0,St. Tammany,22103,9
998,999,22103040304,30.410635,-90.110321,6713,4252.0,3993.0,St. Tammany,22103,9
999,1000,22103040305,30.457251,-90.209206,14678,6386.0,5977.0,St. Tammany,22103,9
1000,1001,22103040400,30.468954,-90.15377,9571,4976.0,4644.0,St. Tammany,22103,9
1001,1002,22103040501,30.488012,-90.101234,5098,1649.0,1499.0,St. Tammany,22103,9
1002,1003,22103040502,30.505327,-90.060844,4412,1833.0,1680.0,St. Tammany,22103,9
1003,1004,22103040601,30.433096,-90.131935,2838,1916.0,1796.0,St. Tammany,22103,9
1004,1005,22103040602,30.462326,-90.10656,2651,1605.0,1508.0,St. Tammany,22103,9
1005,1006,22103040604,30.445591,-90.064163,10160,4507.0,4111.0,St. Tammany,22103,9
1006,1007,22103040605,30.455782,-90.08239,6564,3757.0,3501.0,St. Tammany,22103,9
1007,1008,22103040701,30.390581,-89.914261,9197,4449.0,4064.0,St. Tammany,22103,9
1008,1009,22103040704,30.370239,-89.787239,5670,2674.0,2413.0,St. Tammany,22103,9
1009,1010,22103040705,30.329552,-89.750488,6958,3139.0,2849.0,St. Tammany,22103,9
1010,1011,22103040706,30.344481,-89.693642,6102,2714.0,2469.0,St. Tammany,22103,9
1011,1012,22103040708,30.210527,-89.637917,5546,3607.0,3376.0,St. Tammany,22103,9
1012,1013,22103040709,30.2946,-89.734352,4229,2325.0,2144.0,St. Tammany,22103,9
1013,1014,22103040710,30.275999,-89.733994,5896,3204.0,2937.0,St. Tammany,22103,9
1014,1015,22103040801,30.249773,-89.77874,4715,2374.0,2131.0,St. Tammany,22103,9
1015,1016,22103040802,30.227367,-89.795174,7163,4439.0,4127.0,St. Tammany,22103,9
1016,1017,22103040803,30.2206,-89.737778,9795,4983.0,4515.0,St. Tammany,22103,9
1017,1018,22103040900,30.266163,-89.770691,2838,1488.0,1322.0,St. Tammany,22103,9
1018,1019,22103041002,30.279789,-89.764511,2899,1588.0,1440.0,St. Tammany,22103,9
1019,1020,22103041003,30.293837,-89.75531,5879,3010.0,2758.0,St. Tammany,22103,9
1020,1021,22103041004,30.300137,-89.765778,4789,2576.0,2343.0,St. Tammany,22103,9
1021,1022,22103041101,30.284887,-89.842087,3831,1912.0,1738.0,St. Tammany,22103,9
1022,1023,22103041102,30.275492,-89.819412,7718,3547.0,3220.0,St. Tammany,22103,9
1023,1024,22103041103,30.300735,-89.798157,3066,1582.0,1405.0,St. Tammany,22103,9
1024,1025,22103041104,30.243935,-89.824722,3394,1449.0,1298.0,St. Tammany,22103,9
1025,1026,22103041202,30.283497,-89.933502,2413,1117.0,1037.0,St. Tammany,22103,9
1026,1027,22103041204,30.33252,-89.926834,8162,4181.0,3790.0,St. Tammany,22103,9
1027,1028,22103041207,30.409723,-90.064621,4285,2422.0,2216.0,St. Tammany,22103,9
1028,1029,22103041208,30.391209,-90.067039,4554,2827.0,2660.0,St. Tammany,22103,9
1029,1030,22103041209,30.37763,-90.062706,4765,3062.0,2830.0,St. Tammany,22103,9
1030,1031,22103041210,30.393087,-90.031761,2772,1419.0,1292.0,St. Tammany,22103,9
1031,1032,22103041211,30.366798,-90.041702,6674,3440.0,3205.0,St. Tammany,22103,9
1032,1033,22103041212,30.354959,-90.017616,3566,2080.0,1921.0,St. Tammany,22103,9
1033,1034,22103041300,30.363178,-90.082047,6892,4018.0,3702.0,St. Tammany,22103,9
1034,1035,22103990000,30.252407,-90.044846,0,,,St. Tammany,22103,9
1035,1036,22105953200,30.936346,-90.412743,3123,1029.0,903.0,Tangipahoa,22105,9
1036,1037,22105953300,30.919971,-90.525337,3988,1352.0,1183.0,Tangipahoa,22105,9
1037,1038,22105953400,30.772099,-90.531479,5730,1930.0,1731.0,Tangipahoa,22105,9
1038,1039,22105953500,30.777163,-90.368156,6938,2623.0,2343.0,Tangipahoa,22105,9
1039,1040,22105953600,30.682186,-90.525032,6470,1723.0,1502.0,Tangipahoa,22105,9
1040,1041,22105953700,30.622837,-90.367287,11421,3686.0,3338.0,Tangipahoa,22105,9
1041,1042,22105953800,30.60751,-90.513985,5001,1519.0,1352.0,Tangipahoa,22105,9
1042,1043,22105953900,30.548615,-90.524078,8365,3164.0,2773.0,Tangipahoa,22105,9
1043,1044,22105954001,30.552629,-90.468781,4305,1128.0,1009.0,Tangipahoa,22105,9
1044,1045,22105954002,30.543659,-90.416512,6198,2479.0,2249.0,Tangipahoa,22105,9
1045,1046,22105954101,30.503838,-90.528175,5512,2353.0,2108.0,Tangipahoa,22105,9
1046,1047,22105954102,30.461485,-90.514526,12208,4793.0,4374.0,Tangipahoa,22105,9
1047,1048,22105954200,30.510202,-90.473152,4742,1361.0,1228.0,Tangipahoa,22105,9
1048,1049,22105954300,30.492626,-90.476982,4150,1789.0,1576.0,Tangipahoa,22105,9
1049,1050,22105954400,30.503756,-90.454613,3790,1524.0,1369.0,Tangipahoa,22105,9
1050,1051,22105954501,30.465054,-90.461731,5966,3017.0,2678.0,Tangipahoa,22105,9
1051,1052,22105954502,30.477293,-90.430473,7890,3218.0,2927.0,Tangipahoa,22105,9
1052,1053,22105954600,30.447063,-90.312462,13853,4749.0,4318.0,Tangipahoa,22105,9
1053,1054,22105954700,30.362032,-90.460793,5342,2235.0,2046.0,Tangipahoa,22105,9
1054,1055,22105954800,30.344614,-90.32193,5512,2527.0,2281.0,Tangipahoa,22105,9
1055,1056,22107000100,32.095715,-91.181862,1846,329.0,308.0,Tensas,22107,8
1056,1057,22107000200,31.999197,-91.410484,1098,321.0,294.0,Tensas,22107,8
1057,1058,22107000300,31.852943,-91.322365,1722,412.0,373.0,Tensas,22107,8
1058,1059,22109000101,29.734524,-90.838058,5939,2374.0,2124.0,Terrebonne,22109,3
1059,1060,22109000102,29.70224,-90.784897,4239,1681.0,1479.0,Terrebonne,22109,3
1060,1061,22109000201,29.654922,-90.784424,4187,1391.0,1207.0,Terrebonne,22109,3
1061,1062,22109000202,29.659246,-90.742897,7589,2851.0,2509.0,Terrebonne,22109,3
1062,1063,22109000300,29.613346,-90.751755,5585,1928.0,1693.0,Terrebonne,22109,3
1063,1064,22109000401,29.617546,-90.738869,4897,1989.0,1755.0,Terrebonne,22109,3
1064,1065,22109000402,29.63073,-90.744919,4079,1639.0,1449.0,Terrebonne,22109,3
1065,1066,22109000500,29.631531,-90.717102,5992,2618.0,2292.0,Terrebonne,22109,3
1066,1067,22109000600,29.61132,-90.684402,5418,2546.0,2229.0,Terrebonne,22109,3
1067,1068,22109000700,29.58098,-90.677254,6188,2245.0,1915.0,Terrebonne,22109,3
1068,1069,22109000800,29.578991,-90.695267,5324,2494.0,2149.0,Terrebonne,22109,3
1069,1070,22109000900,29.581318,-90.724815,4954,2381.0,2078.0,Terrebonne,22109,3
1070,1071,22109001000,29.558321,-90.607086,5765,2138.0,1905.0,Terrebonne,22109,3
1071,1072,22109001100,29.336275,-90.502876,3685,918.0,755.0,Terrebonne,22109,3
1072,1073,22109001201,29.511971,-90.619286,2853,1070.0,959.0,Terrebonne,22109,3
1073,1074,22109001202,29.183165,-90.62043,3443,1402.0,1217.0,Terrebonne,22109,3
1074,1075,22109001300,29.25712,-90.786835,8573,2281.0,1911.0,Terrebonne,22109,3
1075,1076,22109001400,29.34144,-91.010307,3261,1257.0,1098.0,Terrebonne,22109,3
1076,1077,22109001500,29.523363,-91.025505,7315,3383.0,3082.0,Terrebonne,22109,3
1077,1078,22109001600,29.634735,-90.980377,2402,1111.0,1004.0,Terrebonne,22109,3
1078,1079,22109001700,29.646814,-90.821709,10899,5972.0,5379.0,Terrebonne,22109,3
1079,1080,22109990000,29.091307,-90.904488,0,,,Terrebonne,22109,3
1080,1081,22111960100,32.909306,-92.277565,4234,1489.0,1377.0,Union,22111,8
1081,1082,22111960200,32.917789,-92.604805,3586,1121.0,1039.0,Union,22111,8
1082,1083,22111960300,32.777672,-92.564537,2981,1046.0,951.0,Union,22111,8
1083,1084,22111960400,32.779457,-92.395607,3734,1595.0,1428.0,Union,22111,8
1084,1085,22111960500,32.744148,-92.227478,4497,1720.0,1582.0,Union,22111,8
1085,1086,22111960600,32.653484,-92.348305,3443,1261.0,1150.0,Union,22111,8
1086,1087,22113950100,30.083433,-92.222786,10150,2654.0,2374.0,Vermilion,22113,4
1087,1088,22113950200,29.980883,-92.466057,4668,1521.0,1410.0,Vermilion,22113,4
1088,1089,22113950400,30.006115,-92.284859,5547,1929.0,1761.0,Vermilion,22113,4
1089,1090,22113950500,29.944866,-92.208839,5630,1530.0,1417.0,Vermilion,22113,4
1090,1091,22113950600,30.012491,-92.119606,3515,1241.0,1135.0,Vermilion,22113,4
1091,1092,22113950700,29.964819,-92.143799,3682,1717.0,1577.0,Vermilion,22113,4
1092,1093,22113950800,29.968735,-92.123146,5650,1766.0,1602.0,Vermilion,22113,4
1093,1094,22113950901,29.941626,-92.108208,3376,1137.0,1048.0,Vermilion,22113,4
1094,1095,22113950902,30.015469,-92.043411,8140,2667.0,2408.0,Vermilion,22113,4
1095,1096,22113951001,29.961447,-92.027176,4622,1392.0,1279.0,Vermilion,22113,4
1096,1097,22113951002,29.869511,-92.054855,3408,1384.0,1242.0,Vermilion,22113,4
1097,1098,22113951100,29.713722,-92.32135,1479,506.0,474.0,Vermilion,22113,4
1098,1099,22113990000,29.532598,-92.32222,0,,,Vermilion,22113,4
1099,1100,22115950100,31.235996,-93.031532,5303,1750.0,1557.0,Vernon,22115,6
1100,1101,22115950200,31.280626,-93.340363,5392,1449.0,1250.0,Vernon,22115,6
1101,1102,22115950300,31.054077,-93.446182,4119,1278.0,1110.0,Vernon,22115,6
1102,1103,22115950400,31.154417,-93.274048,3349,1238.0,1104.0,Vernon,22115,6
1103,1104,22115950500,31.117371,-93.290321,6002,2223.0,1977.0,Vernon,22115,6
1104,1105,22115950600,31.107979,-93.279488,3701,1270.0,1085.0,Vernon,22115,6
1105,1106,22115950701,31.079901,-93.05574,1986,128.0,89.0,Vernon,22115,6
1106,1107,22115950702,31.043917,-93.227821,3382,472.0,390.0,Vernon,22115,6
1107,1108,22115950703,31.095125,-93.212776,2425,496.0,376.0,Vernon,22115,6
1108,1109,22115950704,31.064482,-93.227638,3927,765.0,636.0,Vernon,22115,6
1109,1110,22115950800,30.961046,-93.027428,4347,980.0,858.0,Vernon,22115,6
1110,1111,22115950900,30.973289,-93.316177,7074,1681.0,1463.0,Vernon,22115,6
1111,1112,22117950101,30.90049,-89.80442,3653,1700.0,1554.0,Washington,22117,9
1112,1113,22117950102,30.906012,-89.922516,3867,1476.0,1332.0,Washington,22117,9
1113,1114,22117950200,30.930244,-90.060326,6018,2343.0,2117.0,Washington,22117,9
1114,1115,22117950300,30.918978,-90.164429,4619,1893.0,1692.0,Washington,22117,9
1115,1116,22117950400,30.913168,-90.262535,3507,1497.0,1358.0,Washington,22117,9
1116,1117,22117950500,30.766592,-90.144409,6073,2493.0,2250.0,Washington,22117,9
1117,1118,22117950600,30.733801,-89.968796,4874,1889.0,1734.0,Washington,22117,9
1118,1119,22117950700,30.791096,-89.886047,4813,1862.0,1692.0,Washington,22117,9
1119,1120,22117950800,30.79072,-89.837593,4431,1515.0,1367.0,Washington,22117,9
1120,1121,22117950900,30.772871,-89.862564,1376,502.0,435.0,Washington,22117,9
1121,1122,22117951000,30.71492,-89.85778,3226,1488.0,1356.0,Washington,22117,9
1122,1123,22119031100,32.903728,-93.304588,1789,699.0,633.0,Webster,22119,7
1123,1124,22119031200,32.967693,-93.458206,2672,614.0,555.0,Webster,22119,7
1124,1125,22119031300,33.003849,-93.455757,4935,1832.0,1631.0,Webster,22119,7
1125,1126,22119031400,32.84515,-93.408546,3013,750.0,676.0,Webster,22119,7
1126,1127,22119031500,32.590862,-93.395119,5981,1749.0,1574.0,Webster,22119,7
1127,1128,22119031600,32.697109,-93.285583,2742,1236.0,1141.0,Webster,22119,7
1128,1129,22119031700,32.60807,-93.304665,3041,1226.0,1092.0,Webster,22119,7
1129,1130,22119031800,32.626648,-93.292511,2629,1096.0,970.0,Webster,22119,7
1130,1131,22119031900,32.612301,-93.279198,2223,1170.0,1049.0,Webster,22119,7
1131,1132,22119032000,32.610844,-93.264961,3469,1602.0,1460.0,Webster,22119,7
1132,1133,22119032100,32.518627,-93.254318,7137,2390.0,2187.0,Webster,22119,7
1133,1134,22121020100,30.452106,-91.207085,4030,2113.0,1944.0,West Baton Rouge,22121,2
1134,1135,22121020200,30.483858,-91.227875,3841,1553.0,1418.0,West Baton Rouge,22121,2
1135,1136,22121020300,30.494234,-91.345451,5891,3152.0,2917.0,West Baton Rouge,22121,2
1136,1137,22121020401,30.360325,-91.217033,5355,2283.0,2087.0,West Baton Rouge,22121,2
1137,1138,22121020402,30.38316,-91.278732,6743,2886.0,2649.0,West Baton Rouge,22121,2
1138,1139,22123000100,32.929077,-91.391579,4592,1209.0,1103.0,West Carroll,22123,8
1139,1140,22123000200,32.801056,-91.458878,3845,1159.0,1056.0,West Carroll,22123,8
1140,1141,22123000300,32.671852,-91.50486,2743,607.0,565.0,West Carroll,22123,8
1141,1142,22125951701,30.896812,-91.405037,4204,4310.0,3891.0,West Feliciana,22125,2
1142,1143,22125951702,30.940935,-91.621155,3822,,,West Feliciana,22125,2
1143,1144,22125951800,30.803305,-91.327888,7351,2345.0,2185.0,West Feliciana,22125,2
1144,1145,22127960100,31.993368,-92.498581,3410,982.0,880.0,Winn,22127,6
1145,1146,22127960200,31.892139,-92.784683,6153,1417.0,1289.0,Winn,22127,6
1146,1147,22127960300,31.92766,-92.648537,2532,1026.0,931.0,Winn,22127,6
1147,1148,22127960400,31.912086,-92.62838,2399,768.0,691.0,Winn,22127,6
