LDH_Region,Race,variable,7/8/2020,7/9/2020,7/10/2020,7/11/2020,7/12/2020,7/13/2020,7/14/2020,7/15/2020,7/16/2020,7/17/2020,7/18/2020,7/19/2020,7/20/2020,7/21/2020,7/22/2020,7/23/2020,7/24/2020,7/25/2020,7/26/2020,7/27/2020,7/28/2020,7/29/2020,7/30/2020,7/31/2020,8/1/2020,8/2/2020,8/3/2020,8/4/2020,8/5/2020,8/6/2020,8/7/2020,8/8/2020,8/9/2020,8/10/2020,8/11/2020,8/12/2020,8/13/2020,8/14/2020,8/15/2020,8/16/2020,8/17/2020,8/18/2020,8/19/2020,8/20/2020,8/21/2020,8/22/2020,8/23/2020,8/24/2020,8/25/2020,8/26/2020,8/27/2020,8/28/2020,8/29/2020,8/30/2020,8/31/2020,9/1/2020,9/2/2020,9/3/2020,9/4/2020,9/5/2020,9/6/2020,9/7/2020,9/8/2020,9/9/2020,9/10/2020,9/11/2020,9/12/2020,9/13/2020,9/14/2020,9/15/2020,9/16/2020,9/17/2020,9/18/2020,9/19/2020,9/20/2020,9/21/2020,9/22/2020,9/23/2020,9/24/2020,9/25/2020,9/26/2020,9/27/2020,9/28/2020,9/29/2020,9/30/2020,10/1/2020,10/2/2020,10/3/2020,10/4/2020,10/5/2020,10/6/2020,10/7/2020,10/8/2020,10/9/2020,10/10/2020,10/11/2020,10/12/2020,10/13/2020,10/14/2020,10/15/2020,10/16/2020,10/17/2020,10/18/2020,10/19/2020,10/20/2020,10/21/2020,10/22/2020,10/23/2020,10/24/2020,10/25/2020,10/26/2020,10/27/2020,10/28/2020,10/29/2020,10/30/2020,10/31/2020,11/1/2020
Region 1,American Indian/Alaskan Native,Deaths,1,1,1,1,1,1,1,1,1,1,1,1,1,1,1,1,1,1,1,1,1,1,1,1,1,1,1,1,1,1,1,1,1,1,1,1,1,1,1,1,1,1,1,1,1,1,1,1,1,1,1,1,1,1,1,1,1,1,1,1,1,1,1,1,1,1,1,1,1,1,1,1,1,1,1,1,1,1,1,1,1,1,1,1,1,1,1,1,1,1,1,1,1,1,1,1,1,1,1,1,1,1,1,1,1,1,1,1,1,1,1,1,1,1,1,1,1
Region 1,Unknown,Deaths,0,0,0,0,0,0,0,0,0,0,0,0,0,0,3,3,3,3,3,3,3,0,0,0,0,0,0,0,2,2,2,2,2,2,2,3,3,3,3,3,3,3,0,0,0,0,0,0,0,0,0,0,0,0,0,0,0,0,0,0,0,0,0,2,2,2,2,2,2,2,0,0,0,0,0,0,0,0,0,0,0,0,0,0,0,0,0,0,0,0,0,0,0,0,0,0,0,0,0,0,0,0,0,0,0,0,0,0,0,0,0,0,0,0,0,0,0
Region 1,Native Hawaiian/Other Pacific Islander,Deaths,3,3,3,3,3,3,3,3,3,3,3,3,3,3,3,3,3,3,3,3,3,3,3,3,3,3,3,3,3,3,3,3,3,3,3,3,3,3,3,3,3,3,3,3,3,3,3,3,3,3,3,3,3,3,3,3,3,3,3,3,3,3,3,3,3,3,3,3,3,3,3,3,3,3,3,3,3,3,3,3,3,3,3,3,3,3,3,3,3,3,3,3,3,3,3,3,3,3,3,3,3,3,3,3,3,3,3,3,3,3,3,3,3,3,3,3,3
Region 1,White,Deaths,371,371,371,371,371,371,371,380,380,380,380,380,380,380,387,387,387,387,387,387,387,396,396,396,396,396,396,396,401,401,401,401,401,401,401,412,412,412,412,412,412,412,416,416,416,416,416,416,416,422,422,422,422,422,422,422,433,433,433,433,433,433,433,439,439,439,439,439,439,439,445,445,445,445,445,445,445,449,449,449,449,449,449,449,453,453,453,453,453,453,453,460,460,460,460,460,460,460,462,462,462,462,462,462,462,465,465,465,465,465,465,465,465,465,465,465,465
Region 1,American Indian/Alaskan Native,Cases,33,33,33,33,33,33,33,37,37,37,37,37,37,37,37,37,37,37,37,37,37,42,42,42,42,42,42,42,42,42,42,42,42,42,42,51,51,51,51,51,51,51,52,52,52,52,52,52,52,58,58,58,58,58,58,58,54,54,54,54,54,54,54,55,55,55,55,55,55,55,55,55,55,55,55,55,55,59,59,59,59,59,59,59,60,60,60,60,60,60,60,62,62,62,62,62,62,62,66,66,66,66,66,66,66,74,74,74,74,74,74,74,74,74,74,74,74
Region 1,White,Cases,5443,5443,5443,5443,5443,5443,5443,6319,6319,6319,6319,6319,6319,6319,7277,7277,7277,7277,7277,7277,7277,8156,8156,8156,8156,8156,8156,8156,8156,8156,8156,8156,8156,8156,8156,9443,9443,9443,9443,9443,9443,9443,9894,9894,9894,9894,9894,9894,9894,10305,10305,10305,10305,10305,10305,10305,10737,10737,10737,10737,10737,10737,10737,11331,11331,11331,11331,11331,11331,11331,11656,11656,11656,11656,11656,11656,11656,11995,11995,11995,11995,11995,11995,11995,12338,12338,12338,12338,12338,12338,12338,12670,12670,12670,12670,12670,12670,12670,12896,12896,12896,12896,12896,12896,12896,13306,13306,13306,13306,13306,13306,13306,13306,13306,13306,13306,13306
Region 1,Asian,Cases,298,298,298,298,298,298,298,340,340,340,340,340,340,340,504,504,504,504,504,504,504,584,584,584,584,584,584,584,584,584,584,584,584,584,584,700,700,700,700,700,700,700,751,751,751,751,751,751,751,783,783,783,783,783,783,783,819,819,819,819,819,819,819,857,857,857,857,857,857,857,874,874,874,874,874,874,874,901,901,901,901,901,901,901,939,939,939,939,939,939,939,954,954,954,954,954,954,954,978,978,978,978,978,978,978,1005,1005,1005,1005,1005,1005,1005,1005,1005,1005,1005,1005
Region 1,Black,Cases,8842,8842,8842,8842,8842,8842,8842,9320,9320,9320,9320,9320,9320,9320,9802,9802,9802,9802,9802,9802,9802,10330,10330,10330,10330,10330,10330,10330,10330,10330,10330,10330,10330,10330,10330,11025,11025,11025,11025,11025,11025,11025,11337,11337,11337,11337,11337,11337,11337,11499,11499,11499,11499,11499,11499,11499,11659,11659,11659,11659,11659,11659,11659,11865,11865,11865,11865,11865,11865,11865,11975,11975,11975,11975,11975,11975,11975,12109,12109,12109,12109,12109,12109,12109,12227,12227,12227,12227,12227,12227,12227,12335,12335,12335,12335,12335,12335,12335,12454,12454,12454,12454,12454,12454,12454,12627,12627,12627,12627,12627,12627,12627,12627,12627,12627,12627,12627
Region 1,Native Hawaiian/Other Pacific Islander,Cases,41,41,41,41,41,41,41,53,53,53,53,53,53,53,61,61,61,61,61,61,61,66,66,66,66,66,66,66,66,66,66,66,66,66,66,83,83,83,83,83,83,83,84,84,84,84,84,84,84,92,92,92,92,92,92,92,92,92,92,92,92,92,92,94,94,94,94,94,94,94,97,97,97,97,97,97,97,97,97,97,97,97,97,97,101,101,101,101,101,101,101,105,105,105,105,105,105,105,105,105,105,105,105,105,105,107,107,107,107,107,107,107,107,107,107,107,107
Region 1,Black,Deaths,662,662,662,662,662,662,662,671,671,671,671,671,671,671,676,676,676,676,676,676,676,683,683,683,683,683,683,683,686,686,686,686,686,686,686,691,691,691,691,691,691,691,696,696,696,696,696,696,696,702,702,702,702,702,702,702,709,709,709,709,709,709,709,713,713,713,713,713,713,713,716,716,716,716,716,716,716,719,719,719,719,719,719,719,720,720,720,720,720,720,720,722,722,722,722,722,722,722,724,724,724,724,724,724,724,727,727,727,727,727,727,727,727,727,727,727,727
Region 1,Other,Deaths,11,11,11,11,11,11,11,11,11,11,11,11,11,11,11,11,11,11,11,11,11,11,11,11,11,11,11,11,11,11,11,11,11,11,11,12,12,12,12,12,12,12,12,12,12,12,12,12,12,12,12,12,12,12,12,12,12,12,12,12,12,12,12,13,13,13,13,13,13,13,13,13,13,13,13,13,13,13,13,13,13,13,13,13,13,13,13,13,13,13,13,11,11,11,11,11,11,11,11,11,11,11,11,11,11,11,11,11,11,11,11,11,11,11,11,11,11
Region 1,Other,Cases,1642,1642,1642,1642,1642,1642,1642,1913,1913,1913,1913,1913,1913,1913,2193,2193,2193,2193,2193,2193,2193,2526,2526,2526,2526,2526,2526,2526,2526,2526,2526,2526,2526,2526,2526,2916,2916,2916,2916,2916,2916,2916,3096,3096,3096,3096,3096,3096,3096,3184,3184,3184,3184,3184,3184,3184,3269,3269,3269,3269,3269,3269,3269,3349,3349,3349,3349,3349,3349,3349,3433,3433,3433,3433,3433,3433,3433,3500,3500,3500,3500,3500,3500,3500,3600,3600,3600,3600,3600,3600,3600,3709,3709,3709,3709,3709,3709,3709,3772,3772,3772,3772,3772,3772,3772,3871,3871,3871,3871,3871,3871,3871,3871,3871,3871,3871,3871
Region 1,Unknown,Cases,2869,2869,2869,2869,2869,2869,2869,3043,3043,3043,3043,3043,3043,3043,3157,3157,3157,3157,3157,3157,3157,3361,3361,3361,3361,3361,3361,3361,3361,3361,3361,3361,3361,3361,3361,3445,3445,3445,3445,3445,3445,3445,3227,3227,3227,3227,3227,3227,3227,3127,3127,3127,3127,3127,3127,3127,3115,3115,3115,3115,3115,3115,3115,3126,3126,3126,3126,3126,3126,3126,3151,3151,3151,3151,3151,3151,3151,3015,3015,3015,3015,3015,3015,3015,3021,3021,3021,3021,3021,3021,3021,2997,2997,2997,2997,2997,2997,2997,3036,3036,3036,3036,3036,3036,3036,2987,2987,2987,2987,2987,2987,2987,2987,2987,2987,2987,2987
Region 1,Asian,Deaths,14,14,14,14,14,14,14,14,14,14,14,14,14,14,14,14,14,14,14,14,14,15,15,15,15,15,15,15,16,16,16,16,16,16,16,14,14,14,14,14,14,14,15,15,15,15,15,15,15,14,14,14,14,14,14,14,14,14,14,14,14,14,14,15,15,15,15,15,15,15,15,15,15,15,15,15,15,15,15,15,15,15,15,15,15,15,15,15,15,15,15,15,15,15,15,15,15,15,15,15,15,15,15,15,15,15,15,15,15,15,15,15,15,15,15,15,15
Region 2,American Indian/Alaskan Native,Deaths,0,0,0,0,0,0,0,0,0,0,0,0,0,0,0,0,0,0,0,0,0,0,0,0,0,0,0,0,0,0,0,0,0,0,0,0,0,0,0,0,0,0,0,0,0,0,0,0,0,0,0,0,0,0,0,0,0,0,0,0,0,0,0,0,0,0,0,0,0,0,0,0,0,0,0,0,0,0,0,0,0,0,0,0,0,0,0,0,0,0,0,0,0,0,0,0,0,0,0,0,0,0,0,0,0,0,0,0,0,0,0,0,0,0,0,0,0
Region 2,Unknown,Deaths,0,0,0,0,0,0,0,0,0,0,0,0,0,0,1,1,1,1,1,1,1,1,1,1,1,1,1,1,1,1,1,1,1,1,1,3,3,3,3,3,3,3,0,0,0,0,0,0,0,0,0,0,0,0,0,0,0,0,0,0,0,0,0,0,0,0,0,0,0,0,0,0,0,0,0,0,0,0,0,0,0,0,0,0,0,0,0,0,0,0,0,0,0,0,0,0,0,0,0,0,0,0,0,0,0,0,0,0,0,0,0,0,0,0,0,0,0
Region 2,White,Cases,2348,2348,2348,2348,2348,2348,2348,3095,3095,3095,3095,3095,3095,3095,3800,3800,3800,3800,3800,3800,3800,4578,4578,4578,4578,4578,4578,4578,4578,4578,4578,4578,4578,4578,4578,5791,5791,5791,5791,5791,5791,5791,6313,6313,6313,6313,6313,6313,6313,6980,6980,6980,6980,6980,6980,6980,7232,7232,7232,7232,7232,7232,7232,7740,7740,7740,7740,7740,7740,7740,8068,8068,8068,8068,8068,8068,8068,8426,8426,8426,8426,8426,8426,8426,8605,8605,8605,8605,8605,8605,8605,8777,8777,8777,8777,8777,8777,8777,8903,8903,8903,8903,8903,8903,8903,9141,9141,9141,9141,9141,9141,9141,9141,9141,9141,9141,9141
Region 2,Native Hawaiian/Other Pacific Islander,Deaths,1,1,1,1,1,1,1,1,1,1,1,1,1,1,1,1,1,1,1,1,1,1,1,1,1,1,1,1,1,1,1,1,1,1,1,1,1,1,1,1,1,1,1,1,1,1,1,1,1,1,1,1,1,1,1,1,1,1,1,1,1,1,1,1,1,1,1,1,1,1,1,1,1,1,1,1,1,1,1,1,1,1,1,1,1,1,1,1,1,1,1,1,1,1,1,1,1,1,1,1,1,1,1,1,1,1,1,1,1,1,1,1,1,1,1,1,1
Region 2,Unknown,Cases,1879,1879,1879,1879,1879,1879,1879,1941,1941,1941,1941,1941,1941,1941,2026,2026,2026,2026,2026,2026,2026,2243,2243,2243,2243,2243,2243,2243,2243,2243,2243,2243,2243,2243,2243,2604,2604,2604,2604,2604,2604,2604,2398,2398,2398,2398,2398,2398,2398,2452,2452,2452,2452,2452,2452,2452,2323,2323,2323,2323,2323,2323,2323,2383,2383,2383,2383,2383,2383,2383,2490,2490,2490,2490,2490,2490,2490,2323,2323,2323,2323,2323,2323,2323,2315,2315,2315,2315,2315,2315,2315,2305,2305,2305,2305,2305,2305,2305,2330,2330,2330,2330,2330,2330,2330,2299,2299,2299,2299,2299,2299,2299,2299,2299,2299,2299,2299
Region 2,White,Deaths,196,196,196,196,196,196,196,204,204,204,204,204,204,204,211,211,211,211,211,211,211,224,224,224,224,224,224,224,235,235,235,235,235,235,235,254,254,254,254,254,254,254,277,277,277,277,277,277,277,294,294,294,294,294,294,294,303,303,303,303,303,303,303,314,314,314,314,314,314,314,337,337,337,337,337,337,337,342,342,342,342,342,342,342,349,349,349,349,349,349,349,350,350,350,350,350,350,350,355,355,355,355,355,355,355,357,357,357,357,357,357,357,357,357,357,357,357
Region 2,Asian,Deaths,7,7,7,7,7,7,7,7,7,7,7,7,7,7,7,7,7,7,7,7,7,8,8,8,8,8,8,8,8,8,8,8,8,8,8,8,8,8,8,8,8,8,8,8,8,8,8,8,8,9,9,9,9,9,9,9,9,9,9,9,9,9,9,9,9,9,9,9,9,9,9,9,9,9,9,9,9,9,9,9,9,9,9,9,9,9,9,9,9,9,9,9,9,9,9,9,9,9,9,9,9,9,9,9,9,9,9,9,9,9,9,9,9,9,9,9,9
Region 2,Black,Deaths,276,276,276,276,276,276,276,281,281,281,281,281,281,281,298,298,298,298,298,298,298,310,310,310,310,310,310,310,323,323,323,323,323,323,323,348,348,348,348,348,348,348,367,367,367,367,367,367,367,380,380,380,380,380,380,380,391,391,391,391,391,391,391,401,401,401,401,401,401,401,408,408,408,408,408,408,408,413,413,413,413,413,413,413,416,416,416,416,416,416,416,418,418,418,418,418,418,418,423,423,423,423,423,423,423,428,428,428,428,428,428,428,428,428,428,428,428
Region 2,Other,Deaths,0,0,0,0,0,0,0,0,0,0,0,0,0,0,0,0,0,0,0,0,0,1,1,1,1,1,1,1,1,1,1,1,1,1,1,0,0,0,0,0,0,0,0,0,0,0,0,0,0,1,1,1,1,1,1,1,1,1,1,1,1,1,1,1,1,1,1,1,1,1,2,2,2,2,2,2,2,2,2,2,2,2,2,2,2,2,2,2,2,2,2,2,2,2,2,2,2,2,2,2,2,2,2,2,2,2,2,2,2,2,2,2,2,2,2,2,2
Region 2,Asian,Cases,128,128,128,128,128,128,128,164,164,164,164,164,164,164,316,316,316,316,316,316,316,397,397,397,397,397,397,397,397,397,397,397,397,397,397,550,550,550,550,550,550,550,589,589,589,589,589,589,589,618,618,618,618,618,618,618,639,639,639,639,639,639,639,664,664,664,664,664,664,664,683,683,683,683,683,683,683,698,698,698,698,698,698,698,719,719,719,719,719,719,719,733,733,733,733,733,733,733,747,747,747,747,747,747,747,755,755,755,755,755,755,755,755,755,755,755,755
Region 2,Black,Cases,4052,4052,4052,4052,4052,4052,4052,4916,4916,4916,4916,4916,4916,4916,5806,5806,5806,5806,5806,5806,5806,6775,6775,6775,6775,6775,6775,6775,6775,6775,6775,6775,6775,6775,6775,8309,8309,8309,8309,8309,8309,8309,8822,8822,8822,8822,8822,8822,8822,9354,9354,9354,9354,9354,9354,9354,9661,9661,9661,9661,9661,9661,9661,10125,10125,10125,10125,10125,10125,10125,10413,10413,10413,10413,10413,10413,10413,10642,10642,10642,10642,10642,10642,10642,10781,10781,10781,10781,10781,10781,10781,10889,10889,10889,10889,10889,10889,10889,10987,10987,10987,10987,10987,10987,10987,11141,11141,11141,11141,11141,11141,11141,11141,11141,11141,11141,11141
Region 2,Native Hawaiian/Other Pacific Islander,Cases,9,9,9,9,9,9,9,12,12,12,12,12,12,12,14,14,14,14,14,14,14,15,15,15,15,15,15,15,15,15,15,15,15,15,15,18,18,18,18,18,18,18,18,18,18,18,18,18,18,17,17,17,17,17,17,17,17,17,17,17,17,17,17,17,17,17,17,17,17,17,18,18,18,18,18,18,18,17,17,17,17,17,17,17,17,17,17,17,17,17,17,17,17,17,17,17,17,17,17,17,17,17,17,17,17,19,19,19,19,19,19,19,19,19,19,19,19
Region 2,Other,Cases,824,824,824,824,824,824,824,1023,1023,1023,1023,1023,1023,1023,1184,1184,1184,1184,1184,1184,1184,1339,1339,1339,1339,1339,1339,1339,1339,1339,1339,1339,1339,1339,1339,1544,1544,1544,1544,1544,1544,1544,1719,1719,1719,1719,1719,1719,1719,1843,1843,1843,1843,1843,1843,1843,1948,1948,1948,1948,1948,1948,1948,2019,2019,2019,2019,2019,2019,2019,2143,2143,2143,2143,2143,2143,2143,2222,2222,2222,2222,2222,2222,2222,2260,2260,2260,2260,2260,2260,2260,2258,2258,2258,2258,2258,2258,2258,2273,2273,2273,2273,2273,2273,2273,2289,2289,2289,2289,2289,2289,2289,2289,2289,2289,2289,2289
Region 2,American Indian/Alaskan Native,Cases,14,14,14,14,14,14,14,18,18,18,18,18,18,18,19,19,19,19,19,19,19,21,21,21,21,21,21,21,21,21,21,21,21,21,21,24,24,24,24,24,24,24,25,25,25,25,25,25,25,28,28,28,28,28,28,28,27,27,27,27,27,27,27,28,28,28,28,28,28,28,29,29,29,29,29,29,29,29,29,29,29,29,29,29,30,30,30,30,30,30,30,31,31,31,31,31,31,31,31,31,31,31,31,31,31,34,34,34,34,34,34,34,34,34,34,34,34
Region 3,Other,Cases,275,275,275,275,275,275,275,371,371,371,371,371,371,371,465,465,465,465,465,465,465,566,566,566,566,566,566,566,566,566,566,566,566,566,566,726,726,726,726,726,726,726,807,807,807,807,807,807,807,838,838,838,838,838,838,838,863,863,863,863,863,863,863,883,883,883,883,883,883,883,911,911,911,911,911,911,911,950,950,950,950,950,950,950,972,972,972,972,972,972,972,981,981,981,981,981,981,981,988,988,988,988,988,988,988,988,988,988,988,988,988,988,988,988,988,988,988
Region 3,American Indian/Alaskan Native,Cases,39,39,39,39,39,39,39,58,58,58,58,58,58,58,72,72,72,72,72,72,72,87,87,87,87,87,87,87,87,87,87,87,87,87,87,125,125,125,125,125,125,125,132,132,132,132,132,132,132,140,140,140,140,140,140,140,144,144,144,144,144,144,144,151,151,151,151,151,151,151,157,157,157,157,157,157,157,159,159,159,159,159,159,159,162,162,162,162,162,162,162,165,165,165,165,165,165,165,167,167,167,167,167,167,167,170,170,170,170,170,170,170,170,170,170,170,170
Region 3,Asian,Cases,91,91,91,91,91,91,91,117,117,117,117,117,117,117,313,313,313,313,313,313,313,355,355,355,355,355,355,355,355,355,355,355,355,355,355,472,472,472,472,472,472,472,503,503,503,503,503,503,503,517,517,517,517,517,517,517,533,533,533,533,533,533,533,543,543,543,543,543,543,543,551,551,551,551,551,551,551,564,564,564,564,564,564,564,571,571,571,571,571,571,571,583,583,583,583,583,583,583,592,592,592,592,592,592,592,595,595,595,595,595,595,595,595,595,595,595,595
Region 3,Unknown,Cases,818,818,818,818,818,818,818,945,945,945,945,945,945,945,1076,1076,1076,1076,1076,1076,1076,1230,1230,1230,1230,1230,1230,1230,1230,1230,1230,1230,1230,1230,1230,1130,1130,1130,1130,1130,1130,1130,1120,1120,1120,1120,1120,1120,1120,1052,1052,1052,1052,1052,1052,1052,1014,1014,1014,1014,1014,1014,1014,992,992,992,992,992,992,992,1014,1014,1014,1014,1014,1014,1014,967,967,967,967,967,967,967,983,983,983,983,983,983,983,955,955,955,955,955,955,955,966,966,966,966,966,966,966,965,965,965,965,965,965,965,965,965,965,965,965
Region 3,Black,Cases,2602,2602,2602,2602,2602,2602,2602,2971,2971,2971,2971,2971,2971,2971,3383,3383,3383,3383,3383,3383,3383,3857,3857,3857,3857,3857,3857,3857,3857,3857,3857,3857,3857,3857,3857,4471,4471,4471,4471,4471,4471,4471,4629,4629,4629,4629,4629,4629,4629,4721,4721,4721,4721,4721,4721,4721,4809,4809,4809,4809,4809,4809,4809,4883,4883,4883,4883,4883,4883,4883,4986,4986,4986,4986,4986,4986,4986,5056,5056,5056,5056,5056,5056,5056,5122,5122,5122,5122,5122,5122,5122,5169,5169,5169,5169,5169,5169,5169,5196,5196,5196,5196,5196,5196,5196,5265,5265,5265,5265,5265,5265,5265,5265,5265,5265,5265,5265
Region 3,Unknown,Deaths,0,0,0,0,0,0,0,0,0,0,0,0,0,0,0,0,0,0,0,0,0,0,0,0,0,0,0,0,0,0,0,0,0,0,0,3,3,3,3,3,3,3,0,0,0,0,0,0,0,0,0,0,0,0,0,0,0,0,0,0,0,0,0,0,0,0,0,0,0,0,0,0,0,0,0,0,0,0,0,0,0,0,0,0,0,0,0,0,0,0,0,0,0,0,0,0,0,0,0,0,0,0,0,0,0,0,0,0,0,0,0,0,0,0,0,0,0
Region 3,Native Hawaiian/Other Pacific Islander,Cases,5,5,5,5,5,5,5,5,5,5,5,5,5,5,7,7,7,7,7,7,7,14,14,14,14,14,14,14,14,14,14,14,14,14,14,15,15,15,15,15,15,15,13,13,13,13,13,13,13,14,14,14,14,14,14,14,16,16,16,16,16,16,16,17,17,17,17,17,17,17,16,16,16,16,16,16,16,16,16,16,16,16,16,16,16,16,16,16,16,16,16,16,16,16,16,16,16,16,16,16,16,16,16,16,16,16,16,16,16,16,16,16,16,16,16,16,16
Region 3,White,Cases,1968,1968,1968,1968,1968,1968,1968,2558,2558,2558,2558,2558,2558,2558,3132,3132,3132,3132,3132,3132,3132,3780,3780,3780,3780,3780,3780,3780,3780,3780,3780,3780,3780,3780,3780,4835,4835,4835,4835,4835,4835,4835,5131,5131,5131,5131,5131,5131,5131,5431,5431,5431,5431,5431,5431,5431,5595,5595,5595,5595,5595,5595,5595,5806,5806,5806,5806,5806,5806,5806,5989,5989,5989,5989,5989,5989,5989,6212,6212,6212,6212,6212,6212,6212,6363,6363,6363,6363,6363,6363,6363,6516,6516,6516,6516,6516,6516,6516,6626,6626,6626,6626,6626,6626,6626,6794,6794,6794,6794,6794,6794,6794,6794,6794,6794,6794,6794
Region 3,Other,Deaths,0,0,0,0,0,0,0,0,0,0,0,0,0,0,0,0,0,0,0,0,0,0,0,0,0,0,0,0,0,0,0,0,0,0,0,0,0,0,0,0,0,0,0,0,0,0,0,0,0,0,0,0,0,0,0,0,0,0,0,0,0,0,0,0,0,0,0,0,0,0,0,0,0,0,0,0,0,0,0,0,0,0,0,0,0,0,0,0,0,0,0,0,0,0,0,0,0,0,0,0,0,0,0,0,0,0,0,0,0,0,0,0,0,0,0,0,0
Region 3,White,Deaths,194,194,194,194,194,194,194,201,201,201,201,201,201,201,209,209,209,209,209,209,209,214,214,214,214,214,214,214,223,223,223,223,223,223,223,233,233,233,233,233,233,233,250,250,250,250,250,250,250,259,259,259,259,259,259,259,268,268,268,268,268,268,268,278,278,278,278,278,278,278,287,287,287,287,287,287,287,293,293,293,293,293,293,293,300,300,300,300,300,300,300,305,305,305,305,305,305,305,307,307,307,307,307,307,307,313,313,313,313,313,313,313,313,313,313,313,313
Region 3,American Indian/Alaskan Native,Deaths,3,3,3,3,3,3,3,3,3,3,3,3,3,3,3,3,3,3,3,3,3,3,3,3,3,3,3,3,3,3,3,3,3,3,3,3,3,3,3,3,3,3,3,3,3,3,3,3,3,3,3,3,3,3,3,3,3,3,3,3,3,3,3,3,3,3,3,3,3,3,3,3,3,3,3,3,3,3,3,3,3,3,3,3,4,4,4,4,4,4,4,4,4,4,4,4,4,4,4,4,4,4,4,4,4,4,4,4,4,4,4,4,4,4,4,4,4
Region 3,Black,Deaths,168,168,168,168,168,168,168,173,173,173,173,173,173,173,173,173,173,173,173,173,173,179,179,179,179,179,179,179,187,187,187,187,187,187,187,193,193,193,193,193,193,193,200,200,200,200,200,200,200,207,207,207,207,207,207,207,212,212,212,212,212,212,212,216,216,216,216,216,216,216,222,222,222,222,222,222,222,227,227,227,227,227,227,227,230,230,230,230,230,230,230,233,233,233,233,233,233,233,239,239,239,239,239,239,239,244,244,244,244,244,244,244,244,244,244,244,244
Region 3,Native Hawaiian/Other Pacific Islander,Deaths,0,0,0,0,0,0,0,0,0,0,0,0,0,0,0,0,0,0,0,0,0,0,0,0,0,0,0,0,0,0,0,0,0,0,0,0,0,0,0,0,0,0,0,0,0,0,0,0,0,0,0,0,0,0,0,0,0,0,0,0,0,0,0,0,0,0,0,0,0,0,0,0,0,0,0,0,0,0,0,0,0,0,0,0,0,0,0,0,0,0,0,0,0,0,0,0,0,0,0,0,0,0,0,0,0,0,0,0,0,0,0,0,0,0,0,0,0
Region 3,Asian,Deaths,1,1,1,1,1,1,1,1,1,1,1,1,1,1,1,1,1,1,1,1,1,1,1,1,1,1,1,1,2,2,2,2,2,2,2,2,2,2,2,2,2,2,3,3,3,3,3,3,3,3,3,3,3,3,3,3,3,3,3,3,3,3,3,3,3,3,3,3,3,3,3,3,3,3,3,3,3,3,3,3,3,3,3,3,3,3,3,3,3,3,3,3,3,3,3,3,3,3,3,3,3,3,3,3,3,3,3,3,3,3,3,3,3,3,3,3,3
Region 4,Asian,Cases,96,96,96,96,96,96,96,210,210,210,210,210,210,210,887,887,887,887,887,887,887,1029,1029,1029,1029,1029,1029,1029,1029,1029,1029,1029,1029,1029,1029,1320,1320,1320,1320,1320,1320,1320,1417,1417,1417,1417,1417,1417,1417,1476,1476,1476,1476,1476,1476,1476,1505,1505,1505,1505,1505,1505,1505,1547,1547,1547,1547,1547,1547,1547,1578,1578,1578,1578,1578,1578,1578,1609,1609,1609,1609,1609,1609,1609,1649,1649,1649,1649,1649,1649,1649,1686,1686,1686,1686,1686,1686,1686,1705,1705,1705,1705,1705,1705,1705,1733,1733,1733,1733,1733,1733,1733,1733,1733,1733,1733,1733
Region 4,Black,Deaths,63,63,63,63,63,63,63,70,70,70,70,70,70,70,85,85,85,85,85,85,85,105,105,105,105,105,105,105,117,117,117,117,117,117,117,133,133,133,133,133,133,133,154,154,154,154,154,154,154,172,172,172,172,172,172,172,180,180,180,180,180,180,180,184,184,184,184,184,184,184,193,193,193,193,193,193,193,200,200,200,200,200,200,200,202,202,202,202,202,202,202,207,207,207,207,207,207,207,208,208,208,208,208,208,208,213,213,213,213,213,213,213,213,213,213,213,213
Region 4,White,Cases,1992,1992,1992,1992,1992,1992,1992,3133,3133,3133,3133,3133,3133,3133,4217,4217,4217,4217,4217,4217,4217,5287,5287,5287,5287,5287,5287,5287,5287,5287,5287,5287,5287,5287,5287,6772,6772,6772,6772,6772,6772,6772,7587,7587,7587,7587,7587,7587,7587,7871,7871,7871,7871,7871,7871,7871,8188,8188,8188,8188,8188,8188,8188,8398,8398,8398,8398,8398,8398,8398,8655,8655,8655,8655,8655,8655,8655,8886,8886,8886,8886,8886,8886,8886,9047,9047,9047,9047,9047,9047,9047,9276,9276,9276,9276,9276,9276,9276,9438,9438,9438,9438,9438,9438,9438,9640,9640,9640,9640,9640,9640,9640,9640,9640,9640,9640,9640
Region 4,White,Deaths,166,166,166,166,166,166,166,184,184,184,184,184,184,184,203,203,203,203,203,203,203,227,227,227,227,227,227,227,255,255,255,255,255,255,255,286,286,286,286,286,286,286,315,315,315,315,315,315,315,338,338,338,338,338,338,338,351,351,351,351,351,351,351,362,362,362,362,362,362,362,371,371,371,371,371,371,371,380,380,380,380,380,380,380,392,392,392,392,392,392,392,403,403,403,403,403,403,403,410,410,410,410,410,410,410,417,417,417,417,417,417,417,417,417,417,417,417
Region 4,Unknown,Cases,1833,1833,1833,1833,1833,1833,1833,2008,2008,2008,2008,2008,2008,2008,2008,2008,2008,2008,2008,2008,2008,2228,2228,2228,2228,2228,2228,2228,2228,2228,2228,2228,2228,2228,2228,3269,3269,3269,3269,3269,3269,3269,2510,2510,2510,2510,2510,2510,2510,2487,2487,2487,2487,2487,2487,2487,2445,2445,2445,2445,2445,2445,2445,2475,2475,2475,2475,2475,2475,2475,2628,2628,2628,2628,2628,2628,2628,2468,2468,2468,2468,2468,2468,2468,2516,2516,2516,2516,2516,2516,2516,2494,2494,2494,2494,2494,2494,2494,2551,2551,2551,2551,2551,2551,2551,2500,2500,2500,2500,2500,2500,2500,2500,2500,2500,2500,2500
Region 4,Black,Cases,2339,2339,2339,2339,2339,2339,2339,3309,3309,3309,3309,3309,3309,3309,4102,4102,4102,4102,4102,4102,4102,5135,5135,5135,5135,5135,5135,5135,5135,5135,5135,5135,5135,5135,5135,6441,6441,6441,6441,6441,6441,6441,7082,7082,7082,7082,7082,7082,7082,7243,7243,7243,7243,7243,7243,7243,7470,7470,7470,7470,7470,7470,7470,7629,7629,7629,7629,7629,7629,7629,7770,7770,7770,7770,7770,7770,7770,7918,7918,7918,7918,7918,7918,7918,8034,8034,8034,8034,8034,8034,8034,8107,8107,8107,8107,8107,8107,8107,8174,8174,8174,8174,8174,8174,8174,8251,8251,8251,8251,8251,8251,8251,8251,8251,8251,8251,8251
Region 4,American Indian/Alaskan Native,Cases,5,5,5,5,5,5,5,6,6,6,6,6,6,6,12,12,12,12,12,12,12,17,17,17,17,17,17,17,17,17,17,17,17,17,17,20,20,20,20,20,20,20,19,19,19,19,19,19,19,21,21,21,21,21,21,21,21,21,21,21,21,21,21,24,24,24,24,24,24,24,24,24,24,24,24,24,24,28,28,28,28,28,28,28,28,28,28,28,28,28,28,29,29,29,29,29,29,29,30,30,30,30,30,30,30,33,33,33,33,33,33,33,33,33,33,33,33
Region 4,Asian,Deaths,0,0,0,0,0,0,0,0,0,0,0,0,0,0,0,0,0,0,0,0,0,0,0,0,0,0,0,0,0,0,0,0,0,0,0,1,1,1,1,1,1,1,1,1,1,1,1,1,1,1,1,1,1,1,1,1,1,1,1,1,1,1,1,1,1,1,1,1,1,1,1,1,1,1,1,1,1,1,1,1,1,1,1,1,1,1,1,1,1,1,1,1,1,1,1,1,1,1,1,1,1,1,1,1,1,1,1,1,1,1,1,1,1,1,1,1,1
Region 4,Native Hawaiian/Other Pacific Islander,Deaths,0,0,0,0,0,0,0,0,0,0,0,0,0,0,0,0,0,0,0,0,0,0,0,0,0,0,0,0,0,0,0,0,0,0,0,0,0,0,0,0,0,0,0,0,0,0,0,0,0,0,0,0,0,0,0,0,0,0,0,0,0,0,0,0,0,0,0,0,0,0,0,0,0,0,0,0,0,0,0,0,0,0,0,0,0,0,0,0,0,0,0,0,0,0,0,0,0,0,0,0,0,0,0,0,0,0,0,0,0,0,0,0,0,0,0,0,0
Region 4,Native Hawaiian/Other Pacific Islander,Cases,8,8,8,8,8,8,8,15,15,15,15,15,15,15,16,16,16,16,16,16,16,17,17,17,17,17,17,17,17,17,17,17,17,17,17,20,20,20,20,20,20,20,19,19,19,19,19,19,19,20,20,20,20,20,20,20,22,22,22,22,22,22,22,24,24,24,24,24,24,24,20,20,20,20,20,20,20,20,20,20,20,20,20,20,21,21,21,21,21,21,21,21,21,21,21,21,21,21,21,21,21,21,21,21,21,20,20,20,20,20,20,20,20,20,20,20,20
Region 4,Other,Cases,890,890,890,890,890,890,890,1154,1154,1154,1154,1154,1154,1154,1379,1379,1379,1379,1379,1379,1379,1587,1587,1587,1587,1587,1587,1587,1587,1587,1587,1587,1587,1587,1587,1898,1898,1898,1898,1898,1898,1898,2095,2095,2095,2095,2095,2095,2095,2115,2115,2115,2115,2115,2115,2115,2199,2199,2199,2199,2199,2199,2199,2235,2235,2235,2235,2235,2235,2235,2291,2291,2291,2291,2291,2291,2291,2326,2326,2326,2326,2326,2326,2326,2341,2341,2341,2341,2341,2341,2341,2355,2355,2355,2355,2355,2355,2355,2373,2373,2373,2373,2373,2373,2373,2384,2384,2384,2384,2384,2384,2384,2384,2384,2384,2384,2384
Region 4,American Indian/Alaskan Native,Deaths,0,0,0,0,0,0,0,0,0,0,0,0,0,0,0,0,0,0,0,0,0,0,0,0,0,0,0,0,0,0,0,0,0,0,0,0,0,0,0,0,0,0,0,0,0,0,0,0,0,0,0,0,0,0,0,0,0,0,0,0,0,0,0,0,0,0,0,0,0,0,0,0,0,0,0,0,0,0,0,0,0,0,0,0,0,0,0,0,0,0,0,0,0,0,0,0,0,0,0,0,0,0,0,0,0,0,0,0,0,0,0,0,0,0,0,0,0
Region 4,Other,Deaths,0,0,0,0,0,0,0,0,0,0,0,0,0,0,1,1,1,1,1,1,1,1,1,1,1,1,1,1,2,2,2,2,2,2,2,2,2,2,2,2,2,2,2,2,2,2,2,2,2,4,4,4,4,4,4,4,4,4,4,4,4,4,4,4,4,4,4,4,4,4,5,5,5,5,5,5,5,5,5,5,5,5,5,5,5,5,5,5,5,5,5,5,5,5,5,5,5,5,6,6,6,6,6,6,6,6,6,6,6,6,6,6,6,6,6,6,6
Region 4,Unknown,Deaths,0,0,0,0,0,0,0,1,1,1,1,1,1,1,3,3,3,3,3,3,3,0,0,0,0,0,0,0,1,1,1,1,1,1,1,7,7,7,7,7,7,7,1,1,1,1,1,1,1,0,0,0,0,0,0,0,0,0,0,0,0,0,0,0,0,0,0,0,0,0,0,0,0,0,0,0,0,0,0,0,0,0,0,0,0,0,0,0,0,0,0,0,0,0,0,0,0,0,0,0,0,0,0,0,0,0,0,0,0,0,0,0,0,0,0,0,0
Region 5,Black,Cases,764,764,764,764,764,764,764,1250,1250,1250,1250,1250,1250,1250,1681,1681,1681,1681,1681,1681,1681,2221,2221,2221,2221,2221,2221,2221,2221,2221,2221,2221,2221,2221,2221,2721,2721,2721,2721,2721,2721,2721,2906,2906,2906,2906,2906,2906,2906,2980,2980,2980,2980,2980,2980,2980,3079,3079,3079,3079,3079,3079,3079,3095,3095,3095,3095,3095,3095,3095,3135,3135,3135,3135,3135,3135,3135,3168,3168,3168,3168,3168,3168,3168,3214,3214,3214,3214,3214,3214,3214,3243,3243,3243,3243,3243,3243,3243,3276,3276,3276,3276,3276,3276,3276,3304,3304,3304,3304,3304,3304,3304,3304,3304,3304,3304,3304
Region 5,Native Hawaiian/Other Pacific Islander,Cases,3,3,3,3,3,3,3,3,3,3,3,3,3,3,3,3,3,3,3,3,3,2,2,2,2,2,2,2,2,2,2,2,2,2,2,4,4,4,4,4,4,4,5,5,5,5,5,5,5,6,6,6,6,6,6,6,6,6,6,6,6,6,6,6,6,6,6,6,6,6,6,6,6,6,6,6,6,7,7,7,7,7,7,7,7,7,7,7,7,7,7,7,7,7,7,7,7,7,8,8,8,8,8,8,8,8,8,8,8,8,8,8,8,8,8,8,8
Region 5,Asian,Deaths,0,0,0,0,0,0,0,0,0,0,0,0,0,0,0,0,0,0,0,0,0,0,0,0,0,0,0,0,0,0,0,0,0,0,0,0,0,0,0,0,0,0,1,1,1,1,1,1,1,1,1,1,1,1,1,1,1,1,1,1,1,1,1,1,1,1,1,1,1,1,1,1,1,1,1,1,1,2,2,2,2,2,2,2,3,3,3,3,3,3,3,3,3,3,3,3,3,3,3,3,3,3,3,3,3,3,3,3,3,3,3,3,3,3,3,3,3
Region 5,Asian,Cases,55,55,55,55,55,55,55,147,147,147,147,147,147,147,544,544,544,544,544,544,544,610,610,610,610,610,610,610,610,610,610,610,610,610,610,724,724,724,724,724,724,724,759,759,759,759,759,759,759,775,775,775,775,775,775,775,783,783,783,783,783,783,783,791,791,791,791,791,791,791,797,797,797,797,797,797,797,799,799,799,799,799,799,799,823,823,823,823,823,823,823,877,877,877,877,877,877,877,895,895,895,895,895,895,895,930,930,930,930,930,930,930,930,930,930,930,930
Region 5,Other,Cases,155,155,155,155,155,155,155,248,248,248,248,248,248,248,365,365,365,365,365,365,365,509,509,509,509,509,509,509,509,509,509,509,509,509,509,625,625,625,625,625,625,625,669,669,669,669,669,669,669,681,681,681,681,681,681,681,720,720,720,720,720,720,720,738,738,738,738,738,738,738,742,742,742,742,742,742,742,755,755,755,755,755,755,755,761,761,761,761,761,761,761,784,784,784,784,784,784,784,793,793,793,793,793,793,793,806,806,806,806,806,806,806,806,806,806,806,806
Region 5,American Indian/Alaskan Native,Deaths,0,0,0,0,0,0,0,0,0,0,0,0,0,0,0,0,0,0,0,0,0,0,0,0,0,0,0,0,0,0,0,0,0,0,0,0,0,0,0,0,0,0,0,0,0,0,0,0,0,0,0,0,0,0,0,0,0,0,0,0,0,0,0,0,0,0,0,0,0,0,0,0,0,0,0,0,0,0,0,0,0,0,0,0,0,0,0,0,0,0,0,0,0,0,0,0,0,0,1,1,1,1,1,1,1,1,1,1,1,1,1,1,1,1,1,1,1
Region 5,American Indian/Alaskan Native,Cases,7,7,7,7,7,7,7,10,10,10,10,10,10,10,10,10,10,10,10,10,10,15,15,15,15,15,15,15,15,15,15,15,15,15,15,25,25,25,25,25,25,25,25,25,25,25,25,25,25,26,26,26,26,26,26,26,26,26,26,26,26,26,26,27,27,27,27,27,27,27,29,29,29,29,29,29,29,29,29,29,29,29,29,29,29,29,29,29,29,29,29,31,31,31,31,31,31,31,32,32,32,32,32,32,32,33,33,33,33,33,33,33,33,33,33,33,33
Region 5,Black,Deaths,34,34,34,34,34,34,34,39,39,39,39,39,39,39,46,46,46,46,46,46,46,50,50,50,50,50,50,50,58,58,58,58,58,58,58,64,64,64,64,64,64,64,74,74,74,74,74,74,74,81,81,81,81,81,81,81,84,84,84,84,84,84,84,86,86,86,86,86,86,86,91,91,91,91,91,91,91,93,93,93,93,93,93,93,96,96,96,96,96,96,96,97,97,97,97,97,97,97,99,99,99,99,99,99,99,99,99,99,99,99,99,99,99,99,99,99,99
Region 5,Unknown,Cases,1339,1339,1339,1339,1339,1339,1339,1271,1271,1271,1271,1271,1271,1271,1497,1497,1497,1497,1497,1497,1497,1566,1566,1566,1566,1566,1566,1566,1566,1566,1566,1566,1566,1566,1566,1728,1728,1728,1728,1728,1728,1728,1509,1509,1509,1509,1509,1509,1509,1520,1520,1520,1520,1520,1520,1520,1484,1484,1484,1484,1484,1484,1484,1456,1456,1456,1456,1456,1456,1456,1496,1496,1496,1496,1496,1496,1496,1472,1472,1472,1472,1472,1472,1472,1464,1464,1464,1464,1464,1464,1464,1472,1472,1472,1472,1472,1472,1472,1494,1494,1494,1494,1494,1494,1494,1503,1503,1503,1503,1503,1503,1503,1503,1503,1503,1503,1503
Region 5,White,Deaths,51,51,51,51,51,51,51,68,68,68,68,68,68,68,85,85,85,85,85,85,85,111,111,111,111,111,111,111,131,131,131,131,131,131,131,149,149,149,149,149,149,149,175,175,175,175,175,175,175,196,196,196,196,196,196,196,210,210,210,210,210,210,210,216,216,216,216,216,216,216,227,227,227,227,227,227,227,234,234,234,234,234,234,234,237,237,237,237,237,237,237,241,241,241,241,241,241,241,249,249,249,249,249,249,249,255,255,255,255,255,255,255,255,255,255,255,255
Region 5,Other,Deaths,3,3,3,3,3,3,3,4,4,4,4,4,4,4,4,4,4,4,4,4,4,4,4,4,4,4,4,4,4,4,4,4,4,4,4,4,4,4,4,4,4,4,4,4,4,4,4,4,4,4,4,4,4,4,4,4,4,4,4,4,4,4,4,5,5,5,5,5,5,5,4,4,4,4,4,4,4,5,5,5,5,5,5,5,5,5,5,5,5,5,5,5,5,5,5,5,5,5,4,4,4,4,4,4,4,4,4,4,4,4,4,4,4,4,4,4,4
Region 5,White,Cases,1117,1117,1117,1117,1117,1117,1117,1872,1872,1872,1872,1872,1872,1872,2507,2507,2507,2507,2507,2507,2507,3403,3403,3403,3403,3403,3403,3403,3403,3403,3403,3403,3403,3403,3403,4292,4292,4292,4292,4292,4292,4292,4678,4678,4678,4678,4678,4678,4678,4943,4943,4943,4943,4943,4943,4943,5082,5082,5082,5082,5082,5082,5082,5148,5148,5148,5148,5148,5148,5148,5309,5309,5309,5309,5309,5309,5309,5476,5476,5476,5476,5476,5476,5476,5610,5610,5610,5610,5610,5610,5610,5747,5747,5747,5747,5747,5747,5747,5860,5860,5860,5860,5860,5860,5860,6004,6004,6004,6004,6004,6004,6004,6004,6004,6004,6004,6004
Region 5,Unknown,Deaths,0,0,0,0,0,0,0,0,0,0,0,0,0,0,2,2,2,2,2,2,2,0,0,0,0,0,0,0,1,1,1,1,1,1,1,6,6,6,6,6,6,6,0,0,0,0,0,0,0,0,0,0,0,0,0,0,0,0,0,0,0,0,0,0,0,0,0,0,0,0,0,0,0,0,0,0,0,0,0,0,0,0,0,0,0,0,0,0,0,0,0,0,0,0,0,0,0,0,0,0,0,0,0,0,0,0,0,0,0,0,0,0,0,0,0,0,0
Region 5,Native Hawaiian/Other Pacific Islander,Deaths,0,0,0,0,0,0,0,0,0,0,0,0,0,0,0,0,0,0,0,0,0,0,0,0,0,0,0,0,0,0,0,0,0,0,0,0,0,0,0,0,0,0,0,0,0,0,0,0,0,0,0,0,0,0,0,0,0,0,0,0,0,0,0,0,0,0,0,0,0,0,0,0,0,0,0,0,0,0,0,0,0,0,0,0,0,0,0,0,0,0,0,0,0,0,0,0,0,0,0,0,0,0,0,0,0,0,0,0,0,0,0,0,0,0,0,0,0
Region 6,Unknown,Deaths,0,0,0,0,0,0,0,0,0,0,0,0,0,0,0,0,0,0,0,0,0,0,0,0,0,0,0,0,0,0,0,0,0,0,0,1,1,1,1,1,1,1,0,0,0,0,0,0,0,0,0,0,0,0,0,0,0,0,0,0,0,0,0,0,0,0,0,0,0,0,0,0,0,0,0,0,0,0,0,0,0,0,0,0,0,0,0,0,0,0,0,0,0,0,0,0,0,0,0,0,0,0,0,0,0,0,0,0,0,0,0,0,0,0,0,0,0
Region 6,Other,Cases,242,242,242,242,242,242,242,309,309,309,309,309,309,309,367,367,367,367,367,367,367,419,419,419,419,419,419,419,419,419,419,419,419,419,419,500,500,500,500,500,500,500,557,557,557,557,557,557,557,618,618,618,618,618,618,618,650,650,650,650,650,650,650,674,674,674,674,674,674,674,696,696,696,696,696,696,696,713,713,713,713,713,713,713,733,733,733,733,733,733,733,747,747,747,747,747,747,747,755,755,755,755,755,755,755,770,770,770,770,770,770,770,770,770,770,770,770
Region 6,Asian,Cases,47,47,47,47,47,47,47,104,104,104,104,104,104,104,413,413,413,413,413,413,413,491,491,491,491,491,491,491,491,491,491,491,491,491,491,615,615,615,615,615,615,615,672,672,672,672,672,672,672,737,737,737,737,737,737,737,769,769,769,769,769,769,769,791,791,791,791,791,791,791,822,822,822,822,822,822,822,843,843,843,843,843,843,843,866,866,866,866,866,866,866,908,908,908,908,908,908,908,932,932,932,932,932,932,932,964,964,964,964,964,964,964,964,964,964,964,964
Region 6,Native Hawaiian/Other Pacific Islander,Deaths,0,0,0,0,0,0,0,0,0,0,0,0,0,0,0,0,0,0,0,0,0,0,0,0,0,0,0,0,0,0,0,0,0,0,0,0,0,0,0,0,0,0,0,0,0,0,0,0,0,0,0,0,0,0,0,0,0,0,0,0,0,0,0,0,0,0,0,0,0,0,0,0,0,0,0,0,0,0,0,0,0,0,0,0,0,0,0,0,0,0,0,0,0,0,0,0,0,0,0,0,0,0,0,0,0,0,0,0,0,0,0,0,0,0,0,0,0
Region 6,Black,Deaths,56,56,56,56,56,56,56,62,62,62,62,62,62,62,73,73,73,73,73,73,73,86,86,86,86,86,86,86,97,97,97,97,97,97,97,103,103,103,103,103,103,103,109,109,109,109,109,109,109,115,115,115,115,115,115,115,118,118,118,118,118,118,118,118,118,118,118,118,118,118,122,122,122,122,122,122,122,129,129,129,129,129,129,129,131,131,131,131,131,131,131,136,136,136,136,136,136,136,138,138,138,138,138,138,138,140,140,140,140,140,140,140,140,140,140,140,140
Region 6,Asian,Deaths,0,0,0,0,0,0,0,0,0,0,0,0,0,0,0,0,0,0,0,0,0,0,0,0,0,0,0,0,1,1,1,1,1,1,1,1,1,1,1,1,1,1,1,1,1,1,1,1,1,1,1,1,1,1,1,1,1,1,1,1,1,1,1,1,1,1,1,1,1,1,1,1,1,1,1,1,1,1,1,1,1,1,1,1,1,1,1,1,1,1,1,1,1,1,1,1,1,1,1,1,1,1,1,1,1,1,1,1,1,1,1,1,1,1,1,1,1
Region 6,White,Cases,809,809,809,809,809,809,809,1022,1022,1022,1022,1022,1022,1022,1246,1246,1246,1246,1246,1246,1246,1598,1598,1598,1598,1598,1598,1598,1598,1598,1598,1598,1598,1598,1598,2130,2130,2130,2130,2130,2130,2130,2466,2466,2466,2466,2466,2466,2466,2715,2715,2715,2715,2715,2715,2715,2864,2864,2864,2864,2864,2864,2864,2990,2990,2990,2990,2990,2990,2990,3144,3144,3144,3144,3144,3144,3144,3292,3292,3292,3292,3292,3292,3292,3393,3393,3393,3393,3393,3393,3393,3502,3502,3502,3502,3502,3502,3502,3615,3615,3615,3615,3615,3615,3615,3748,3748,3748,3748,3748,3748,3748,3748,3748,3748,3748,3748
Region 6,White,Deaths,48,48,48,48,48,48,48,62,62,62,62,62,62,62,78,78,78,78,78,78,78,85,85,85,85,85,85,85,100,100,100,100,100,100,100,118,118,118,118,118,118,118,143,143,143,143,143,143,143,160,160,160,160,160,160,160,167,167,167,167,167,167,167,172,172,172,172,172,172,172,186,186,186,186,186,186,186,194,194,194,194,194,194,194,203,203,203,203,203,203,203,208,208,208,208,208,208,208,213,213,213,213,213,213,213,219,219,219,219,219,219,219,219,219,219,219,219
Region 6,Native Hawaiian/Other Pacific Islander,Cases,0,0,0,0,0,0,0,0,0,0,0,0,0,0,0,0,0,0,0,0,0,1,1,1,1,1,1,1,1,1,1,1,1,1,1,1,1,1,1,1,1,1,1,1,1,1,1,1,1,1,1,1,1,1,1,1,1,1,1,1,1,1,1,1,1,1,1,1,1,1,1,1,1,1,1,1,1,1,1,1,1,1,1,1,1,1,1,1,1,1,1,1,1,1,1,1,1,1,1,1,1,1,1,1,1,1,1,1,1,1,1,1,1,1,1,1,1
Region 6,American Indian/Alaskan Native,Deaths,0,0,0,0,0,0,0,0,0,0,0,0,0,0,0,0,0,0,0,0,0,0,0,0,0,0,0,0,0,0,0,0,0,0,0,0,0,0,0,0,0,0,0,0,0,0,0,0,0,0,0,0,0,0,0,0,0,0,0,0,0,0,0,0,0,0,0,0,0,0,0,0,0,0,0,0,0,0,0,0,0,0,0,0,0,0,0,0,0,0,0,0,0,0,0,0,0,0,0,0,0,0,0,0,0,0,0,0,0,0,0,0,0,0,0,0,0
Region 6,American Indian/Alaskan Native,Cases,6,6,6,6,6,6,6,9,9,9,9,9,9,9,11,11,11,11,11,11,11,13,13,13,13,13,13,13,13,13,13,13,13,13,13,18,18,18,18,18,18,18,19,19,19,19,19,19,19,18,18,18,18,18,18,18,19,19,19,19,19,19,19,19,19,19,19,19,19,19,20,20,20,20,20,20,20,21,21,21,21,21,21,21,21,21,21,21,21,21,21,21,21,21,21,21,21,21,21,21,21,21,21,21,21,21,21,21,21,21,21,21,21,21,21,21,21
Region 6,Other,Deaths,1,1,1,1,1,1,1,1,1,1,1,1,1,1,1,1,1,1,1,1,1,1,1,1,1,1,1,1,1,1,1,1,1,1,1,1,1,1,1,1,1,1,1,1,1,1,1,1,1,1,1,1,1,1,1,1,2,2,2,2,2,2,2,2,2,2,2,2,2,2,2,2,2,2,2,2,2,2,2,2,2,2,2,2,2,2,2,2,2,2,2,1,1,1,1,1,1,1,1,1,1,1,1,1,1,1,1,1,1,1,1,1,1,1,1,1,1
Region 6,Unknown,Cases,862,862,862,862,862,862,862,1019,1019,1019,1019,1019,1019,1019,1022,1022,1022,1022,1022,1022,1022,1163,1163,1163,1163,1163,1163,1163,1163,1163,1163,1163,1163,1163,1163,1295,1295,1295,1295,1295,1295,1295,1130,1130,1130,1130,1130,1130,1130,1212,1212,1212,1212,1212,1212,1212,1186,1186,1186,1186,1186,1186,1186,1187,1187,1187,1187,1187,1187,1187,1257,1257,1257,1257,1257,1257,1257,1179,1179,1179,1179,1179,1179,1179,1204,1204,1204,1204,1204,1204,1204,1200,1200,1200,1200,1200,1200,1200,1232,1232,1232,1232,1232,1232,1232,1216,1216,1216,1216,1216,1216,1216,1216,1216,1216,1216,1216
Region 6,Black,Cases,1064,1064,1064,1064,1064,1064,1064,1253,1253,1253,1253,1253,1253,1253,1493,1493,1493,1493,1493,1493,1493,1771,1771,1771,1771,1771,1771,1771,1771,1771,1771,1771,1771,1771,1771,2242,2242,2242,2242,2242,2242,2242,2491,2491,2491,2491,2491,2491,2491,2605,2605,2605,2605,2605,2605,2605,2749,2749,2749,2749,2749,2749,2749,2836,2836,2836,2836,2836,2836,2836,2914,2914,2914,2914,2914,2914,2914,3000,3000,3000,3000,3000,3000,3000,3074,3074,3074,3074,3074,3074,3074,3155,3155,3155,3155,3155,3155,3155,3208,3208,3208,3208,3208,3208,3208,3276,3276,3276,3276,3276,3276,3276,3276,3276,3276,3276,3276
Region 7,White,Cases,1536,1536,1536,1536,1536,1536,1536,1996,1996,1996,1996,1996,1996,1996,2372,2372,2372,2372,2372,2372,2372,2881,2881,2881,2881,2881,2881,2881,2881,2881,2881,2881,2881,2881,2881,3664,3664,3664,3664,3664,3664,3664,3980,3980,3980,3980,3980,3980,3980,4192,4192,4192,4192,4192,4192,4192,4462,4462,4462,4462,4462,4462,4462,4753,4753,4753,4753,4753,4753,4753,5014,5014,5014,5014,5014,5014,5014,5420,5420,5420,5420,5420,5420,5420,5771,5771,5771,5771,5771,5771,5771,6121,6121,6121,6121,6121,6121,6121,6463,6463,6463,6463,6463,6463,6463,6989,6989,6989,6989,6989,6989,6989,6989,6989,6989,6989,6989
Region 7,Native Hawaiian/Other Pacific Islander,Cases,3,3,3,3,3,3,3,5,5,5,5,5,5,5,6,6,6,6,6,6,6,9,9,9,9,9,9,9,9,9,9,9,9,9,9,11,11,11,11,11,11,11,11,11,11,11,11,11,11,11,11,11,11,11,11,11,12,12,12,12,12,12,12,14,14,14,14,14,14,14,15,15,15,15,15,15,15,16,16,16,16,16,16,16,16,16,16,16,16,16,16,16,16,16,16,16,16,16,16,16,16,16,16,16,16,17,17,17,17,17,17,17,17,17,17,17,17
Region 7,Native Hawaiian/Other Pacific Islander,Deaths,1,1,1,1,1,1,1,1,1,1,1,1,1,1,1,1,1,1,1,1,1,1,1,1,1,1,1,1,1,1,1,1,1,1,1,2,2,2,2,2,2,2,2,2,2,2,2,2,2,1,1,1,1,1,1,1,1,1,1,1,1,1,1,1,1,1,1,1,1,1,1,1,1,1,1,1,1,2,2,2,2,2,2,2,2,2,2,2,2,2,2,2,2,2,2,2,2,2,2,2,2,2,2,2,2,2,2,2,2,2,2,2,2,2,2,2,2
Region 7,Black,Deaths,240,240,240,240,240,240,240,249,249,249,249,249,249,249,260,260,260,260,260,260,260,271,271,271,271,271,271,271,286,286,286,286,286,286,286,295,295,295,295,295,295,295,307,307,307,307,307,307,307,315,315,315,315,315,315,315,324,324,324,324,324,324,324,334,334,334,334,334,334,334,339,339,339,339,339,339,339,346,346,346,346,346,346,346,349,349,349,349,349,349,349,357,357,357,357,357,357,357,362,362,362,362,362,362,362,371,371,371,371,371,371,371,371,371,371,371,371
Region 7,Unknown,Deaths,0,0,0,0,0,0,0,0,0,0,0,0,0,0,6,6,6,6,6,6,6,0,0,0,0,0,0,0,2,2,2,2,2,2,2,1,1,1,1,1,1,1,0,0,0,0,0,0,0,0,0,0,0,0,0,0,0,0,0,0,0,0,0,0,0,0,0,0,0,0,0,0,0,0,0,0,0,0,0,0,0,0,0,0,1,1,1,1,1,1,1,0,0,0,0,0,0,0,0,0,0,0,0,0,0,0,0,0,0,0,0,0,0,0,0,0,0
Region 7,Unknown,Cases,890,890,890,890,890,890,890,954,954,954,954,954,954,954,990,990,990,990,990,990,990,1144,1144,1144,1144,1144,1144,1144,1144,1144,1144,1144,1144,1144,1144,1221,1221,1221,1221,1221,1221,1221,1126,1126,1126,1126,1126,1126,1126,1097,1097,1097,1097,1097,1097,1097,1062,1062,1062,1062,1062,1062,1062,1096,1096,1096,1096,1096,1096,1096,1187,1187,1187,1187,1187,1187,1187,1160,1160,1160,1160,1160,1160,1160,1140,1140,1140,1140,1140,1140,1140,1141,1141,1141,1141,1141,1141,1141,1178,1178,1178,1178,1178,1178,1178,1190,1190,1190,1190,1190,1190,1190,1190,1190,1190,1190,1190
Region 7,Asian,Deaths,0,0,0,0,0,0,0,0,0,0,0,0,0,0,0,0,0,0,0,0,0,1,1,1,1,1,1,1,1,1,1,1,1,1,1,1,1,1,1,1,1,1,1,1,1,1,1,1,1,1,1,1,1,1,1,1,2,2,2,2,2,2,2,2,2,2,2,2,2,2,2,2,2,2,2,2,2,2,2,2,2,2,2,2,2,2,2,2,2,2,2,2,2,2,2,2,2,2,2,2,2,2,2,2,2,3,3,3,3,3,3,3,3,3,3,3,3
Region 7,Other,Cases,341,341,341,341,341,341,341,474,474,474,474,474,474,474,548,548,548,548,548,548,548,634,634,634,634,634,634,634,634,634,634,634,634,634,634,803,803,803,803,803,803,803,862,862,862,862,862,862,862,902,902,902,902,902,902,902,950,950,950,950,950,950,950,974,974,974,974,974,974,974,1005,1005,1005,1005,1005,1005,1005,1034,1034,1034,1034,1034,1034,1034,1070,1070,1070,1070,1070,1070,1070,1094,1094,1094,1094,1094,1094,1094,1127,1127,1127,1127,1127,1127,1127,1159,1159,1159,1159,1159,1159,1159,1159,1159,1159,1159,1159
Region 7,Asian,Cases,134,134,134,134,134,134,134,255,255,255,255,255,255,255,599,599,599,599,599,599,599,673,673,673,673,673,673,673,673,673,673,673,673,673,673,810,810,810,810,810,810,810,858,858,858,858,858,858,858,889,889,889,889,889,889,889,921,921,921,921,921,921,921,959,959,959,959,959,959,959,1002,1002,1002,1002,1002,1002,1002,1037,1037,1037,1037,1037,1037,1037,1092,1092,1092,1092,1092,1092,1092,1164,1164,1164,1164,1164,1164,1164,1224,1224,1224,1224,1224,1224,1224,1307,1307,1307,1307,1307,1307,1307,1307,1307,1307,1307,1307
Region 7,White,Deaths,129,129,129,129,129,129,129,133,133,133,133,133,133,133,150,150,150,150,150,150,150,168,168,168,168,168,168,168,182,182,182,182,182,182,182,198,198,198,198,198,198,198,211,211,211,211,211,211,211,229,229,229,229,229,229,229,239,239,239,239,239,239,239,249,249,249,249,249,249,249,257,257,257,257,257,257,257,270,270,270,270,270,270,270,284,284,284,284,284,284,284,301,301,301,301,301,301,301,310,310,310,310,310,310,310,322,322,322,322,322,322,322,322,322,322,322,322
Region 7,Other,Deaths,0,0,0,0,0,0,0,0,0,0,0,0,0,0,0,0,0,0,0,0,0,0,0,0,0,0,0,0,0,0,0,0,0,0,0,0,0,0,0,0,0,0,0,0,0,0,0,0,0,0,0,0,0,0,0,0,0,0,0,0,0,0,0,0,0,0,0,0,0,0,0,0,0,0,0,0,0,0,0,0,0,0,0,0,0,0,0,0,0,0,0,0,0,0,0,0,0,0,0,0,0,0,0,0,0,0,0,0,0,0,0,0,0,0,0,0,0
Region 7,American Indian/Alaskan Native,Cases,13,13,13,13,13,13,13,18,18,18,18,18,18,18,27,27,27,27,27,27,27,31,31,31,31,31,31,31,31,31,31,31,31,31,31,40,40,40,40,40,40,40,46,46,46,46,46,46,46,47,47,47,47,47,47,47,50,50,50,50,50,50,50,52,52,52,52,52,52,52,53,53,53,53,53,53,53,56,56,56,56,56,56,56,58,58,58,58,58,58,58,61,61,61,61,61,61,61,61,61,61,61,61,61,61,69,69,69,69,69,69,69,69,69,69,69,69
Region 7,Black,Cases,3516,3516,3516,3516,3516,3516,3516,4143,4143,4143,4143,4143,4143,4143,4770,4770,4770,4770,4770,4770,4770,5397,5397,5397,5397,5397,5397,5397,5397,5397,5397,5397,5397,5397,5397,6417,6417,6417,6417,6417,6417,6417,6822,6822,6822,6822,6822,6822,6822,7028,7028,7028,7028,7028,7028,7028,7285,7285,7285,7285,7285,7285,7285,7508,7508,7508,7508,7508,7508,7508,7704,7704,7704,7704,7704,7704,7704,7946,7946,7946,7946,7946,7946,7946,8232,8232,8232,8232,8232,8232,8232,8491,8491,8491,8491,8491,8491,8491,8782,8782,8782,8782,8782,8782,8782,9134,9134,9134,9134,9134,9134,9134,9134,9134,9134,9134,9134
Region 7,American Indian/Alaskan Native,Deaths,0,0,0,0,0,0,0,0,0,0,0,0,0,0,0,0,0,0,0,0,0,0,0,0,0,0,0,0,0,0,0,0,0,0,0,0,0,0,0,0,0,0,0,0,0,0,0,0,0,0,0,0,0,0,0,0,0,0,0,0,0,0,0,0,0,0,0,0,0,0,0,0,0,0,0,0,0,0,0,0,0,0,0,0,0,0,0,0,0,0,0,0,0,0,0,0,0,0,0,0,0,0,0,0,0,0,0,0,0,0,0,0,0,0,0,0,0
Region 8,Other,Deaths,1,1,1,1,1,1,1,1,1,1,1,1,1,1,1,1,1,1,1,1,1,1,1,1,1,1,1,1,1,1,1,1,1,1,1,1,1,1,1,1,1,1,1,1,1,1,1,1,1,1,1,1,1,1,1,1,2,2,2,2,2,2,2,3,3,3,3,3,3,3,2,2,2,2,2,2,2,3,3,3,3,3,3,3,3,3,3,3,3,3,3,3,3,3,3,3,3,3,2,2,2,2,2,2,2,2,2,2,2,2,2,2,2,2,2,2,2
Region 8,Other,Cases,757,757,757,757,757,757,757,997,997,997,997,997,997,997,1130,1130,1130,1130,1130,1130,1130,1279,1279,1279,1279,1279,1279,1279,1279,1279,1279,1279,1279,1279,1279,1597,1597,1597,1597,1597,1597,1597,1755,1755,1755,1755,1755,1755,1755,1820,1820,1820,1820,1820,1820,1820,1968,1968,1968,1968,1968,1968,1968,2058,2058,2058,2058,2058,2058,2058,2146,2146,2146,2146,2146,2146,2146,2203,2203,2203,2203,2203,2203,2203,2215,2215,2215,2215,2215,2215,2215,2235,2235,2235,2235,2235,2235,2235,2253,2253,2253,2253,2253,2253,2253,2297,2297,2297,2297,2297,2297,2297,2297,2297,2297,2297,2297
Region 8,Black,Cases,2611,2611,2611,2611,2611,2611,2611,3012,3012,3012,3012,3012,3012,3012,3378,3378,3378,3378,3378,3378,3378,3843,3843,3843,3843,3843,3843,3843,3843,3843,3843,3843,3843,3843,3843,4554,4554,4554,4554,4554,4554,4554,4844,4844,4844,4844,4844,4844,4844,5034,5034,5034,5034,5034,5034,5034,5206,5206,5206,5206,5206,5206,5206,5377,5377,5377,5377,5377,5377,5377,5523,5523,5523,5523,5523,5523,5523,5695,5695,5695,5695,5695,5695,5695,5861,5861,5861,5861,5861,5861,5861,6043,6043,6043,6043,6043,6043,6043,6179,6179,6179,6179,6179,6179,6179,6316,6316,6316,6316,6316,6316,6316,6316,6316,6316,6316,6316
Region 8,Native Hawaiian/Other Pacific Islander,Cases,2,2,2,2,2,2,2,1,1,1,1,1,1,1,1,1,1,1,1,1,1,2,2,2,2,2,2,2,2,2,2,2,2,2,2,2,2,2,2,2,2,2,2,2,2,2,2,2,2,2,2,2,2,2,2,2,2,2,2,2,2,2,2,2,2,2,2,2,2,2,2,2,2,2,2,2,2,2,2,2,2,2,2,2,2,2,2,2,2,2,2,2,2,2,2,2,2,2,3,3,3,3,3,3,3,3,3,3,3,3,3,3,3,3,3,3,3
Region 8,Unknown,Cases,1249,1249,1249,1249,1249,1249,1249,1273,1273,1273,1273,1273,1273,1273,1376,1376,1376,1376,1376,1376,1376,1448,1448,1448,1448,1448,1448,1448,1448,1448,1448,1448,1448,1448,1448,1698,1698,1698,1698,1698,1698,1698,1549,1549,1549,1549,1549,1549,1549,1645,1645,1645,1645,1645,1645,1645,1567,1567,1567,1567,1567,1567,1567,1608,1608,1608,1608,1608,1608,1608,1742,1742,1742,1742,1742,1742,1742,1661,1661,1661,1661,1661,1661,1661,1689,1689,1689,1689,1689,1689,1689,1693,1693,1693,1693,1693,1693,1693,1768,1768,1768,1768,1768,1768,1768,1721,1721,1721,1721,1721,1721,1721,1721,1721,1721,1721,1721
Region 8,Unknown,Deaths,1,1,1,1,1,1,1,0,0,0,0,0,0,0,0,0,0,0,0,0,0,0,0,0,0,0,0,0,1,1,1,1,1,1,1,0,0,0,0,0,0,0,0,0,0,0,0,0,0,0,0,0,0,0,0,0,0,0,0,0,0,0,0,0,0,0,0,0,0,0,0,0,0,0,0,0,0,0,0,0,0,0,0,0,0,0,0,0,0,0,0,0,0,0,0,0,0,0,0,0,0,0,0,0,0,0,0,0,0,0,0,0,0,0,0,0,0
Region 8,Asian,Cases,159,159,159,159,159,159,159,204,204,204,204,204,204,204,440,440,440,440,440,440,440,486,486,486,486,486,486,486,486,486,486,486,486,486,486,570,570,570,570,570,570,570,614,614,614,614,614,614,614,640,640,640,640,640,640,640,663,663,663,663,663,663,663,687,687,687,687,687,687,687,720,720,720,720,720,720,720,777,777,777,777,777,777,777,827,827,827,827,827,827,827,874,874,874,874,874,874,874,947,947,947,947,947,947,947,1006,1006,1006,1006,1006,1006,1006,1006,1006,1006,1006,1006
Region 8,Black,Deaths,97,97,97,97,97,97,97,103,103,103,103,103,103,103,111,111,111,111,111,111,111,117,117,117,117,117,117,117,121,121,121,121,121,121,121,132,132,132,132,132,132,132,138,138,138,138,138,138,138,152,152,152,152,152,152,152,159,159,159,159,159,159,159,163,163,163,163,163,163,163,170,170,170,170,170,170,170,177,177,177,177,177,177,177,180,180,180,180,180,180,180,186,186,186,186,186,186,186,192,192,192,192,192,192,192,194,194,194,194,194,194,194,194,194,194,194,194
Region 8,Asian,Deaths,0,0,0,0,0,0,0,0,0,0,0,0,0,0,0,0,0,0,0,0,0,0,0,0,0,0,0,0,0,0,0,0,0,0,0,0,0,0,0,0,0,0,0,0,0,0,0,0,0,0,0,0,0,0,0,0,0,0,0,0,0,0,0,1,1,1,1,1,1,1,1,1,1,1,1,1,1,1,1,1,1,1,1,1,1,1,1,1,1,1,1,1,1,1,1,1,1,1,2,2,2,2,2,2,2,3,3,3,3,3,3,3,3,3,3,3,3
Region 8,American Indian/Alaskan Native,Cases,4,4,4,4,4,4,4,6,6,6,6,6,6,6,7,7,7,7,7,7,7,9,9,9,9,9,9,9,9,9,9,9,9,9,9,9,9,9,9,9,9,9,11,11,11,11,11,11,11,12,12,12,12,12,12,12,13,13,13,13,13,13,13,13,13,13,13,13,13,13,13,13,13,13,13,13,13,14,14,14,14,14,14,14,14,14,14,14,14,14,14,14,14,14,14,14,14,14,15,15,15,15,15,15,15,15,15,15,15,15,15,15,15,15,15,15,15
Region 8,White,Deaths,81,81,81,81,81,81,81,92,92,92,92,92,92,92,98,98,98,98,98,98,98,101,101,101,101,101,101,101,107,107,107,107,107,107,107,122,122,122,122,122,122,122,134,134,134,134,134,134,134,143,143,143,143,143,143,143,147,147,147,147,147,147,147,152,152,152,152,152,152,152,161,161,161,161,161,161,161,167,167,167,167,167,167,167,172,172,172,172,172,172,172,179,179,179,179,179,179,179,183,183,183,183,183,183,183,194,194,194,194,194,194,194,194,194,194,194,194
Region 8,White,Cases,1036,1036,1036,1036,1036,1036,1036,1226,1226,1226,1226,1226,1226,1226,1428,1428,1428,1428,1428,1428,1428,1695,1695,1695,1695,1695,1695,1695,1695,1695,1695,1695,1695,1695,1695,2162,2162,2162,2162,2162,2162,2162,2434,2434,2434,2434,2434,2434,2434,2523,2523,2523,2523,2523,2523,2523,2727,2727,2727,2727,2727,2727,2727,2901,2901,2901,2901,2901,2901,2901,3079,3079,3079,3079,3079,3079,3079,3347,3347,3347,3347,3347,3347,3347,3598,3598,3598,3598,3598,3598,3598,3811,3811,3811,3811,3811,3811,3811,3992,3992,3992,3992,3992,3992,3992,4217,4217,4217,4217,4217,4217,4217,4217,4217,4217,4217,4217
Region 8,American Indian/Alaskan Native,Deaths,0,0,0,0,0,0,0,0,0,0,0,0,0,0,0,0,0,0,0,0,0,0,0,0,0,0,0,0,0,0,0,0,0,0,0,0,0,0,0,0,0,0,0,0,0,0,0,0,0,0,0,0,0,0,0,0,0,0,0,0,0,0,0,0,0,0,0,0,0,0,0,0,0,0,0,0,0,0,0,0,0,0,0,0,0,0,0,0,0,0,0,0,0,0,0,0,0,0,0,0,0,0,0,0,0,0,0,0,0,0,0,0,0,0,0,0,0
Region 8,Native Hawaiian/Other Pacific Islander,Deaths,0,0,0,0,0,0,0,0,0,0,0,0,0,0,0,0,0,0,0,0,0,0,0,0,0,0,0,0,0,0,0,0,0,0,0,0,0,0,0,0,0,0,1,1,1,1,1,1,1,1,1,1,1,1,1,1,1,1,1,1,1,1,1,1,1,1,1,1,1,1,1,1,1,1,1,1,1,1,1,1,1,1,1,1,1,1,1,1,1,1,1,1,1,1,1,1,1,1,1,1,1,1,1,1,1,1,1,1,1,1,1,1,1,1,1,1,1
Region 9,Unknown,Cases,780,780,780,780,780,780,780,879,879,879,879,879,879,879,867,867,867,867,867,867,867,989,989,989,989,989,989,989,989,989,989,989,989,989,989,1118,1118,1118,1118,1118,1118,1118,1019,1019,1019,1019,1019,1019,1019,1045,1045,1045,1045,1045,1045,1045,928,928,928,928,928,928,928,920,920,920,920,920,920,920,960,960,960,960,960,960,960,911,911,911,911,911,911,911,905,905,905,905,905,905,905,899,899,899,899,899,899,899,1144,1144,1144,1144,1144,1144,1144,902,902,902,902,902,902,902,902,902,902,902,902
Region 9,White,Deaths,232,232,232,232,232,232,232,247,247,247,247,247,247,247,258,258,258,258,258,258,258,277,277,277,277,277,277,277,297,297,297,297,297,297,297,309,309,309,309,309,309,309,328,328,328,328,328,328,328,342,342,342,342,342,342,342,363,363,363,363,363,363,363,372,372,372,372,372,372,372,386,386,386,386,386,386,386,396,396,396,396,396,396,396,405,405,405,405,405,405,405,414,414,414,414,414,414,414,419,419,419,419,419,419,419,423,423,423,423,423,423,423,423,423,423,423,423
Region 9,Native Hawaiian/Other Pacific Islander,Cases,4,4,4,4,4,4,4,5,5,5,5,5,5,5,7,7,7,7,7,7,7,7,7,7,7,7,7,7,7,7,7,7,7,7,7,8,8,8,8,8,8,8,9,9,9,9,9,9,9,10,10,10,10,10,10,10,10,10,10,10,10,10,10,9,9,9,9,9,9,9,8,8,8,8,8,8,8,7,7,7,7,7,7,7,7,7,7,7,7,7,7,7,7,7,7,7,7,7,8,8,8,8,8,8,8,9,9,9,9,9,9,9,9,9,9,9,9
Region 9,Black,Cases,1633,1633,1633,1633,1633,1633,1633,1963,1963,1963,1963,1963,1963,1963,2278,2278,2278,2278,2278,2278,2278,2633,2633,2633,2633,2633,2633,2633,2633,2633,2633,2633,2633,2633,2633,3082,3082,3082,3082,3082,3082,3082,3363,3363,3363,3363,3363,3363,3363,3505,3505,3505,3505,3505,3505,3505,3623,3623,3623,3623,3623,3623,3623,3745,3745,3745,3745,3745,3745,3745,3820,3820,3820,3820,3820,3820,3820,3913,3913,3913,3913,3913,3913,3913,3977,3977,3977,3977,3977,3977,3977,4032,4032,4032,4032,4032,4032,4032,4089,4089,4089,4089,4089,4089,4089,4235,4235,4235,4235,4235,4235,4235,4235,4235,4235,4235,4235
Region 9,Asian,Cases,111,111,111,111,111,111,111,185,185,185,185,185,185,185,447,447,447,447,447,447,447,495,495,495,495,495,495,495,495,495,495,495,495,495,495,599,599,599,599,599,599,599,633,633,633,633,633,633,633,687,687,687,687,687,687,687,708,708,708,708,708,708,708,745,745,745,745,745,745,745,779,779,779,779,779,779,779,808,808,808,808,808,808,808,832,832,832,832,832,832,832,851,851,851,851,851,851,851,871,871,871,871,871,871,871,889,889,889,889,889,889,889,889,889,889,889,889
Region 9,American Indian/Alaskan Native,Cases,17,17,17,17,17,17,17,19,19,19,19,19,19,19,22,22,22,22,22,22,22,25,25,25,25,25,25,25,25,25,25,25,25,25,25,31,31,31,31,31,31,31,33,33,33,33,33,33,33,35,35,35,35,35,35,35,35,35,35,35,35,35,35,36,36,36,36,36,36,36,35,35,35,35,35,35,35,35,35,35,35,35,35,35,35,35,35,35,35,35,35,35,35,35,35,35,35,35,35,35,35,35,35,35,35,36,36,36,36,36,36,36,36,36,36,36,36
Region 9,Unknown,Deaths,0,0,0,0,0,0,0,0,0,0,0,0,0,0,1,1,1,1,1,1,1,0,0,0,0,0,0,0,1,1,1,1,1,1,1,1,1,1,1,1,1,1,0,0,0,0,0,0,0,0,0,0,0,0,0,0,0,0,0,0,0,0,0,0,0,0,0,0,0,0,0,0,0,0,0,0,0,0,0,0,0,0,0,0,0,0,0,0,0,0,0,0,0,0,0,0,0,0,0,0,0,0,0,0,0,0,0,0,0,0,0,0,0,0,0,0,0
Region 9,Other,Deaths,0,0,0,0,0,0,0,0,0,0,0,0,0,0,0,0,0,0,0,0,0,0,0,0,0,0,0,0,0,0,0,0,0,0,0,0,0,0,0,0,0,0,0,0,0,0,0,0,0,0,0,0,0,0,0,0,0,0,0,0,0,0,0,1,1,1,1,1,1,1,0,0,0,0,0,0,0,1,1,1,1,1,1,1,1,1,1,1,1,1,1,1,1,1,1,1,1,1,1,1,1,1,1,1,1,1,1,1,1,1,1,1,1,1,1,1,1
Region 9,Native Hawaiian/Other Pacific Islander,Deaths,0,0,0,0,0,0,0,0,0,0,0,0,0,0,0,0,0,0,0,0,0,0,0,0,0,0,0,0,0,0,0,0,0,0,0,0,0,0,0,0,0,0,0,0,0,0,0,0,0,0,0,0,0,0,0,0,0,0,0,0,0,0,0,0,0,0,0,0,0,0,0,0,0,0,0,0,0,0,0,0,0,0,0,0,0,0,0,0,0,0,0,0,0,0,0,0,0,0,0,0,0,0,0,0,0,0,0,0,0,0,0,0,0,0,0,0,0
Region 9,Black,Deaths,75,75,75,75,75,75,75,76,76,76,76,76,76,76,81,81,81,81,81,81,81,83,83,83,83,83,83,83,85,85,85,85,85,85,85,95,95,95,95,95,95,95,98,98,98,98,98,98,98,102,102,102,102,102,102,102,105,105,105,105,105,105,105,109,109,109,109,109,109,109,110,110,110,110,110,110,110,113,113,113,113,113,113,113,114,114,114,114,114,114,114,116,116,116,116,116,116,116,118,118,118,118,118,118,118,119,119,119,119,119,119,119,119,119,119,119,119
Region 9,Asian,Deaths,1,1,1,1,1,1,1,1,1,1,1,1,1,1,1,1,1,1,1,1,1,1,1,1,1,1,1,1,1,1,1,1,1,1,1,1,1,1,1,1,1,1,1,1,1,1,1,1,1,1,1,1,1,1,1,1,1,1,1,1,1,1,1,1,1,1,1,1,1,1,1,1,1,1,1,1,1,1,1,1,1,1,1,1,1,1,1,1,1,1,1,1,1,1,1,1,1,1,1,1,1,1,1,1,1,1,1,1,1,1,1,1,1,1,1,1,1
Region 9,American Indian/Alaskan Native,Deaths,0,0,0,0,0,0,0,0,0,0,0,0,0,0,0,0,0,0,0,0,0,0,0,0,0,0,0,0,0,0,0,0,0,0,0,0,0,0,0,0,0,0,0,0,0,0,0,0,0,0,0,0,0,0,0,0,0,0,0,0,0,0,0,0,0,0,0,0,0,0,0,0,0,0,0,0,0,0,0,0,0,0,0,0,0,0,0,0,0,0,0,0,0,0,0,0,0,0,0,0,0,0,0,0,0,0,0,0,0,0,0,0,0,0,0,0,0
Region 9,Other,Cases,426,426,426,426,426,426,426,524,524,524,524,524,524,524,603,603,603,603,603,603,603,698,698,698,698,698,698,698,698,698,698,698,698,698,698,825,825,825,825,825,825,825,925,925,925,925,925,925,925,973,973,973,973,973,973,973,1018,1018,1018,1018,1018,1018,1018,1029,1029,1029,1029,1029,1029,1029,1061,1061,1061,1061,1061,1061,1061,1068,1068,1068,1068,1068,1068,1068,1084,1084,1084,1084,1084,1084,1084,1099,1099,1099,1099,1099,1099,1099,1116,1116,1116,1116,1116,1116,1116,1161,1161,1161,1161,1161,1161,1161,1161,1161,1161,1161,1161
Region 9,White,Cases,3252,3252,3252,3252,3252,3252,3252,4141,4141,4141,4141,4141,4141,4141,5184,5184,5184,5184,5184,5184,5184,6146,6146,6146,6146,6146,6146,6146,6146,6146,6146,6146,6146,6146,6146,7629,7629,7629,7629,7629,7629,7629,8183,8183,8183,8183,8183,8183,8183,8797,8797,8797,8797,8797,8797,8797,8994,8994,8994,8994,8994,8994,8994,9471,9471,9471,9471,9471,9471,9471,9834,9834,9834,9834,9834,9834,9834,10179,10179,10179,10179,10179,10179,10179,10423,10423,10423,10423,10423,10423,10423,10739,10739,10739,10739,10739,10739,10739,11027,11027,11027,11027,11027,11027,11027,11442,11442,11442,11442,11442,11442,11442,11442,11442,11442,11442,11442
