Geography,Category,03/24/2020,03/25/2020,03/26/2020,03/27/2020,03/28/2020,03/29/2020,03/30/2020,03/31/2020,04/01/2020,04/02/2020,04/03/2020,04/04/2020,04/05/2020,04/06/2020,04/07/2020,04/08/2020,04/09/2020,04/10/2020,04/11/2020,04/12/2020,04/13/2020,04/14/2020,04/15/2020,04/16/2020,04/17/2020,04/18/2020,04/19/2020,04/20/2020,04/21/2020,04/22/2020,04/23/2020,04/24/2020,04/25/2020,04/26/2020,04/27/2020,04/28/2020,04/29/2020,04/30/2020,05/01/2020,05/02/2020,05/03/2020,05/04/2020,05/05/2020,05/06/2020,05/07/2020,05/08/2020,05/09/2020,05/10/2020,05/11/2020,05/12/2020,05/13/2020,05/14/2020,05/15/2020,05/16/2020,05/17/2020,05/18/2020,05/19/2020,05/20/2020,05/21/2020,05/22/2020,05/23/2020,05/24/2020,05/25/2020,05/26/2020,05/27/2020,05/28/2020,05/29/2020,05/30/2020,05/31/2020,06/01/2020,06/02/2020,06/03/2020,06/04/2020,06/05/2020,06/06/2020,06/07/2020,06/08/2020,06/09/2020,06/10/2020,06/11/2020,06/12/2020,06/13/2020,06/14/2020,06/15/2020,06/16/2020,06/17/2020,06/18/2020,06/19/2020,06/20/2020,06/21/2020,06/22/2020,06/23/2020,06/24/2020,06/25/2020,06/26/2020,06/27/2020,06/28/2020,06/29/2020,06/30/2020,07/01/2020,07/02/2020,07/03/2020,07/04/2020,07/05/2020,07/06/2020,07/07/2020,07/08/2020,07/09/2020,07/10/2020,07/11/2020,07/12/2020,07/13/2020,07/14/2020,07/15/2020,07/16/2020,07/17/2020,07/18/2020,07/19/2020,07/20/2020,07/21/2020,07/22/2020,07/23/2020,07/24/2020,07/25/2020,07/26/2020,07/27/2020,07/28/2020,07/29/2020,07/30/2020,07/31/2020,08/01/2020,08/02/2020,08/03/2020,08/04/2020,08/05/2020,08/06/2020,08/07/2020,08/08/2020,08/09/2020,08/10/2020,08/11/2020,08/12/2020,08/13/2020,08/14/2020,08/15/2020,08/16/2020,08/17/2020,08/18/2020,08/19/2020,08/20/2020,08/21/2020,08/22/2020,08/23/2020,08/24/2020,08/25/2020,08/26/2020,08/27/2020,08/28/2020,08/29/2020,08/30/2020,08/31/2020,09/01/2020,09/02/2020,09/03/2020,09/04/2020,09/05/2020,09/06/2020,09/07/2020,09/08/2020,09/09/2020,09/10/2020,09/11/2020,09/12/2020,09/13/2020,09/14/2020,09/15/2020,09/16/2020,09/17/2020,09/18/2020,09/19/2020,09/20/2020,09/21/2020,09/22/2020,09/23/2020,09/24/2020,09/25/2020,09/26/2020,09/27/2020,09/28/2020,09/29/2020,09/30/2020,10/01/2020,10/02/2020,10/03/2020,10/04/2020,10/05/2020,10/06/2020,10/07/2020,10/08/2020,10/09/2020,10/10/2020,10/11/2020,10/12/2020,10/13/2020,10/14/2020,10/15/2020,10/16/2020,10/17/2020,10/18/2020,10/19/2020,10/20/2020,10/21/2020,10/22/2020,10/23/2020,10/24/2020,10/25/2020,10/26/2020,10/27/2020,10/28/2020,10/29/2020,10/30/2020,10/31/2020,11/01/2020,11/02/2020,11/03/2020,11/04/2020,11/05/2020,11/06/2020,11/07/2020,11/08/2020,11/09/2020,11/10/2020,11/11/2020,11/12/2020,11/13/2020,11/14/2020,11/15/2020,11/16/2020,11/17/2020,11/18/2020,11/19/2020,11/20/2020,11/21/2020,11/22/2020,11/23/2020,11/24/2020,11/25/2020,11/26/2020,11/27/2020,11/28/2020,11/29/2020,11/30/2020,12/01/2020,12/02/2020,12/03/2020,12/04/2020,12/05/2020,12/06/2020,12/07/2020,12/08/2020,12/09/2020,12/10/2020,12/11/2020,12/12/2020,12/13/2020,12/14/2020,12/15/2020,12/16/2020,12/17/2020,12/18/2020,12/19/2020,12/20/2020,12/21/2020,12/22/2020,12/23/2020,12/24/2020,12/25/2020,12/26/2020,12/27/2020,12/28/2020,12/29/2020,12/30/2020,12/31/2020,01/01/2021,01/02/2021,01/03/2021,01/04/2021,01/05/2021,01/06/2021,01/07/2021,01/08/2021,01/09/2021,01/10/2021,01/11/2021,01/12/2021,01/13/2021,01/14/2021,01/15/2021,01/16/2021,01/17/2021,01/18/2021,01/19/2021,01/20/2021,01/21/2021,01/22/2021,01/23/2021,01/24/2021,01/25/2021,01/26/2021,01/27/2021,01/28/2021,01/29/2021,01/30/2021,01/31/2021,02/01/2021,02/02/2021,02/03/2021,02/04/2021,02/05/2021,02/06/2021,02/07/2021,02/08/2021,02/09/2021,02/10/2021,02/11/2021,02/12/2021,02/13/2021,02/14/2021,02/15/2021,02/16/2021,02/17/2021,02/18/2021,02/19/2021,02/20/2021,02/21/2021,02/22/2021,02/23/2021,02/24/2021,02/25/2021,02/26/2021,02/27/2021,02/28/2021,03/01/2021,03/02/2021,03/03/2021,03/04/2021,03/05/2021,03/06/2021,03/07/2021,03/08/2021,03/09/2021,03/10/2021,03/11/2021,03/12/2021,03/13/2021,03/14/2021,03/15/2021,03/16/2021,03/17/2021,03/18/2021,03/19/2021,03/20/2021,03/21/2021,03/22/2021,03/23/2021,03/24/2021,03/25/2021,03/26/2021,03/27/2021,03/28/2021,03/29/2021,03/30/2021,03/31/2021,04/01/2021,04/02/2021,04/03/2021,04/04/2021,04/05/2021,04/06/2021,04/07/2021,04/08/2021,04/09/2021,04/10/2021,04/11/2021,04/12/2021,04/13/2021,04/14/2021,04/15/2021,04/16/2021,04/17/2021,04/18/2021,04/19/2021,04/20/2021,04/21/2021,04/22/2021,04/23/2021,04/24/2021,04/25/2021,04/26/2021,04/27/2021,04/28/2021,04/29/2021,04/30/2021,05/01/2021,05/02/2021,05/03/2021,05/04/2021,05/05/2021,05/06/2021,05/07/2021,05/08/2021,05/09/2021,05/10/2021,05/11/2021,05/12/2021,05/13/2021,05/14/2021,05/15/2021,05/16/2021,05/17/2021,05/18/2021,05/19/2021,05/20/2021,05/21/2021,05/22/2021,05/23/2021,05/24/2021,05/25/2021,05/26/2021,05/27/2021,05/28/2021,05/29/2021,05/30/2021,05/31/2021,06/01/2021,06/02/2021,06/03/2021,06/04/2021,06/05/2021,06/06/2021,06/07/2021,06/08/2021,06/09/2021,06/10/2021,06/11/2021,06/12/2021,06/13/2021,06/14/2021,06/15/2021,06/16/2021,06/17/2021,06/18/2021,06/19/2021,06/20/2021,06/21/2021,06/22/2021,06/23/2021,06/24/2021,06/25/2021,06/26/2021,06/27/2021,06/28/2021,06/29/2021,06/30/2021,07/01/2021,07/02/2021,07/03/2021,07/04/2021,07/05/2021,07/06/2021,07/07/2021,07/08/2021,07/09/2021,07/10/2021,07/11/2021,07/12/2021,07/13/2021,07/14/2021,07/15/2021,07/16/2021,07/17/2021,07/18/2021,07/19/2021,07/20/2021,07/21/2021,07/22/2021,07/23/2021,07/24/2021,07/25/2021,07/26/2021,07/27/2021,07/28/2021,07/29/2021,07/30/2021,07/31/2021,08/01/2021,08/02/2021,08/03/2021,08/04/2021,08/05/2021,08/06/2021,08/07/2021,08/08/2021,08/09/2021,08/10/2021,08/11/2021,08/12/2021,08/13/2021,08/14/2021,08/15/2021,08/16/2021,08/17/2021,08/18/2021,08/19/2021,08/20/2021,08/21/2021,08/22/2021,08/23/2021,08/24/2021,08/25/2021,08/26/2021,08/27/2021,08/28/2021,08/29/2021,08/30/2021,08/31/2021,09/01/2021,09/02/2021,09/03/2021,09/04/2021,09/05/2021,09/06/2021,09/07/2021,09/08/2021,09/09/2021,09/10/2021,09/11/2021,09/12/2021,09/13/2021,09/14/2021,09/15/2021,09/16/2021,09/17/2021,09/18/2021,09/19/2021,09/20/2021,09/21/2021,09/22/2021,09/23/2021,09/24/2021,09/25/2021,09/26/2021,09/27/2021,09/28/2021,09/29/2021,09/30/2021,10/01/2021,10/02/2021,10/03/2021,10/04/2021,10/05/2021,10/06/2021,10/07/2021,10/08/2021,10/09/2021,10/10/2021,10/11/2021,10/12/2021,10/13/2021,10/14/2021,10/15/2021,10/16/2021,10/17/2021,10/18/2021,10/19/2021,10/20/2021,10/21/2021,10/22/2021,10/23/2021,10/24/2021,10/25/2021,10/26/2021,10/27/2021,10/28/2021,10/29/2021,10/30/2021,10/31/2021,11/01/2021,11/02/2021,11/03/2021,11/04/2021,11/05/2021,11/06/2021,11/07/2021,11/08/2021,11/09/2021,11/10/2021,11/11/2021,11/12/2021,11/13/2021,11/14/2021,11/15/2021,11/16/2021,11/17/2021,11/18/2021,11/19/2021,11/20/2021,11/21/2021,11/22/2021,11/23/2021,11/24/2021,11/25/2021,11/26/2021,11/27/2021,11/28/2021,11/29/2021,11/30/2021,12/01/2021,12/02/2021,12/03/2021,12/04/2021,12/05/2021,12/06/2021,12/07/2021,12/08/2021,12/09/2021,12/10/2021,12/11/2021,12/12/2021
Region 1,hospitalized,187,350,473,525,616,681,711,800,835,903,942,929,939,1005,1008,939,941,901,876,851,859,816,790,761,741,697,685,692,669,648,621,613,590,582,565,579,556,516,507,470,457,438,482,418,411,362,359,359,343,310,284,297,295,281,269,273,260,256,245,237,218,206,206,203,192,162,152,134,129,120,112,106,94,94,93,79,81,80,74,73,76,70,70,83,86,80,76,75,69,77,85,90,86,84,86,85,86,91,94,97,111,110,108,114,112,126,125,125,124,146,154,155,171,170,172,176,180,185,200,198,199,193,180,180,176,186,197,187,180,180,184,197,197,182,164,161,162,155,161,163,158,157,150,158,152,145,147,145,150,147,139,120,116,118,118,111,104,101,110,117,120,127,131,123,123,126,120,110,111,113,118,105,104,96,94,101,96,99,90,92,96,90,88,83,79,79,77,81,76,71,70,65,67,62,63,68,66,66,72,73,67,72,68,68,70,59,61,63,60,64,60,65,68,71,75,70,68,78,79,75,81,83,88,91,92,87,91,85,82,85,89,88,78,80,85,90,90,99,90,96,104,108,111,116,119,126,123,121,114,143,155,164,176,178,173,183,182,190,200,214,217,235,238,230,245,256,254,246,232,231,244,257,264,276,275,275,266,271,291,303,318,317,352,344,359,361,387,393,404,421,407,408,413,428,416,405,404,420,402,394,394,390,390,377,364,343,344,353,349,337,342,332,312,308,316,285,267,262,260,243,247,249,226,212,202,206,186,182,184,185,182,173,176,170,164,158,159,148,134,136,130,125,132,123,126,118,127,124,126,123,120,121,112,104,98,102,97,89,85,76,78,74,75,74,74,73,63,63,58,59,63,61,58,61,69,55,49,55,50,55,50,45,47,48,47,50,53,46,42,47,47,52,45,46,53,46,37,41,41,35,38,48,48,46,52,52,53,56,52,61,65,61,64,56,52,48,41,40,38,39,41,42,36,37,33,35,33,35,41,43,48,38,48,54,50,51,57,53,51,55,56,54,55,56,49,49,51,51,44,42,41,35,33,29,39,44,39,43,46,42,45,51,48,46,39,46,48,53,59,58,58,62,68,67,60,64,66,84,87,87,108,112,134,138,159,180,203,214,220,282,295,329,364,378,399,405,433,463,485,498,528,523,550,571,586,592,579,598,583,587,588,578,581,577,575,565,571,563,532,509,497,478,450,459,466,487,469,443,432,411,394,381,341,328,310,309,274,282,263,259,253,238,230,227,225,220,229,227,221,207,195,189,188,182,159,152,147,127,127,121,126,118,113,119,111,109,103,84,90,91,83,81,82,66,69,59,50,55,50,50,56,57,57,55,53,48,45,40,38,38,38,34,32,34,33,30,34,31,33,31,37,38,37,37,34,38,37,34,32,32,35,41,40,44,46,49,45,37,38,37,41,40,39,36,30,25,25,24,25
Region 1,on_vent,64,110,164,176,216,234,231,229,249,250,261,279,256,240,225,209,201,197,187,177,176,163,156,152,133,131,127,125,110,107,103,128,92,86,85,82,82,69,70,63,64,63,55,53,55,54,45,41,38,37,38,37,35,31,26,25,25,19,23,24,23,23,23,23,21,19,14,12,12,13,12,11,12,11,13,9,9,10,11,15,16,16,14,14,14,14,14,14,13,11,13,19,16,14,15,15,12,13,9,10,13,13,15,16,17,17,15,15,14,11,13,13,14,14,12,13,17,20,21,23,22,22,16,18,16,20,26,25,28,25,24,26,29,31,29,25,25,25,23,22,22,22,17,22,24,22,21,18,18,20,23,15,16,18,15,16,17,14,20,17,18,19,18,27,19,20,18,15,13,14,17,17,18,14,15,15,15,13,16,14,13,14,15,16,17,16,18,14,16,16,16,13,12,10,13,14,16,15,14,16,15,12,13,12,9,10,11,11,11,11,12,10,10,10,10,10,12,12,13,13,12,11,12,12,9,11,11,11,11,14,15,12,4,6,8,6,16,17,20,16,18,18,17,19,20,21,22,22,17,22,20,21,22,23,28,27,25,28,25,26,30,28,24,25,23,19,32,31,29,28,28,30,32,34,38,41,40,40,44,45,46,44,43,42,39,39,40,39,44,38,38,36,37,39,39,40,39,39,44,44,45,47,49,45,46,43,41,39,33,35,31,31,33,31,34,29,23,22,29,27,28,27,32,34,34,38,34,31,31,31,28,27,27,29,29,28,27,27,24,25,24,24,24,22,21,20,19,19,21,19,18,19,21,19,19,20,19,20,20,17,17,17,19,21,23,21,14,12,13,15,15,17,16,16,16,15,15,15,14,13,13,13,15,15,16,16,14,12,12,13,12,10,10,10,12,10,9,8,8,6,6,7,7,7,8,7,7,8,8,8,6,6,6,6,6,7,7,6,6,6,6,7,7,5,6,6,5,8,7,4,7,6,7,9,6,7,8,7,7,7,9,6,6,6,7,6,6,6,6,6,6,6,7,8,6,7,5,6,6,4,5,5,4,5,5,5,4,6,5,6,7,7,7,8,7,10,5,7,10,11,12,12,11,11,15,16,21,23,23,24,25,28,29,28,32,36,39,40,40,38,41,38,48,48,60,65,71,70,75,77,78,82,89,88,85,82,84,82,77,77,79,80,82,81,82,85,87,81,75,78,76,68,75,73,63,60,55,57,59,51,52,47,46,45,46,45,44,44,47,44,43,41,41,34,28,30,26,22,21,18,22,24,25,26,22,24,26,22,20,21,17,18,17,14,13,13,12,12,11,11,12,12,12,12,10,9,7,7,6,5,4,4,3,4,3,3,3,3,3,2,3,5,6,5,6,7,7,7,7,8,9,8,8,7,4,8,7,7,6,7,7,6,5,4,3,3,4,5,5
Region 2,hospitalized,21,42,64,89,104,120,122,136,157,192,189,179,184,196,203,219,223,265,287,323,345,326,323,325,303,279,311,319,326,303,294,291,307,305,301,289,280,273,285,274,260,270,264,270,252,235,231,224,222,203,174,157,157,152,150,149,140,137,122,119,124,126,131,126,115,107,94,94,100,101,98,95,98,91,83,79,75,76,72,69,69,63,59,62,69,66,59,55,62,60,63,69,69,73,82,78,78,80,80,82,83,90,92,104,116,123,133,144,150,168,176,167,178,180,176,173,187,190,202,212,222,215,219,203,204,206,201,201,205,217,244,249,252,241,238,238,222,225,222,227,210,208,193,192,178,187,192,182,163,155,159,148,142,144,134,134,119,133,145,146,164,146,140,135,123,110,109,101,93,87,76,76,75,72,74,77,78,76,66,57,56,54,60,58,55,43,40,34,43,43,42,46,36,37,36,37,34,38,43,46,50,50,50,58,52,51,52,51,52,54,56,53,56,59,51,57,58,58,58,62,61,67,66,70,69,72,72,74,76,81,72,74,61,66,69,72,83,93,89,108,107,109,121,127,129,138,116,116,127,120,132,139,150,157,163,155,157,160,176,162,171,179,177,174,174,178,174,170,186,189,172,166,184,186,185,182,165,153,183,201,192,186,198,195,200,199,214,230,229,228,217,200,207,217,225,235,243,233,218,232,233,223,211,215,211,215,214,208,201,197,190,178,159,162,154,162,131,130,138,136,130,118,107,122,119,108,92,85,89,102,89,97,98,84,84,79,74,77,78,80,84,88,90,87,81,86,87,83,83,79,87,88,83,88,80,83,85,90,84,77,80,76,76,70,73,63,63,60,59,54,50,57,50,51,56,55,50,53,54,47,54,51,53,63,64,66,70,62,57,59,64,62,68,64,65,64,68,63,57,62,63,61,62,62,60,59,60,64,63,64,68,58,59,54,55,51,49,49,47,49,51,46,47,39,35,36,43,42,41,43,36,38,33,33,36,39,39,35,39,41,41,37,36,32,34,34,36,32,35,39,35,38,34,35,38,45,49,50,49,53,47,45,45,48,50,51,49,57,55,54,56,60,68,66,66,70,83,87,88,91,96,127,138,153,172,179,189,210,212,238,272,273,306,327,339,355,374,408,414,413,486,459,473,492,515,513,490,492,504,490,513,513,509,498,475,458,429,458,458,440,444,437,403,363,367,393,387,370,345,327,319,311,287,289,280,265,254,248,250,241,227,219,220,189,192,183,176,173,160,149,138,129,126,134,124,117,116,106,104,101,93,80,81,80,67,65,61,60,52,45,40,34,36,38,37,37,37,36,33,34,34,31,31,29,30,32,33,23,27,25,29,28,31,33,30,31,26,28,31,22,26,27,22,24,26,22,21,22,24,24,25,25,28,25,27,31,31,29,28,24,25,26,24,21,23,22,25,22,20
Region 2,on_vent,9,21,24,37,51,54,50,59,64,68,71,76,77,70,67,63,60,66,79,89,96,87,83,80,73,74,76,83,67,65,61,51,58,55,57,46,49,52,49,43,47,49,46,39,36,32,34,31,32,27,27,25,21,20,19,21,18,19,14,14,18,17,16,19,17,17,14,13,13,14,11,11,9,7,7,7,7,6,8,9,10,9,10,9,10,10,10,8,9,8,10,9,10,8,10,11,11,8,6,8,7,6,7,10,12,12,10,11,12,11,13,13,15,17,22,25,24,26,28,27,28,30,35,32,30,34,30,39,38,42,42,41,45,48,51,48,51,51,55,57,54,52,48,47,48,48,48,48,40,40,36,36,34,35,34,36,31,32,33,32,35,35,33,29,30,22,25,28,22,23,19,18,17,17,12,13,12,12,11,7,6,6,5,5,4,4,4,4,4,4,4,4,4,3,3,2,4,5,8,9,5,8,6,6,6,6,5,5,5,3,4,4,4,5,5,3,5,7,8,8,9,9,9,10,7,9,7,8,7,10,8,7,7,7,8,7,8,11,9,10,12,11,11,13,12,17,18,19,14,17,16,16,18,18,21,21,22,24,28,29,25,21,18,23,19,21,20,22,22,24,24,25,25,28,31,28,26,27,28,27,24,22,22,19,22,20,19,23,25,28,31,32,34,32,32,33,31,33,31,43,44,39,38,31,33,37,34,33,30,29,28,27,32,27,23,23,21,22,19,24,21,17,19,23,23,18,15,15,15,13,20,18,18,20,18,20,17,17,16,15,15,16,12,11,12,14,20,20,21,20,18,15,15,14,14,14,13,11,14,15,16,15,17,20,20,17,15,14,12,11,10,10,10,10,8,8,7,7,7,5,6,6,6,7,10,11,12,11,10,10,10,10,12,10,11,10,11,13,14,14,16,13,11,9,8,7,5,6,5,6,7,7,6,3,6,6,5,3,4,5,5,5,5,5,5,7,6,6,5,5,4,3,3,3,2,2,4,5,6,6,5,5,5,3,3,4,4,3,3,4,4,4,4,4,3,5,5,3,3,2,4,5,8,7,5,5,5,4,5,3,3,3,3,1,1,4,6,6,5,6,6,6,5,9,11,13,19,23,23,24,27,39,38,42,41,46,43,49,58,57,66,66,75,80,87,89,89,96,94,90,92,97,99,96,92,94,85,94,83,95,94,94,89,83,82,71,86,84,77,79,79,68,63,64,61,59,57,52,57,51,52,52,54,53,56,55,61,55,40,37,32,33,33,33,33,34,36,36,32,31,28,24,25,22,26,27,24,18,18,17,15,14,14,12,9,9,8,8,9,8,8,6,5,2,2,2,2,1,2,2,2,1,2,2,3,3,5,5,7,8,8,8,8,7,8,9,9,9,9,7,7,7,3,6,6,6,6,7,5,6,6,6,6,5,4,4,5,5,5
Region 3,hospitalized,31,34,42,53,49,58,72,84,102,102,107,105,108,113,104,115,121,126,132,128,95,97,95,89,90,76,77,76,68,63,69,68,74,73,72,69,69,54,52,45,46,45,42,44,43,43,42,43,41,40,41,39,36,35,38,36,36,37,32,34,23,26,29,26,23,26,24,25,25,25,23,22,21,20,19,18,17,15,15,14,12,10,11,15,16,15,14,12,11,11,13,11,14,14,14,16,14,20,17,18,17,17,13,17,16,21,27,28,35,38,43,53,61,63,59,49,58,70,72,70,72,66,69,70,68,83,70,69,69,61,53,54,55,58,59,61,66,65,70,74,68,68,63,58,57,56,53,54,50,44,40,38,39,42,44,45,42,40,37,37,41,37,37,32,32,24,20,22,29,28,27,26,27,29,28,33,29,23,25,23,24,25,32,27,25,22,22,20,22,18,16,16,15,19,21,21,18,18,12,11,13,15,17,15,14,13,14,9,11,10,9,10,13,12,14,16,16,19,17,17,17,15,15,15,9,12,9,13,9,11,11,13,9,8,13,13,15,17,24,27,32,26,27,31,37,33,34,32,32,35,34,32,34,32,32,44,47,51,55,55,56,63,58,59,60,58,50,48,46,54,48,51,54,53,54,52,54,50,50,54,56,61,65,75,80,85,87,86,91,105,104,101,110,113,113,102,103,109,100,100,102,98,89,84,75,74,77,80,77,83,79,79,73,73,68,62,62,63,59,55,57,57,64,61,52,42,39,40,40,36,33,33,30,28,30,31,28,32,26,28,24,27,28,26,24,24,24,23,21,25,21,17,14,18,14,13,15,15,15,16,13,12,15,14,15,13,11,12,10,15,14,7,9,12,12,13,11,9,8,7,6,11,12,11,15,13,11,9,9,8,8,10,10,9,7,5,6,5,7,8,7,8,8,9,8,11,11,15,13,12,15,12,9,9,7,10,12,10,14,15,13,13,12,14,14,17,18,14,15,22,23,29,28,26,25,20,17,19,19,21,20,19,14,16,16,13,12,22,24,21,20,20,19,20,25,21,21,17,18,13,10,13,11,11,11,14,19,19,21,28,31,37,41,43,39,42,43,43,45,51,51,50,66,65,69,82,87,93,94,98,120,132,125,129,140,147,155,162,164,167,182,180,198,198,203,198,185,183,189,190,192,199,193,194,185,180,187,191,178,158,147,141,139,126,124,107,111,60,65,67,70,87,63,64,71,70,70,69,73,71,67,69,70,75,72,65,66,59,56,55,44,41,39,35,31,35,35,34,32,28,28,24,26,28,25,26,22,25,27,24,23,16,15,14,12,12,14,20,18,19,19,18,18,17,16,14,12,7,7,8,9,9,11,10,12,13,12,10,10,12,12,12,10,11,11,15,15,17,11,10,9,11,10,10,10,9,7,11,12,11,10,11,12,13,15,13,15,15,14
Region 3,on_vent,7,8,7,8,6,6,9,16,23,25,30,34,30,29,26,26,25,22,20,23,25,27,30,27,26,18,15,17,14,12,11,12,13,12,11,11,11,5,7,6,4,7,5,8,8,9,8,9,9,9,9,6,6,5,4,3,4,4,5,5,3,3,3,3,1,1,1,1,1,1,1,2,2,1,2,2,2,2,2,2,2,2,2,2,2,1,1,0,1,1,1,2,1,0,1,1,1,2,2,2,2,1,1,2,1,2,2,2,2,2,5,4,5,5,5,3,5,5,7,8,9,12,11,10,9,7,6,7,5,9,9,9,10,13,11,9,8,7,8,8,10,10,7,7,7,7,8,11,12,10,10,8,8,9,7,9,8,7,5,5,5,4,5,4,5,4,4,4,4,3,3,3,3,3,2,4,4,4,4,4,4,4,4,4,5,5,3,4,4,2,2,1,1,1,1,2,1,2,1,1,1,1,2,0,1,1,2,2,2,1,1,1,2,1,1,2,2,2,2,2,2,1,1,1,1,1,1,1,1,1,1,1,1,1,1,1,1,1,1,1,4,4,4,4,5,4,6,6,2,4,4,2,1,1,1,1,1,3,5,9,7,7,8,8,7,7,6,5,4,9,8,5,5,6,5,5,5,4,5,8,8,7,7,7,8,9,8,10,9,9,9,11,10,9,10,11,9,7,7,7,8,8,8,12,12,9,9,7,7,9,7,9,11,8,7,8,9,10,5,3,4,5,6,7,5,5,4,5,4,4,5,8,7,5,5,5,5,5,4,4,4,5,5,5,4,5,5,4,5,6,5,5,4,3,3,1,1,1,1,2,2,2,3,3,3,3,2,2,1,1,2,1,1,1,1,1,1,1,1,1,1,1,1,1,1,1,1,1,1,1,1,1,1,0,0,0,1,1,3,2,2,1,1,1,1,2,2,2,3,3,3,2,2,2,2,1,2,1,0,0,0,0,0,0,0,0,0,0,0,0,0,0,1,0,0,0,0,0,0,0,0,4,0,1,1,1,0,0,0,1,0,0,1,1,2,2,1,1,0,0,0,0,0,0,0,1,1,2,2,2,2,2,2,2,3,3,3,3,3,2,3,3,5,6,6,8,8,8,8,10,10,15,14,14,15,17,21,24,24,26,25,23,25,20,26,28,23,25,28,27,24,24,24,22,23,23,27,31,32,31,31,30,31,31,31,27,28,17,18,19,19,24,15,14,14,13,13,13,13,12,11,12,13,12,12,8,10,9,10,10,11,10,10,11,11,10,10,9,9,9,7,7,7,7,4,6,2,3,3,1,2,2,2,3,3,2,2,2,2,2,2,2,2,2,2,2,2,2,2,2,2,2,2,2,3,2,3,3,3,3,3,3,3,2,2,2,1,2,1,2,2,2,2,2,2,2,3,1,1,2,2,2,2,2,2,3,4,4,4
Region 4,hospitalized,4,10,11,14,16,25,37,43,68,70,85,97,97,97,97,105,109,125,124,121,121,114,115,117,118,108,105,102,94,98,117,100,99,102,99,101,104,98,100,104,104,100,86,79,74,75,65,64,64,63,62,67,67,61,56,58,57,51,49,45,47,50,52,48,43,45,44,46,41,46,42,38,40,39,43,41,45,39,38,43,43,51,50,54,58,54,54,57,57,64,70,80,79,87,95,96,107,110,124,126,136,149,171,172,187,198,197,204,219,226,229,252,251,263,268,269,263,266,274,287,304,297,294,284,283,295,285,268,271,276,268,258,256,244,245,247,241,231,230,223,218,207,192,186,181,185,186,176,161,145,156,135,123,123,111,105,106,123,132,116,110,95,88,76,75,79,81,83,82,75,64,69,64,56,59,53,55,53,58,54,50,51,55,55,54,51,58,61,60,50,43,45,43,44,50,53,51,52,51,51,55,54,51,50,49,47,40,45,50,55,62,62,66,65,65,62,64,66,54,57,47,46,53,58,60,66,63,64,62,65,70,81,86,82,74,76,80,96,101,121,127,130,133,152,161,171,186,181,200,213,210,220,218,226,221,218,216,212,218,223,223,224,220,208,199,208,217,225,209,198,191,191,202,189,185,174,179,172,175,195,204,201,196,206,202,205,216,218,224,221,220,211,213,209,210,208,211,201,191,188,189,193,194,188,186,169,167,172,161,147,136,140,136,137,137,131,124,115,105,96,95,100,103,102,99,83,74,74,69,74,69,58,63,60,59,57,57,58,52,53,50,52,52,51,49,44,51,55,53,58,62,56,51,52,51,48,51,52,52,52,51,43,46,49,52,54,57,58,57,57,55,52,48,50,47,46,39,35,37,41,46,42,41,45,51,52,56,55,58,66,66,69,61,68,67,66,62,64,65,61,57,57,57,53,52,50,64,63,62,61,58,56,52,52,53,51,48,50,53,59,55,53,50,48,51,53,59,62,57,51,53,51,51,49,50,52,46,44,43,41,42,40,36,31,34,38,43,47,45,45,45,45,43,40,38,33,30,39,41,40,40,40,41,41,40,44,49,50,47,45,44,53,59,67,68,80,78,74,89,96,97,112,110,119,129,138,149,160,160,172,200,211,217,237,248,266,288,293,287,304,308,332,341,346,350,365,380,392,404,405,401,409,406,409,408,397,389,387,397,388,379,361,337,345,339,313,302,299,292,273,259,260,245,237,223,207,196,195,202,187,179,170,170,166,161,148,135,121,120,108,106,100,102,94,80,68,58,53,56,55,53,50,41,38,39,40,43,46,52,51,53,54,55,57,53,52,58,55,50,64,50,52,54,51,51,45,43,42,39,37,34,33,29,30,32,29,25,28,29,28,25,29,29,28,25,26,24,20,21,25,25,26,26,28,28,25,22,22,23,24,22,20,21,23,20,21,26,24,19
Region 4,on_vent,1,3,3,5,4,8,11,17,22,24,29,30,31,33,31,32,35,36,36,37,32,32,28,24,23,23,22,18,18,19,19,18,23,25,23,20,19,19,19,16,15,17,16,15,16,17,17,17,17,16,15,14,14,13,12,12,15,13,13,12,9,9,9,7,8,9,9,8,8,7,7,8,8,7,7,8,7,5,4,4,2,4,4,6,6,7,6,7,6,7,7,8,7,10,7,11,10,10,16,16,18,21,22,22,23,19,19,22,30,32,35,40,42,41,39,43,37,42,48,44,47,48,51,48,49,58,52,48,45,51,51,51,50,46,43,44,39,37,36,37,37,38,35,37,35,33,30,32,30,30,27,22,23,22,16,15,15,17,17,17,19,22,19,13,15,16,15,15,17,16,12,13,9,10,9,7,7,7,9,8,8,9,8,6,7,6,5,5,6,5,4,5,3,4,5,5,6,5,5,5,7,7,5,2,3,4,4,4,5,5,7,7,7,6,6,7,9,9,8,8,8,7,8,10,9,9,7,8,8,7,8,9,9,9,10,10,11,14,11,10,11,13,14,17,15,17,16,17,18,20,21,22,25,25,25,28,36,35,34,32,34,32,25,28,21,24,24,24,25,22,24,21,22,25,23,21,21,19,18,19,17,17,18,18,24,24,28,29,32,36,37,31,32,39,34,36,32,29,29,26,29,25,26,26,28,25,23,23,23,23,27,26,28,27,25,23,19,21,18,12,18,21,18,17,19,14,13,11,10,10,9,10,9,10,11,11,11,9,9,10,9,8,7,5,5,6,7,7,5,7,9,7,7,7,8,6,6,7,6,7,9,8,8,8,7,9,9,10,10,9,10,9,8,7,6,5,5,3,6,7,7,7,6,6,6,7,5,5,5,5,6,7,7,7,8,8,7,8,8,10,8,8,7,5,5,4,4,5,5,5,5,4,6,5,5,4,5,6,5,5,7,6,5,7,5,5,6,5,4,6,6,6,6,5,6,3,5,5,5,6,7,6,6,5,6,6,5,5,5,8,6,6,6,7,4,2,2,2,1,1,2,2,2,2,2,2,2,2,4,5,5,6,6,7,9,9,8,8,10,12,10,11,11,11,9,15,13,14,15,17,21,22,21,23,26,31,32,31,35,37,41,42,40,42,46,48,49,51,50,55,58,59,67,64,64,68,72,72,76,77,77,73,68,68,70,66,69,68,70,63,61,64,61,62,59,57,49,47,48,40,40,36,27,26,25,23,22,21,21,18,15,14,13,15,9,9,7,7,9,11,9,8,6,6,8,8,8,8,8,8,8,6,7,7,7,6,6,6,6,6,6,6,7,9,8,8,9,9,8,8,8,6,7,7,7,8,6,6,6,6,4,4,4,3,3,3,2,2,1,1,2,2,2,3,3,3,3,3,3,3,4,4,4,3,2,1,1,1,1
Region 5,hospitalized,2,4,3,4,7,7,11,12,17,27,23,26,29,35,37,38,45,44,43,39,40,39,42,44,41,42,41,44,45,46,37,37,36,36,36,35,35,32,32,32,30,29,23,23,26,27,24,23,22,19,16,11,13,10,10,11,9,9,9,10,9,6,4,4,5,6,7,8,8,8,11,13,14,17,20,17,20,20,21,23,29,29,30,29,31,32,29,29,30,28,31,28,26,30,32,40,43,42,51,63,76,79,88,87,91,102,91,90,109,110,123,131,137,136,144,147,138,144,144,155,161,163,167,156,159,161,163,151,143,143,125,123,112,123,120,110,100,94,95,91,94,89,92,89,78,87,89,86,80,78,75,73,66,62,49,48,49,45,22,18,18,12,12,15,13,18,21,23,25,24,23,20,16,17,17,15,18,22,23,22,18,23,20,26,24,22,28,28,31,28,27,27,32,33,36,36,38,39,41,22,22,24,25,28,29,30,32,34,32,27,36,36,34,37,41,40,37,45,46,37,33,34,30,26,23,30,31,32,36,36,41,31,35,42,49,57,62,64,67,68,67,67,69,74,82,82,85,90,89,90,111,104,82,87,90,98,99,98,101,97,91,97,92,87,89,95,92,97,91,92,91,90,100,97,85,71,77,76,78,87,86,93,92,88,82,79,93,87,90,92,98,96,98,97,91,96,101,101,101,92,87,81,84,84,81,75,67,70,75,84,89,84,83,79,92,84,78,82,92,81,77,77,75,66,59,59,60,55,54,55,52,50,44,46,49,55,52,55,56,59,58,57,56,58,51,48,58,63,67,69,67,63,60,56,59,64,59,61,56,57,66,65,66,66,70,70,67,63,61,61,68,70,71,58,60,49,51,54,54,48,43,42,40,40,43,39,44,46,51,45,41,39,40,38,36,38,40,38,36,37,35,31,27,28,26,28,29,24,26,24,21,21,19,19,22,18,22,17,16,23,27,25,21,17,18,17,15,16,16,14,18,16,14,14,15,17,14,17,13,15,15,17,14,15,17,18,17,17,21,23,19,20,19,22,21,23,26,30,28,27,25,25,25,24,18,20,22,20,28,28,27,26,25,25,23,25,26,28,31,26,22,23,30,37,40,47,48,57,68,76,85,88,95,93,98,95,102,111,127,133,132,133,151,159,153,151,156,168,172,177,177,181,184,189,185,184,182,175,178,172,173,158,142,146,150,148,141,158,157,150,141,141,139,132,127,130,124,119,118,114,105,99,98,100,95,94,88,95,91,89,82,78,77,70,69,64,57,53,49,54,55,50,52,53,46,45,41,38,37,38,36,34,29,32,30,27,28,28,29,27,27,23,25,23,23,22,22,20,19,20,21,25,21,19,20,23,22,19,20,21,20,24,19,19,22,23,26,26,22,24,18,19,18,20,19,17,21,20,20,21,21,21,20,18,18,14,17,15,15
Region 5,on_vent,2,3,3,4,4,4,6,8,11,13,15,14,15,18,18,18,21,23,20,19,18,18,18,15,14,14,14,13,13,13,11,10,10,11,8,6,6,6,6,6,7,5,6,6,8,8,3,3,4,3,3,3,1,1,1,2,2,2,2,0,3,0,0,1,1,1,2,2,2,4,3,4,4,5,4,4,4,6,5,5,6,6,6,7,7,8,8,6,6,3,3,4,5,5,2,3,3,5,6,3,5,6,8,10,12,12,15,15,18,16,17,20,19,20,20,20,19,23,28,26,25,28,26,25,21,25,40,36,24,28,18,25,30,33,23,22,23,24,23,30,25,25,25,23,21,22,20,18,17,15,16,13,13,12,11,12,13,10,7,5,5,4,4,9,2,2,2,2,0,1,1,2,1,1,1,1,2,2,2,1,1,2,2,3,1,0,0,1,1,2,3,4,4,4,4,5,6,6,4,3,3,1,3,2,3,2,2,2,2,2,1,1,1,2,1,1,1,1,1,1,2,2,2,6,6,6,5,5,5,3,3,3,4,4,4,3,4,4,5,4,9,10,11,13,13,12,12,13,13,14,12,13,13,17,15,13,12,10,7,9,10,11,12,13,12,13,14,14,11,9,8,7,8,10,11,10,11,10,9,12,12,10,7,6,7,9,12,9,12,13,13,11,11,11,11,13,14,15,14,13,15,15,12,12,12,10,11,11,10,12,13,13,13,13,13,11,7,10,10,8,10,9,8,7,10,12,13,9,7,7,8,9,7,7,5,4,4,5,3,3,3,2,4,5,4,6,6,6,7,7,6,8,7,8,12,12,12,14,13,13,14,12,9,11,11,9,12,12,12,12,13,11,9,9,8,8,9,9,8,7,5,5,6,6,6,8,7,7,5,5,7,9,7,8,6,7,7,6,5,4,5,3,4,5,3,4,4,4,4,4,3,2,2,2,2,1,1,2,3,3,3,3,3,4,4,4,2,2,2,1,2,2,2,2,2,2,2,2,1,2,2,2,3,3,3,3,3,3,2,2,0,0,0,0,0,1,5,5,5,3,1,1,1,1,1,1,1,1,1,1,3,3,3,3,3,3,4,5,5,5,5,5,5,5,5,6,7,7,8,8,8,4,7,10,13,15,15,14,15,18,19,21,24,26,25,26,32,32,37,38,40,37,38,48,47,50,51,41,40,38,37,41,37,34,31,35,33,33,33,32,32,30,32,28,24,26,25,26,26,30,30,31,28,28,22,21,18,20,23,22,20,23,20,19,18,15,12,11,12,12,12,12,12,11,11,8,10,9,9,8,9,9,8,8,8,7,7,7,7,7,7,6,6,7,8,5,4,5,6,6,5,5,5,4,5,5,6,7,5,5,7,6,7,7,8,7,7,7,7,4,4,3,4,5,5,4,4,4,4,5,5,4,5,5,6,6,6,6,6
Region 6,hospitalized,7,13,11,11,19,19,24,33,31,28,37,37,37,48,48,43,43,42,53,53,55,49,48,46,47,42,41,35,42,37,35,35,38,42,44,44,44,44,33,35,33,32,32,32,33,34,38,33,30,31,32,42,46,45,50,47,45,52,54,51,53,50,54,57,60,62,54,53,53,49,41,37,40,38,39,46,47,42,43,41,46,42,48,49,54,61,59,61,65,70,68,68,64,65,67,69,70,71,72,66,68,58,58,59,64,72,72,74,87,89,90,94,99,97,100,102,98,107,112,105,107,112,125,125,120,121,128,127,135,132,136,132,120,129,135,141,128,117,114,115,107,101,100,91,84,86,94,98,96,88,82,80,82,83,81,83,81,81,75,75,76,83,85,75,89,83,80,84,77,76,69,71,64,64,68,59,64,53,55,54,52,48,50,47,47,44,44,47,50,51,43,44,43,41,45,47,48,46,41,41,41,39,44,40,37,38,40,32,35,41,46,32,46,42,31,39,33,37,40,43,41,43,41,39,44,41,43,42,47,56,59,62,64,64,75,75,77,76,75,81,81,82,82,79,78,90,93,95,100,99,101,106,96,93,96,105,97,101,117,119,106,113,110,105,107,116,120,129,126,121,114,124,121,131,134,118,108,115,117,124,126,117,130,124,131,153,153,154,161,166,162,148,158,170,171,164,158,159,142,142,148,156,140,136,140,144,153,147,136,123,107,102,100,102,116,111,105,103,98,92,78,73,74,71,69,59,58,60,56,54,51,50,47,54,43,45,46,46,45,42,39,38,43,39,30,30,22,18,17,17,15,16,15,18,18,20,21,24,24,24,22,21,22,26,28,25,23,24,24,26,24,18,23,21,21,22,24,26,27,27,23,25,21,27,28,28,27,28,24,24,27,29,25,24,23,21,21,24,22,22,20,23,22,22,26,26,29,28,23,19,24,24,20,21,17,14,20,18,17,20,23,25,24,22,21,23,21,22,27,27,23,24,25,25,27,24,26,26,22,23,26,29,30,27,22,22,23,25,22,20,17,20,16,16,16,14,13,14,16,18,16,16,14,12,10,7,8,8,13,15,15,18,19,22,22,24,25,26,32,34,30,41,40,49,48,64,62,63,74,82,89,103,111,110,111,117,125,151,154,152,153,147,156,180,180,178,191,174,176,176,179,183,175,172,169,172,176,186,192,184,191,197,182,183,181,192,195,186,182,184,186,183,187,169,154,155,144,144,140,119,94,88,90,92,87,84,83,78,78,71,66,60,70,60,57,55,45,40,42,38,37,37,38,40,38,36,36,32,29,26,25,25,24,21,22,23,17,14,15,15,18,16,19,21,17,20,23,23,20,17,15,14,14,16,18,14,11,10,9,7,6,7,4,6,8,9,8,10,10,9,9,9,9,10,11,12,14,15,14,15,16,17,11,8,12,15,13,11,10
Region 6,on_vent,4,4,5,5,9,9,9,12,12,10,13,11,11,12,13,11,12,12,11,10,10,11,11,10,11,12,12,9,9,9,8,7,8,10,10,9,9,9,9,7,7,7,3,3,3,3,4,2,2,2,2,2,2,3,2,5,5,6,6,5,5,5,4,5,5,6,5,7,7,7,9,9,10,9,9,9,9,10,10,9,10,10,9,8,8,9,9,9,11,11,10,9,7,7,7,10,11,11,13,12,12,10,11,12,9,10,9,9,13,13,14,14,15,16,17,14,12,12,12,11,12,12,11,12,12,12,13,12,14,12,8,10,8,10,9,9,6,6,8,9,9,5,3,5,4,2,2,3,2,3,3,3,2,5,6,8,9,8,8,7,4,4,3,5,4,4,4,6,7,7,8,8,6,6,5,5,7,7,8,10,8,7,6,7,6,7,8,6,6,7,5,3,3,3,3,3,2,5,5,4,3,3,4,5,1,1,2,2,2,1,2,2,4,3,1,4,6,6,5,5,5,5,3,5,7,7,9,9,9,5,2,5,6,5,5,3,2,2,3,5,5,5,4,4,4,4,3,3,3,2,5,5,4,4,5,4,5,5,7,5,6,4,5,6,7,9,11,11,16,11,10,8,9,9,10,13,15,14,13,13,13,13,14,13,15,20,15,13,15,11,12,12,14,13,15,16,15,13,18,18,18,19,17,15,15,14,13,16,15,16,17,19,16,16,16,16,14,16,15,13,13,13,14,13,10,8,7,7,7,7,7,7,7,8,7,7,8,8,8,7,8,8,8,7,5,3,4,3,4,3,3,2,2,3,3,3,3,3,3,4,4,4,4,3,3,4,4,4,4,5,4,3,3,3,2,3,3,3,2,2,3,3,1,1,1,0,0,0,2,2,1,1,0,0,0,0,0,2,2,3,3,3,2,2,2,2,2,2,2,2,2,2,1,0,0,0,0,1,1,1,0,0,0,0,0,0,1,2,2,2,2,2,2,2,2,2,2,2,2,2,3,2,1,1,3,3,3,3,3,3,3,4,4,4,4,5,4,3,3,2,3,2,2,2,3,3,3,3,3,2,2,2,2,2,2,3,2,2,2,1,1,2,2,3,3,2,2,3,4,4,4,6,6,8,7,4,4,4,7,8,8,8,9,18,20,19,17,20,22,21,21,22,21,17,16,16,17,19,21,20,20,21,19,19,21,24,25,27,26,28,29,31,27,19,18,22,17,16,16,20,17,13,12,13,11,11,8,6,6,6,5,6,9,11,9,10,7,9,10,10,8,6,7,7,8,8,6,4,4,2,2,2,2,2,1,1,1,2,2,3,5,6,7,7,6,6,7,7,7,4,4,4,5,4,4,4,2,2,2,4,2,2,0,0,0,0,0,0,1,1,1,1,1,1,1,1,0,0,1,1,1,1,1,0,0,1,1,1,1
Region 7,hospitalized,15,18,31,32,49,50,80,110,137,147,153,155,171,182,184,199,194,194,190,201,192,196,189,189,183,185,189,195,193,193,184,178,175,183,180,176,175,187,202,204,213,212,209,216,219,223,223,224,222,222,219,216,201,195,196,204,192,193,185,182,168,170,174,170,174,166,166,153,158,162,154,152,151,149,144,145,145,150,140,138,129,133,133,134,138,137,132,137,145,145,155,158,160,167,172,170,166,178,196,196,193,197,206,214,221,224,221,221,234,241,255,276,275,273,277,286,275,274,271,276,288,299,291,287,296,290,285,274,269,269,266,265,244,259,264,263,250,251,255,266,251,259,260,254,244,238,247,238,238,220,202,191,187,178,195,193,185,191,190,187,195,185,188,187,175,187,184,194,191,194,188,188,179,179,172,178,163,167,158,148,153,150,157,159,157,154,162,167,174,167,169,168,165,164,172,179,174,187,199,194,183,193,186,193,187,188,183,180,172,189,180,191,185,177,184,187,189,186,197,184,177,169,167,175,182,177,180,168,180,188,195,181,183,180,186,192,216,226,228,216,238,216,216,217,223,212,213,202,216,234,238,242,244,247,267,270,264,293,312,314,315,317,311,311,301,305,300,313,304,321,316,324,333,347,340,327,311,317,308,329,336,344,357,346,363,374,375,374,363,361,359,348,354,350,353,347,345,346,330,325,334,321,313,299,294,277,263,249,257,266,266,254,257,254,261,262,249,245,233,224,224,214,210,204,198,189,177,168,171,168,178,177,177,164,154,138,114,106,107,101,98,98,91,87,85,79,72,69,64,69,61,63,60,62,63,57,60,54,50,45,47,48,47,46,43,44,45,42,39,40,35,37,41,39,39,41,38,35,31,33,31,33,34,34,36,36,41,37,37,41,43,41,45,43,42,40,38,34,29,34,38,41,42,40,37,43,50,47,47,47,49,47,49,58,58,54,44,39,38,40,40,49,49,47,43,38,38,35,37,38,42,39,39,39,39,39,42,39,40,38,41,36,39,45,40,41,42,44,43,41,37,31,30,31,35,41,40,40,40,42,42,41,39,35,30,31,29,32,32,31,31,42,41,37,44,54,54,57,68,68,73,79,82,88,85,97,102,115,119,146,149,151,157,181,173,178,198,208,218,248,250,262,267,309,300,304,315,315,325,339,350,344,348,344,325,306,330,347,361,350,348,329,321,329,340,321,311,285,277,273,257,253,239,234,236,244,234,240,233,218,219,194,193,188,186,195,194,198,187,182,177,172,177,175,154,167,156,153,147,139,117,122,118,107,101,94,96,87,82,83,87,84,83,78,68,61,55,53,50,48,48,53,42,45,42,37,37,38,41,41,32,37,33,32,37,36,36,34,37,27,29,28,29,27,27,24,24,30,30,28,26,25,24,27,27,27,22,21,24,28,27,32,37,36,39,38,33,35,40
Region 7,on_vent,6,6,12,12,17,17,33,46,51,53,52,57,65,65,69,67,59,62,57,53,51,52,53,45,40,37,45,33,35,33,33,32,34,33,33,36,36,34,34,34,32,33,28,25,26,29,23,24,24,22,22,24,22,20,21,23,18,20,19,20,19,17,17,17,18,20,18,17,14,15,17,20,15,16,13,11,11,10,12,12,10,10,9,9,10,11,11,11,10,12,13,12,13,13,12,11,11,10,13,14,16,18,14,16,15,14,13,13,11,10,10,11,12,13,19,17,19,20,16,17,18,18,19,18,18,18,17,17,14,18,21,21,21,21,20,20,24,22,23,20,24,24,26,24,24,21,18,18,17,18,17,16,17,19,22,22,22,21,20,19,14,16,17,22,19,18,19,22,23,24,21,20,19,18,18,20,17,18,19,18,19,18,19,19,15,15,17,18,16,16,15,15,17,15,16,14,15,13,16,16,14,14,13,15,14,14,13,11,13,13,13,12,11,13,16,18,19,22,20,17,18,17,16,20,17,16,16,13,12,15,15,15,12,12,12,10,15,14,19,19,19,20,21,19,23,19,19,20,22,19,18,19,21,24,26,27,27,19,18,25,25,20,22,19,22,24,19,20,19,21,14,22,20,23,16,15,20,22,26,33,29,23,24,25,26,24,23,25,24,27,27,28,32,33,31,36,36,39,35,32,33,34,34,29,29,28,31,33,30,30,32,24,21,21,24,22,21,21,19,22,19,20,20,18,19,22,18,20,19,20,19,20,18,16,13,12,8,10,11,10,9,9,9,8,9,8,5,5,5,4,5,4,4,4,3,4,2,2,2,2,2,2,4,3,3,3,2,2,2,4,3,4,4,4,7,7,7,8,6,6,5,6,5,5,5,4,4,4,0,0,0,0,0,0,3,3,4,3,2,3,3,3,4,5,5,6,5,5,5,5,4,4,3,6,7,5,6,5,4,4,4,3,4,4,6,2,5,5,5,5,3,3,2,2,2,2,1,1,2,2,2,1,2,2,3,3,4,5,6,6,5,5,5,5,5,5,5,7,5,5,5,4,6,5,5,3,7,5,4,4,4,6,5,5,4,7,7,6,6,5,8,6,7,10,8,11,12,13,15,16,21,19,19,22,24,22,22,11,23,31,26,25,29,35,43,41,45,46,44,33,49,50,54,53,55,56,58,54,57,57,55,51,53,53,56,52,48,50,40,42,40,47,37,34,31,32,37,28,23,23,23,20,21,21,23,22,24,26,19,21,24,16,16,13,10,11,11,11,11,11,12,13,12,10,11,10,11,10,9,6,7,9,9,9,9,7,7,8,6,5,5,5,5,5,4,5,6,6,6,6,6,6,3,2,4,4,4,4,5,3,2,3,3,2,1,1,1,3,4,5,5,5,5,4,4,3,3,3,2,2,3,3,3,4,4,4,4,4,4
Region 8,hospitalized,0,2,6,10,15,15,18,28,39,42,36,31,51,58,55,57,54,56,48,47,50,43,44,44,46,44,45,46,54,57,64,69,67,67,74,71,68,79,75,76,78,72,70,81,85,80,78,78,76,78,89,85,82,89,82,84,90,87,81,84,88,86,95,103,106,103,98,88,90,86,96,91,89,93,91,100,100,93,90,91,89,85,92,80,73,71,73,78,76,75,87,84,84,85,97,90,91,89,94,97,97,89,84,87,84,82,77,77,78,79,84,83,86,78,83,84,92,96,91,92,93,96,101,105,108,117,113,114,112,109,116,116,115,108,113,109,107,106,111,98,102,106,109,103,106,102,102,99,92,88,83,82,73,77,76,77,79,84,83,79,84,89,90,86,85,80,87,92,92,90,85,77,76,77,82,83,84,77,79,78,73,67,67,60,63,66,63,65,61,67,64,65,73,69,70,72,72,75,77,79,83,85,87,87,86,92,94,97,97,98,105,101,105,99,94,99,95,83,76,86,82,85,83,89,89,94,95,85,78,74,87,85,94,97,99,98,110,109,108,110,112,102,107,107,110,110,118,118,129,124,116,121,125,147,155,159,162,144,158,164,162,165,164,159,155,180,186,170,164,169,170,183,181,184,166,163,168,169,173,176,186,187,188,182,179,191,189,208,213,217,209,195,182,190,188,176,190,199,199,184,181,171,155,154,142,140,138,144,138,134,134,123,119,113,117,115,114,114,99,88,87,90,90,96,88,89,81,78,78,77,73,71,65,56,56,56,57,57,55,50,51,46,44,37,38,34,31,24,26,28,31,24,23,22,21,18,21,21,10,12,14,17,16,15,15,16,14,15,12,12,16,15,12,9,10,8,8,10,12,12,12,12,12,12,16,13,11,11,13,14,15,16,20,18,17,18,26,27,28,26,26,24,22,26,20,24,21,22,28,27,27,21,24,29,31,32,27,30,28,25,25,29,29,31,33,33,25,23,24,21,24,21,21,24,28,28,30,30,33,27,30,31,32,32,28,29,28,28,28,26,30,20,19,22,25,21,19,19,17,16,16,18,21,20,19,18,20,23,20,20,22,25,34,34,29,33,28,27,28,36,36,42,42,51,56,54,53,57,64,71,86,90,102,94,96,103,100,118,134,134,158,160,170,180,179,169,189,197,200,199,206,205,215,220,211,217,215,193,203,202,199,196,201,211,208,201,197,176,172,167,161,156,158,148,142,132,137,133,138,126,117,110,105,101,96,96,93,94,92,91,90,91,82,77,75,67,69,70,71,56,54,53,53,47,48,42,43,44,40,37,33,34,34,32,32,26,32,28,26,28,28,24,24,23,15,17,14,13,11,11,13,14,12,12,15,22,23,24,21,21,21,20,23,24,23,20,15,16,20,19,20,18,12,15,10,13,18,22,23,22,22,20,23,25,25,24,25,25,26
Region 8,on_vent,0,2,5,5,9,9,10,14,18,21,21,23,26,26,23,24,24,24,24,20,19,14,14,11,15,14,14,13,12,11,12,11,11,12,13,13,11,16,16,17,17,18,17,23,23,22,21,22,19,20,23,20,20,19,16,16,17,18,16,17,22,20,21,21,20,17,17,16,19,19,18,13,14,13,15,18,16,15,15,15,15,14,14,14,14,15,16,15,14,14,19,19,17,18,17,17,16,18,15,16,15,15,14,15,17,20,19,20,19,19,18,17,16,15,17,17,18,19,20,19,18,18,18,18,18,25,21,25,24,23,23,22,21,21,21,21,17,18,18,14,15,16,16,14,16,18,19,19,19,20,19,22,21,17,16,16,16,19,18,17,18,19,19,7,24,23,26,28,25,24,22,19,18,20,21,25,26,25,25,25,22,22,22,18,17,16,16,19,17,17,16,17,19,14,13,14,17,20,18,18,20,21,18,20,20,17,17,17,18,20,22,20,19,22,21,21,17,16,16,14,12,14,15,14,15,15,17,14,14,12,11,13,14,16,16,16,22,25,21,19,19,17,17,18,14,15,14,16,15,17,18,18,16,17,19,20,20,22,24,23,21,20,18,18,16,16,21,19,24,24,30,30,34,34,33,32,29,28,30,34,33,38,40,41,37,36,35,37,36,36,38,39,37,41,38,33,35,35,33,32,32,32,30,28,26,32,34,34,33,30,25,22,25,25,25,27,26,26,25,22,21,25,20,20,21,23,25,25,23,20,20,18,18,13,13,12,14,12,14,13,13,13,13,10,10,10,7,6,6,5,2,1,1,1,1,1,1,3,1,1,2,2,2,0,0,1,2,4,2,2,2,3,3,3,3,2,2,1,1,1,1,1,1,1,1,1,1,1,1,1,1,1,3,4,5,5,5,5,4,7,6,5,4,4,4,4,3,4,3,4,4,5,3,2,1,2,4,3,2,0,1,1,1,2,2,3,3,2,2,2,3,3,3,5,6,6,8,9,9,9,9,9,9,9,10,10,8,9,9,8,7,6,6,5,5,5,6,7,7,8,9,9,5,5,5,5,5,6,6,5,5,4,4,5,5,6,4,4,4,3,3,4,3,3,2,2,2,2,3,5,7,7,7,10,9,14,16,14,14,15,16,16,22,21,21,22,25,27,28,31,33,29,36,36,37,39,37,37,40,42,43,44,44,42,40,46,47,43,36,32,32,31,31,32,33,29,28,28,29,25,24,21,23,23,22,19,21,17,17,17,18,18,16,20,17,17,18,18,18,17,17,14,13,10,11,8,8,9,9,10,6,6,5,3,3,4,2,2,2,2,3,3,2,2,2,2,2,3,2,2,2,2,2,3,4,3,3,2,2,2,2,1,2,2,2,2,3,2,3,3,3,3,2,2,4,1,1,2,1,3,3,3,3,2,3,3,3,3,3
Region 9,hospitalized,4,18,35,35,51,56,81,106,109,116,123,145,165,187,200,207,217,221,234,228,217,202,201,192,191,200,166,195,184,167,167,167,175,172,172,157,153,167,161,145,149,144,146,144,131,121,114,117,127,113,111,112,117,107,99,99,103,109,107,105,106,93,102,94,80,84,75,73,74,64,62,63,66,63,50,50,52,53,56,61,56,59,63,62,57,57,58,57,59,59,58,58,49,48,55,53,60,56,53,54,59,63,68,72,73,77,79,79,81,85,89,97,104,109,122,127,127,137,142,132,135,144,154,143,143,141,141,153,140,159,150,140,145,143,133,127,130,125,125,125,127,125,122,112,113,110,116,126,130,122,115,110,113,112,122,118,111,102,108,106,102,99,80,79,86,83,85,90,82,75,73,71,75,74,73,79,76,77,72,68,65,63,63,60,66,67,63,60,61,58,60,60,55,49,54,54,51,43,46,42,49,45,45,43,42,39,40,39,44,48,54,48,47,41,41,39,40,41,45,42,49,56,53,56,55,57,60,51,52,56,60,63,66,73,75,80,85,94,104,102,104,100,101,109,113,115,116,119,136,138,144,152,163,158,160,166,168,174,179,189,188,196,204,200,197,201,191,204,189,189,188,204,208,212,209,211,212,207,222,220,213,225,238,238,237,244,260,243,258,258,260,253,247,261,262,242,246,253,247,237,237,225,224,210,205,204,215,223,231,219,203,185,177,175,179,174,165,161,164,151,149,144,127,118,115,115,108,107,99,98,96,97,100,94,101,96,100,100,98,96,96,98,93,80,70,75,76,73,77,75,66,66,60,55,53,50,44,40,38,40,41,41,40,44,43,38,35,38,39,38,38,37,35,33,25,22,22,22,28,31,32,28,24,28,30,28,25,23,26,24,26,26,22,24,20,20,20,23,23,22,24,27,22,21,21,24,21,21,17,20,23,24,24,30,31,33,34,31,29,29,32,29,26,20,21,19,17,18,15,16,19,22,22,22,24,26,26,21,22,23,24,26,25,31,35,32,31,24,26,27,23,24,29,30,28,31,36,30,32,32,37,45,47,47,42,49,53,57,63,69,67,49,55,53,59,62,65,78,95,95,99,125,137,144,155,167,176,196,210,225,228,243,263,287,295,318,337,333,367,372,381,377,414,424,429,431,422,404,389,393,406,410,402,396,401,375,359,356,345,326,306,290,275,274,280,285,289,277,275,250,235,231,236,224,212,211,198,201,195,186,170,180,174,166,162,154,157,147,136,132,120,124,128,125,118,113,106,88,87,79,75,72,70,72,74,68,61,61,63,61,63,67,63,61,57,57,51,52,47,47,43,36,35,43,39,37,42,41,42,38,35,34,29,31,32,33,29,29,23,20,20,24,22,23,24,28,27,27,24,23,22,25,29,29,26,27,29,29,31,29,30,31,28,31,32,29,39,36,30
Region 9,on_vent,1,6,16,18,20,22,26,37,40,43,43,47,50,46,47,40,36,37,36,30,34,30,27,30,23,21,21,18,15,15,14,14,16,18,19,18,18,18,20,16,20,21,18,15,14,11,10,12,12,10,8,9,11,11,10,11,8,9,9,7,10,8,9,7,9,10,10,8,8,6,5,8,8,6,7,6,6,3,5,6,3,5,8,7,6,8,7,5,3,2,1,1,1,2,2,2,1,2,3,3,3,3,3,2,3,3,3,3,3,7,9,10,8,8,11,9,7,10,12,11,9,9,10,11,11,9,9,12,13,14,14,16,16,17,16,17,14,14,16,18,18,19,19,18,15,16,18,20,20,22,21,16,18,15,14,14,14,13,15,13,10,9,10,9,8,10,11,11,12,13,14,14,16,16,16,17,16,16,15,13,12,14,13,14,14,15,14,12,10,10,10,12,12,14,13,12,11,8,7,4,3,3,4,2,4,5,5,6,6,6,6,7,7,5,5,5,5,5,6,6,5,4,4,6,6,8,8,5,5,4,3,3,2,2,2,2,2,4,4,4,4,6,6,7,7,7,9,9,9,10,11,12,14,13,14,11,14,15,17,19,22,24,26,22,20,19,20,23,29,25,23,26,26,27,32,30,30,27,28,27,28,28,27,26,26,26,25,22,22,22,22,25,25,27,25,27,31,29,26,24,25,24,19,18,17,17,23,21,22,22,18,18,20,19,22,21,22,19,16,12,15,14,14,12,10,12,13,14,11,14,12,12,14,12,12,12,8,7,6,5,6,6,7,5,4,5,5,5,4,4,3,3,2,3,5,5,5,5,7,7,5,5,5,5,5,2,2,3,3,3,2,2,2,2,0,0,0,0,1,2,2,2,2,2,3,1,1,1,1,1,1,2,2,2,2,2,1,1,0,1,3,2,2,2,2,2,1,1,1,1,2,2,2,2,3,1,2,0,0,2,2,2,2,2,2,2,0,0,0,0,0,0,0,0,0,0,0,0,0,2,2,2,2,4,4,5,5,4,5,4,3,3,4,3,2,2,2,2,2,2,2,2,2,2,2,4,5,3,3,2,2,3,4,3,3,2,1,2,2,3,3,5,6,6,6,9,8,11,14,19,21,22,26,28,31,28,30,37,42,47,45,41,46,48,45,48,48,43,44,45,46,48,48,46,43,43,49,50,46,43,43,46,47,46,45,40,43,44,42,40,35,35,37,38,34,34,33,30,26,24,18,19,18,18,18,16,17,20,18,17,16,14,15,13,13,13,14,14,13,11,10,9,8,7,9,8,7,5,5,7,7,6,4,3,2,3,3,3,4,6,6,7,8,7,7,7,7,7,4,4,5,4,2,3,3,4,4,5,4,4,3,4,3,3,3,3,2,2,3,2,2,2,2,2,2,2,3,2,1,1,2,2,2,2,1,1,1,1,2
