,Geography,Category,2020-03-08,2020-03-09,2020-03-10,2020-03-11,2020-03-12,2020-03-13,2020-03-14,2020-03-15,2020-03-16,2020-03-17,2020-03-18,2020-03-19,2020-03-20,2020-03-21,2020-03-22,2020-03-23,2020-03-24,2020-03-25,2020-03-26,2020-03-27,2020-03-28,2020-03-29,2020-03-30,2020-03-31,2020-04-01,2020-04-02,2020-04-03,2020-04-04,2020-04-05,2020-04-06,2020-04-07,2020-04-08,2020-04-09,2020-04-10,2020-04-11,2020-04-12,2020-04-13,2020-04-14,2020-04-15,2020-04-16,2020-04-17,2020-04-18,2020-04-19,2020-04-20,2020-04-21,2020-04-22,2020-04-23,2020-04-24,2020-04-25,2020-04-26,2020-04-27,2020-04-28,2020-04-29,2020-04-30,2020-05-01,2020-05-02,2020-05-03,2020-05-04,2020-05-05,2020-05-06,2020-05-07,2020-05-08,2020-05-09,2020-05-10,2020-05-11,2020-05-12,2020-05-13,2020-05-14,2020-05-15,2020-05-16,2020-05-17,2020-05-18,2020-05-19,2020-05-20,2020-05-21,2020-05-22,2020-05-23,2020-05-24,2020-05-25,2020-05-26,2020-05-27,2020-05-28,2020-05-29,2020-05-30,2020-05-31,2020-06-01,2020-06-02,2020-06-03,2020-06-04,2020-06-05,2020-06-06,2020-06-07,2020-06-08,2020-06-09,2020-06-10,2020-06-11,2020-06-12,2020-06-13,2020-06-14,2020-06-15,2020-06-16,2020-06-17,2020-06-18,2020-06-19,2020-06-20,2020-06-21,2020-06-22,2020-06-23,2020-06-24,2020-06-25,2020-06-26,2020-06-27,2020-06-28,2020-06-29,2020-06-30,2020-07-01,2020-07-02,2020-07-03,2020-07-04,2020-07-05,2020-07-06,2020-07-07,2020-07-08,2020-07-09,2020-07-10,2020-07-11,2020-07-12,2020-07-13,2020-07-14,2020-07-15,2020-07-16,2020-07-17,2020-07-18,2020-07-19,2020-07-20,2020-07-21,2020-07-22,2020-07-23,2020-07-24,2020-07-25,2020-07-26,2020-07-27,2020-07-28,2020-07-29,2020-07-30,2020-07-31,2020-08-01,2020-08-02,2020-08-03,2020-08-04,2020-08-05,2020-08-06,2020-08-07,2020-08-08,2020-08-09,2020-08-10,2020-08-11,2020-08-12,2020-08-13,2020-08-14,2020-08-15,2020-08-16,2020-08-17,2020-08-18,2020-08-19,2020-08-20,2020-08-21,2020-08-22,2020-08-23,2020-08-24,2020-08-25,2020-08-26,2020-08-27,2020-08-28,2020-08-29,2020-08-30,2020-08-31,2020-09-01,2020-09-02,2020-09-03,2020-09-04,2020-09-05,2020-09-06,2020-09-07,2020-09-08,2020-09-09,2020-09-10,2020-09-11,2020-09-12,2020-09-13,2020-09-14,2020-09-15,2020-09-16,2020-09-17,2020-09-18,2020-09-19,2020-09-20,2020-09-21,2020-09-22,2020-09-23,2020-09-24,2020-09-25,2020-09-26,2020-09-27,2020-09-28,2020-09-29,2020-09-30,2020-10-01,2020-10-02,2020-10-03,2020-10-04,2020-10-05,2020-10-06,2020-10-07,2020-10-08,2020-10-09,2020-10-10,2020-10-11,2020-10-12,2020-10-13,2020-10-14,2020-10-15,2020-10-16,2020-10-17,2020-10-18,2020-10-19,2020-10-20,2020-10-21,2020-10-22,2020-10-23,2020-10-24,2020-10-25,2020-10-26,2020-10-27,2020-10-28,2020-10-29,2020-10-30,2020-10-31,2020-11-01,2020-11-02,2020-11-03,2020-11-04,2020-11-05,2020-11-06,2020-11-07,2020-11-08,2020-11-09,2020-11-10,2020-11-11,2020-11-12,2020-11-13,2020-11-14,2020-11-15,2020-11-16,2020-11-17,2020-11-18,2020-11-19,2020-11-20,2020-11-21,2020-11-22,2020-11-23,2020-11-24,2020-11-25,2020-11-26,2020-11-27,2020-11-28,2020-11-29,2020-11-30,2020-12-01,2020-12-02,2020-12-03,2020-12-04,2020-12-05,2020-12-06,2020-12-07,2020-12-08,2020-12-09,2020-12-10,2020-12-11,2020-12-12,2020-12-13,2020-12-14,2020-12-15,2020-12-16,2020-12-17,2020-12-18,2020-12-19,2020-12-20,2020-12-21,2020-12-22,2020-12-23,2020-12-24,2020-12-25,2020-12-26,2020-12-27,2020-12-28,2020-12-29,2020-12-30,2020-12-31,2021-01-01,2021-01-02,2021-01-03,2021-01-04,2021-01-05,2021-01-06,2021-01-07,2021-01-08,2021-01-09,2021-01-10,2021-01-11,2021-01-12,2021-01-13,2021-01-14,2021-01-15,2021-01-16,2021-01-17,2021-01-18,2021-01-19,2021-01-20,2021-01-21,2021-01-22,2021-01-23,2021-01-24,2021-01-25,2021-01-26,2021-01-27,2021-01-28,2021-01-29,2021-01-30,2021-01-31,2021-02-01,2021-02-02,2021-02-03,2021-02-04,2021-02-05,2021-02-06,2021-02-07,2021-02-08,2021-02-09,2021-02-10,2021-02-11,2021-02-12,2021-02-13,2021-02-14,2021-02-15,2021-02-16,2021-02-17,2021-02-18,2021-02-19,2021-02-20,2021-02-21,2021-02-22,2021-02-23,2021-02-24,2021-02-25,2021-02-26,2021-02-27,2021-02-28,2021-03-01,2021-03-02,2021-03-03,2021-03-04,2021-03-05,2021-03-06,2021-03-07,2021-03-08,2021-03-09,2021-03-10,2021-03-11,2021-03-12,2021-03-13,2021-03-14,2021-03-15,2021-03-16,2021-03-17,2021-03-18,2021-03-19,2021-03-20,2021-03-21,2021-03-22,2021-03-23,2021-03-24,2021-03-25,2021-03-26,2021-03-27,2021-03-28,2021-03-29,2021-03-30,2021-03-31,2021-04-01,2021-04-02,2021-04-03,2021-04-04,2021-04-05,2021-04-06,2021-04-07,2021-04-08,2021-04-09,2021-04-10,2021-04-11,2021-04-12,2021-04-13,2021-04-14,2021-04-15,2021-04-16,2021-04-17,2021-04-18,2021-04-19,2021-04-20,2021-04-21,2021-04-22,2021-04-23,2021-04-24,2021-04-25,2021-04-26,2021-04-27,2021-04-28,2021-04-29,2021-04-30,2021-05-01,2021-05-02,2021-05-03,2021-05-04,2021-05-05,2021-05-06,2021-05-07,2021-05-08,2021-05-09,2021-05-10,2021-05-11,2021-05-12,2021-05-13,2021-05-14,2021-05-15,2021-05-16,2021-05-17,2021-05-18,2021-05-19,2021-05-20,2021-05-21,2021-05-22,2021-05-23,2021-05-24,2021-05-25,2021-05-26,2021-05-27,2021-05-28,2021-05-29,2021-05-30,2021-05-31,2021-06-01,2021-06-02,2021-06-03,2021-06-04,2021-06-05,2021-06-06,2021-06-07,2021-06-08,2021-06-09,2021-06-10,2021-06-11,2021-06-12,2021-06-13,2021-06-14,2021-06-15,2021-06-16,2021-06-17,2021-06-18,2021-06-19,2021-06-20,2021-06-21,2021-06-22,2021-06-23,2021-06-24,2021-06-25,2021-06-26,2021-06-27,2021-06-28,2021-06-29,2021-06-30,2021-07-01,2021-07-02,2021-07-03,2021-07-04,2021-07-05,2021-07-06,2021-07-07,2021-07-08,2021-07-09,2021-07-10,2021-07-11,2021-07-12,2021-07-13,2021-07-14,2021-07-15,2021-07-16,2021-07-17,2021-07-18,2021-07-19,2021-07-20,2021-07-21,2021-07-22,2021-07-23,2021-07-24,2021-07-25,2021-07-26,2021-07-27,2021-07-28,2021-07-29,2021-07-30,2021-07-31,2021-08-01,2021-08-02,2021-08-03,2021-08-04,2021-08-05,2021-08-06,2021-08-07,2021-08-08,2021-08-09,2021-08-10,2021-08-11,2021-08-12,2021-08-13,2021-08-14,2021-08-15,2021-08-16,2021-08-17,2021-08-18,2021-08-19,2021-08-20,2021-08-21,2021-08-22,2021-08-23,2021-08-24,2021-08-25,2021-08-26,2021-08-27,2021-08-28,2021-08-29,2021-08-30,2021-08-31,2021-09-01,2021-09-02,2021-09-03,2021-09-04,2021-09-05,2021-09-06,2021-09-07,2021-09-08,2021-09-09,2021-09-10,2021-09-11,2021-09-12,2021-09-13,2021-09-14,2021-09-15,2021-09-16,2021-09-17,2021-09-18,2021-09-19,2021-09-20,2021-09-21,2021-09-22,2021-09-23,2021-09-24,2021-09-25,2021-09-26,2021-09-27,2021-09-28,2021-09-29,2021-09-30,2021-10-01,2021-10-02,2021-10-03,2021-10-04,2021-10-05,2021-10-06,2021-10-07,2021-10-08,2021-10-09,2021-10-10,2021-10-11,2021-10-12,2021-10-13,2021-10-14,2021-10-15,2021-10-16,2021-10-17,2021-10-18,2021-10-19,2021-10-20,2021-10-21,2021-10-22,2021-10-23,2021-10-24,2021-10-25,2021-10-26,2021-10-27,2021-10-28,2021-10-29,2021-10-30,2021-10-31,2021-11-01,2021-11-02,2021-11-03,2021-11-04,2021-11-05,2021-11-06,2021-11-07,2021-11-08,2021-11-09,2021-11-10,2021-11-11,2021-11-12,2021-11-13,2021-11-14,2021-11-15,2021-11-16,2021-11-17,2021-11-18,2021-11-19,2021-11-20,2021-11-21,2021-11-22,2021-11-23,2021-11-24,2021-11-25,2021-11-26,2021-11-27,2021-11-28,2021-11-29,2021-11-30,2021-12-01,2021-12-02,2021-12-03,2021-12-04,2021-12-05,2021-12-06,2021-12-07,2021-12-08,2021-12-09,2021-12-10,2021-12-11,2021-12-12,2021-12-13,2021-12-14,2021-12-15,2021-12-16,2021-12-17,2021-12-18,2021-12-19,2021-12-20,2021-12-21,2021-12-22,2021-12-23,2021-12-24,2021-12-25,2021-12-26,2021-12-27,2021-12-28,2021-12-29,2021-12-30,2021-12-31,2022-01-01,2022-01-02,2022-01-03,2022-01-04,2022-01-05,2022-01-06,2022-01-07,2022-01-08,2022-01-09,2022-01-10,2022-01-11,2022-01-12,2022-01-13,2022-01-14,2022-01-15,2022-01-16,2022-01-17,2022-01-18,2022-01-19,2022-01-20,2022-01-21,2022-01-22,2022-01-23,2022-01-24,2022-01-25,2022-01-26,2022-01-27,2022-01-28,2022-01-29,2022-01-30,2022-01-31,2022-02-01,2022-02-02,2022-02-03,2022-02-04,2022-02-05,2022-02-06,2022-02-07,2022-02-08,2022-02-09,2022-02-10,2022-02-11,2022-02-12,2022-02-13,2022-02-14,2022-02-15,2022-02-16,2022-02-17,2022-02-18,2022-02-19,2022-02-20,2022-02-21,2022-02-22,2022-02-23,2022-02-24,2022-02-25,2022-02-26,2022-02-27,2022-02-28,2022-03-01,2022-03-02,2022-03-03,2022-03-04,2022-03-05,2022-03-06,2022-03-07,2022-03-08,2022-03-09,2022-03-10,2022-03-11,2022-03-12,2022-03-13,2022-03-14,2022-03-15,2022-03-16,2022-03-17,2022-03-18,2022-03-19,2022-03-20,2022-03-21,2022-03-22,2022-03-23,2022-03-24,2022-03-25,2022-03-26,2022-03-27,2022-03-28,2022-03-29,2022-03-30,2022-03-31,2022-04-01,2022-04-02,2022-04-03,2022-04-04,2022-04-05,2022-04-06,2022-04-07,2022-04-08,2022-04-09,2022-04-10,2022-04-11,2022-04-12,2022-04-13,2022-04-14,2022-04-15,2022-04-16,2022-04-17,2022-04-18,2022-04-19,2022-04-20,2022-04-21,2022-04-22,2022-04-23,2022-04-24,2022-04-25,2022-04-26,2022-04-27,2022-04-28,2022-04-29,2022-04-30,2022-05-01,2022-05-02,2022-05-03,2022-05-04,2022-05-05,2022-05-06,2022-05-07,2022-05-08,2022-05-09,2022-05-10,2022-05-11,2022-05-12,2022-05-13,2022-05-14,2022-05-15,2022-05-16,2022-05-17,2022-05-18,2022-05-19,2022-05-20,2022-05-21,2022-05-22,2022-05-23,2022-05-24,2022-05-25,2022-05-26,2022-05-27,2022-05-28,2022-05-29,2022-05-30,2022-05-31,2022-06-01,2022-06-02,2022-06-03,2022-06-04,2022-06-05,2022-06-06,2022-06-07,2022-06-08,2022-06-09,2022-06-10,2022-06-11,2022-06-12,2022-06-13,2022-06-14,2022-06-15,2022-06-16,2022-06-17,2022-06-18,2022-06-19,2022-06-20,2022-06-21,2022-06-22,2022-06-23,2022-06-24,2022-06-25,2022-06-26,2022-06-27,2022-06-28,2022-06-29,2022-06-30,2022-07-01,2022-07-02,2022-07-03,2022-07-04,2022-07-05,2022-07-06,2022-07-07
0,Region 1,First Infections,1,4,9,22,72,71,64,94,237,305,285,307,359,382,540,741,756,685,682,608,458,421,591,549,473,463,448,277,218,322,332,289,204,187,128,60,189,164,122,148,133,73,49,120,100,89,87,110,42,29,95,91,58,118,75,82,29,74,87,98,67,85,46,25,98,97,113,103,87,34,39,77,77,98,91,61,25,28,36,94,89,88,88,24,24,59,47,54,54,74,32,16,54,96,92,96,105,47,32,110,145,142,180,156,111,64,191,205,167,235,211,157,109,269,278,275,304,200,123,142,372,421,306,336,356,213,165,399,376,337,309,272,166,117,325,285,245,230,208,147,98,277,233,211,206,203,121,87,222,187,172,183,150,114,66,205,113,147,112,139,91,63,144,107,121,122,96,80,54,93,134,136,125,159,80,76,135,183,152,169,95,56,53,57,137,97,98,68,53,58,75,54,105,110,89,53,46,142,204,133,93,93,51,48,104,145,90,76,97,66,45,106,109,93,93,80,79,59,113,160,154,122,112,75,49,115,108,113,129,114,77,50,129,93,27,68,96,82,59,122,121,204,207,185,118,88,234,300,291,294,213,141,132,303,319,319,340,366,236,163,399,435,378,101,341,310,241,646,486,456,454,356,247,214,444,432,512,507,452,316,270,514,487,521,438,396,271,235,607,536,583,359,140,459,348,944,851,957,568,288,731,498,1068,873,848,709,686,422,310,676,547,551,486,461,302,251,425,562,558,527,483,302,266,558,482,491,409,386,242,232,353,276,263,230,215,140,117,290,228,206,200,183,110,90,108,118,188,158,130,119,93,190,158,158,143,160,95,71,160,112,92,114,75,56,54,96,92,74,97,81,60,37,77,69,67,47,55,39,40,80,48,53,47,62,36,46,58,73,49,54,43,27,10,57,65,63,56,64,26,41,71,53,62,55,51,35,34,55,64,66,59,50,35,56,50,58,60,62,54,34,24,78,76,50,76,79,37,38,94,75,76,78,67,36,56,71,62,62,48,61,25,39,53,51,55,51,41,30,19,49,70,43,54,61,25,56,56,46,46,37,46,24,30,43,42,42,22,31,29,25,51,32,39,43,44,39,37,65,69,64,84,84,62,41,113,129,113,124,125,119,134,253,244,308,349,359,284,310,528,631,678,666,748,540,580,952,1014,1024,1079,994,638,542,1232,1077,1048,1078,979,700,531,1128,1085,968,894,863,586,418,1125,882,839,809,737,437,347,897,732,661,616,463,109,18,74,89,108,102,123,110,102,124,246,214,276,248,176,115,292,263,274,234,221,97,79,197,167,133,129,127,66,48,147,116,110,122,102,53,50,126,103,92,80,99,42,48,106,101,83,63,63,34,52,75,73,65,80,61,29,35,84,62,75,52,44,23,20,54,49,74,57,49,39,27,68,70,68,63,45,32,26,79,53,71,61,64,25,22,55,41,44,8,56,31,30,87,103,65,63,50,49,28,98,106,124,105,144,72,86,265,361,498,524,535,388,357,1001,1219,1668,1554,1000,493,1262,2830,3796,3772,3663,2098,865,1670,4020,4128,3692,3175,2462,1137,858,2860,2499,2004,1762,1457,673,435,973,1811,1376,1098,732,464,334,1087,767,818,673,486,225,214,645,508,489,418,309,161,136,368,324,315,240,198,86,71,199,168,171,158,96,47,51,121,82,69,79,62,33,19,54,19,48,85,71,52,40,111,70,66,47,37,20,17,53,39,35,24,23,9,11,39,14,32,35,24,6,13,43,38,22,37,21,13,11,41,35,39,47,42,30,19,83,69,145,61,43,39,30,93,85,100,107,84,53,29,141,102,132,117,100,72,83,202,195,213,198,170,95,106,341,335,361,353,250,184,163,411,373,327,320,271,154,149,435,374,340,299,290,178,178,204,428,345,315,285,172,167,311,293,304,225,206,176,155,292,281,306,266,237,168,146,329,286,311,303,242,165,150,305,363,329,293,213,183,171,153,363,152,0
1,Region 1,Reinfections,0,0,0,0,0,0,0,0,0,0,0,0,0,0,0,0,0,0,0,0,0,0,0,0,0,0,0,0,0,0,0,0,0,0,0,0,0,0,0,0,0,0,0,0,0,0,0,0,0,0,0,0,0,0,0,0,0,0,0,0,0,0,0,0,0,0,0,0,0,0,0,0,0,0,0,0,0,0,0,0,0,0,0,0,0,0,0,0,0,0,0,0,0,0,0,0,0,0,0,0,0,0,0,0,0,0,0,1,1,0,0,0,0,2,2,0,1,0,0,0,2,1,3,0,3,0,0,1,1,1,1,2,2,1,1,1,1,0,1,0,0,0,0,1,2,1,1,1,3,0,1,0,3,0,1,0,0,3,0,0,0,0,1,2,0,0,0,1,2,0,0,2,0,3,0,0,0,1,1,1,0,0,0,0,2,1,0,1,1,0,1,0,1,1,0,2,2,1,2,2,2,0,0,0,1,1,0,1,1,1,0,1,0,0,0,0,1,2,1,0,1,0,1,0,1,0,0,2,2,2,1,2,0,1,0,0,0,1,2,0,0,1,3,0,1,0,0,3,3,2,2,1,0,1,2,1,3,1,2,0,0,4,3,1,3,0,1,2,1,5,4,2,2,0,4,2,1,2,3,0,0,3,1,1,1,1,0,1,6,1,1,1,1,0,1,1,5,4,1,3,3,1,4,4,1,1,5,3,2,3,4,2,3,3,3,0,2,5,5,6,1,2,3,1,5,5,4,5,1,1,4,3,1,1,3,1,2,4,4,1,4,10,2,0,1,1,2,1,4,0,1,0,1,1,1,3,3,1,0,2,2,0,1,1,0,2,0,0,0,1,0,0,3,0,1,0,0,1,0,2,0,1,1,1,1,0,3,0,1,1,0,1,1,1,2,0,3,1,0,0,2,1,0,1,1,1,0,3,0,2,5,2,1,0,2,2,2,1,2,1,1,3,2,2,1,0,0,1,3,0,1,1,3,0,0,3,0,1,1,1,1,4,1,1,1,1,0,1,1,0,1,2,0,1,0,0,2,1,0,2,0,3,0,3,0,0,1,2,1,0,1,4,3,3,1,0,1,2,2,0,2,2,1,1,3,2,1,2,1,1,1,2,6,2,4,4,5,1,12,7,7,8,16,9,7,9,16,18,24,22,11,10,22,19,17,17,15,15,7,20,19,19,22,16,3,4,27,20,15,15,8,7,4,11,12,12,11,7,1,0,0,3,2,4,1,1,2,2,5,8,5,3,1,1,10,10,2,3,6,1,1,5,3,2,4,4,2,1,3,0,2,5,1,2,2,3,0,2,2,0,1,0,2,3,1,4,3,2,1,2,1,0,4,3,0,0,1,1,1,4,5,3,3,4,1,2,4,5,1,1,4,1,5,2,2,3,1,3,7,5,1,3,1,3,1,1,4,0,3,2,0,3,4,8,8,2,2,2,6,9,7,15,9,11,12,34,56,83,84,73,35,36,121,148,175,172,114,60,151,334,401,412,411,215,82,147,421,390,352,325,240,94,84,263,232,181,175,140,58,42,112,172,145,103,83,40,43,94,87,70,66,56,28,19,78,64,73,48,31,14,16,47,31,33,25,12,8,6,24,16,13,14,13,2,8,14,11,5,7,5,7,2,4,2,5,10,10,4,5,11,6,3,4,3,0,5,4,3,3,4,1,1,0,3,0,5,1,2,3,1,5,8,5,4,2,1,1,8,3,6,5,3,1,4,14,10,27,7,3,5,7,8,10,12,11,12,5,3,19,19,11,19,10,11,4,41,25,37,41,19,11,14,49,39,51,62,37,27,25,66,61,64,54,35,20,25,65,50,60,53,41,30,22,42,57,75,61,58,22,33,67,60,69,48,39,30,22,45,44,56,48,47,32,30,62,57,60,41,44,41,32,59,68,55,59,49,36,33,26,107,27,0
2,Region 2,First Infections,0,0,0,0,0,6,5,5,40,22,43,47,56,27,28,84,140,119,126,122,42,51,186,152,102,133,132,62,49,178,123,116,109,70,49,53,159,102,83,92,91,40,38,115,65,177,69,80,41,18,81,74,113,60,90,65,43,83,80,74,68,58,17,27,68,92,34,48,67,24,71,103,60,77,53,42,39,13,49,50,44,56,86,44,15,117,60,54,52,55,28,20,47,100,70,64,62,35,25,80,94,147,171,155,117,71,209,228,190,232,168,108,89,331,323,357,313,193,115,127,357,385,372,362,361,209,204,435,365,352,311,324,208,162,345,322,341,299,273,185,126,373,283,282,279,245,135,122,315,259,232,229,163,100,111,193,233,179,195,122,100,76,202,177,156,289,167,64,73,262,113,101,75,160,58,76,376,153,231,155,108,55,37,53,285,134,106,80,72,43,139,103,106,106,71,25,23,87,78,71,54,66,37,48,98,69,57,53,70,32,37,72,55,69,61,36,37,42,99,81,60,59,72,59,59,105,111,115,103,125,51,53,136,134,100,126,123,75,63,156,135,200,179,177,111,130,306,262,290,289,285,158,144,364,390,308,307,285,149,160,428,351,319,57,293,210,228,549,379,428,366,294,168,210,410,340,319,308,326,215,193,340,408,397,337,329,240,226,448,394,402,235,82,373,312,586,496,515,380,209,400,401,777,589,517,406,374,221,187,503,316,342,347,303,187,190,301,337,348,352,363,236,166,482,314,281,258,253,150,170,281,206,193,177,165,122,101,193,175,168,121,111,60,60,11,34,98,92,124,88,57,126,89,120,126,96,70,72,134,99,106,137,95,23,43,124,125,110,100,88,72,76,140,91,93,97,102,56,51,124,68,90,67,70,61,42,112,97,89,60,49,56,38,92,99,88,93,83,54,87,141,97,106,81,83,81,62,106,98,105,94,83,54,49,86,75,80,87,91,78,61,116,76,88,111,67,56,61,96,62,92,76,75,54,41,98,71,79,51,56,46,54,56,64,51,31,52,12,29,28,55,43,47,38,38,25,71,40,43,65,36,18,14,53,48,57,56,37,35,38,63,66,68,80,67,54,73,92,105,94,85,89,87,38,134,160,204,192,145,146,145,278,293,318,276,385,293,355,573,610,669,650,660,544,566,964,919,863,738,830,578,640,987,879,884,844,665,482,420,933,864,797,695,669,436,454,815,716,614,577,558,398,337,654,563,575,521,432,192,42,91,240,294,235,249,178,182,205,306,271,243,212,129,147,191,187,179,148,156,78,65,151,234,146,138,98,52,63,124,132,118,127,100,58,66,125,93,81,94,72,50,53,93,72,67,80,68,39,29,91,60,42,64,46,29,30,67,67,30,41,34,17,25,55,45,35,45,41,20,28,67,45,43,46,35,22,24,73,49,64,59,34,32,21,65,30,31,17,30,31,29,77,66,53,50,29,41,43,66,50,71,52,61,38,40,100,114,121,154,164,126,169,281,455,560,804,507,245,1015,1973,2558,2710,2465,1479,503,1448,2699,2699,2516,2168,1923,1068,868,2287,2238,2141,1896,1565,783,736,1625,1903,1731,1347,614,302,386,897,746,726,547,481,200,307,629,561,432,402,309,127,161,337,268,235,176,177,88,75,155,167,152,136,104,57,50,106,110,63,51,36,27,20,40,16,32,35,30,20,19,33,23,29,31,11,16,14,20,21,17,17,11,5,8,15,16,14,14,10,7,8,26,15,13,12,18,4,5,14,13,18,11,10,6,9,22,18,16,17,17,12,12,27,18,24,17,14,16,20,30,35,30,30,30,26,22,60,55,62,52,52,31,28,86,76,91,83,80,56,66,152,154,114,116,120,78,92,210,159,158,164,154,112,86,130,244,191,358,157,84,120,234,206,193,189,156,111,118,231,236,279,239,176,103,127,242,236,215,187,164,124,151,237,320,193,179,205,218,193,172,421,15,0
3,Region 2,Reinfections,0,0,0,0,0,0,0,0,0,0,0,0,0,0,0,0,0,0,0,0,0,0,0,0,0,0,0,0,0,0,0,0,0,0,0,0,0,0,0,0,0,0,0,0,0,0,0,0,0,0,0,0,0,0,0,0,0,0,0,0,0,0,0,0,0,0,0,0,0,0,0,0,0,0,0,0,0,0,0,0,0,0,0,0,0,0,0,0,0,0,0,0,0,0,0,0,0,0,0,0,0,0,0,0,0,0,0,0,0,0,0,1,0,0,0,0,1,0,0,0,0,0,0,1,0,2,0,0,0,0,1,0,0,1,1,0,0,1,1,0,1,0,1,0,0,0,1,0,1,0,0,1,0,0,0,1,0,0,0,1,0,0,0,0,0,0,1,1,1,0,0,1,0,1,0,0,0,0,0,1,1,1,1,1,0,0,1,0,0,0,0,0,0,1,0,0,1,1,0,0,2,1,0,0,0,0,0,0,1,0,0,0,1,0,0,1,1,0,2,1,3,0,1,1,1,1,1,0,0,1,0,0,0,1,1,0,0,0,1,0,3,1,2,2,0,0,2,2,3,0,1,2,0,3,1,1,2,1,0,1,1,0,0,0,0,0,1,3,2,2,3,2,1,0,1,3,3,0,2,0,1,1,4,0,3,1,0,3,5,4,3,3,0,3,2,4,4,2,2,0,0,1,5,4,1,3,6,0,1,3,2,2,2,1,0,1,2,5,3,2,3,0,2,5,3,3,6,1,1,0,1,0,1,2,1,0,1,2,5,2,2,2,0,1,0,0,1,0,0,1,0,0,0,1,0,1,0,0,0,3,1,0,0,1,0,3,3,1,0,1,0,0,2,2,1,1,3,2,1,1,0,4,1,1,0,0,3,2,2,1,1,0,0,2,3,3,2,1,3,1,4,1,4,4,4,2,0,1,2,2,0,0,1,2,3,0,3,1,3,1,2,4,0,1,0,0,3,2,3,3,1,3,1,2,0,0,1,0,2,1,1,1,1,1,1,0,0,0,0,1,1,1,2,1,0,0,2,0,2,0,0,0,0,2,2,3,0,1,1,1,3,0,0,2,4,1,1,9,2,2,1,1,1,0,4,4,5,6,2,2,6,5,5,3,3,4,5,6,15,11,13,22,21,10,7,23,20,17,13,13,10,14,22,27,11,20,13,8,6,13,24,15,11,9,6,5,14,9,13,14,9,13,13,20,12,14,9,12,2,0,2,6,10,6,1,2,3,3,16,11,7,6,3,0,6,4,7,5,7,0,1,6,3,6,2,4,1,2,4,6,5,2,7,3,4,6,5,4,4,4,1,5,7,3,2,2,2,1,2,2,4,2,3,0,1,3,0,3,1,4,2,2,1,5,0,3,1,7,1,3,4,3,0,2,5,1,1,6,7,5,4,4,0,1,4,4,2,0,4,4,2,5,5,5,2,2,1,1,2,6,6,2,2,1,2,5,8,16,22,19,11,12,32,74,81,101,70,21,107,262,327,385,321,182,71,171,273,360,350,256,228,101,111,258,296,259,240,172,92,79,199,266,238,144,84,27,32,92,93,85,80,58,17,26,64,57,61,41,38,10,18,37,35,37,27,20,10,9,24,21,24,15,15,5,8,14,10,13,10,9,2,1,5,1,7,2,5,1,4,5,4,1,1,4,1,2,4,2,4,6,4,2,0,3,1,3,2,0,2,0,2,1,4,2,1,2,0,0,2,2,8,3,1,1,3,12,1,4,2,0,0,2,5,2,5,2,0,4,9,6,8,3,7,2,6,10,10,13,6,12,6,5,16,7,11,18,18,5,7,21,30,25,19,13,13,12,51,31,41,44,34,23,19,28,55,58,72,28,14,27,41,60,41,30,26,17,19,52,70,74,61,33,24,26,58,58,70,48,37,21,28,57,86,49,50,39,60,48,35,87,6,0
4,Region 3,First Infections,0,0,0,1,3,7,1,4,27,29,33,42,50,47,47,110,137,120,129,132,84,81,129,127,119,124,94,48,62,133,125,92,108,59,30,30,75,95,76,79,52,39,25,44,58,50,27,30,17,11,77,29,30,32,32,21,53,30,29,29,47,9,5,8,30,43,33,20,18,11,10,40,16,32,19,18,6,13,22,44,30,25,28,11,18,45,32,38,22,22,8,7,27,31,24,32,42,18,15,36,42,46,47,55,33,28,96,91,96,157,128,82,82,253,178,171,195,110,82,93,245,216,242,215,202,92,86,267,243,217,203,193,83,131,216,231,189,178,179,86,74,235,140,136,160,147,63,69,207,142,151,136,119,56,50,143,117,102,97,68,44,24,110,84,66,58,50,40,23,41,69,42,34,65,34,27,57,52,56,62,41,29,23,40,77,68,48,37,39,39,66,46,68,38,39,20,20,49,37,37,38,41,25,22,57,41,39,28,31,22,22,53,49,40,39,25,23,28,59,44,47,51,31,23,16,76,39,38,47,43,18,23,59,56,11,45,38,22,27,43,45,70,89,80,54,53,140,105,101,131,102,89,86,162,116,125,146,118,89,96,198,153,181,31,159,117,122,204,198,197,204,172,111,117,225,190,176,257,202,108,138,245,214,176,201,198,126,137,325,256,240,147,43,216,172,405,329,339,268,152,334,272,501,380,322,315,284,152,154,275,265,244,214,230,150,174,273,311,311,265,257,159,159,354,220,227,216,195,98,128,203,168,138,147,138,84,60,145,139,108,106,97,44,63,56,59,86,90,67,40,51,95,80,53,62,69,55,50,61,60,66,49,55,29,24,63,44,55,52,38,18,34,48,59,41,37,35,14,26,59,32,43,31,29,22,23,24,35,28,32,21,18,5,44,27,30,29,29,18,21,40,21,31,22,28,15,10,33,29,32,32,23,10,25,63,45,50,49,61,30,27,50,67,44,60,32,22,26,49,53,50,47,37,29,36,58,54,50,45,56,25,33,60,55,47,43,53,37,28,47,80,59,41,41,19,32,44,32,43,42,43,38,35,45,45,55,44,34,32,29,58,41,48,48,41,43,32,103,76,68,77,66,53,33,96,147,123,122,148,92,97,190,176,213,241,239,183,208,422,392,410,434,435,323,327,689,612,610,597,670,360,434,802,691,711,658,571,419,452,751,645,605,590,516,340,340,751,618,568,572,502,287,311,606,479,441,377,285,54,16,37,73,139,115,140,102,110,191,212,184,179,137,123,108,183,134,158,122,139,89,71,137,87,92,81,52,57,56,98,49,54,55,48,33,38,82,53,61,51,61,36,20,65,65,55,40,45,34,19,42,34,34,46,49,13,28,39,48,24,37,29,25,16,31,40,46,31,31,17,25,33,31,37,28,20,14,13,33,27,35,36,42,18,19,41,43,36,5,34,27,29,51,49,40,35,32,20,27,51,48,42,50,45,31,37,91,62,85,97,88,81,86,204,233,302,347,245,159,444,952,1107,1174,1026,595,333,529,1266,1108,996,897,888,485,491,1295,1228,1104,961,875,458,391,777,1019,871,715,417,271,202,680,519,456,384,320,201,181,480,347,300,249,181,109,80,262,178,161,134,107,57,37,129,92,110,72,56,42,35,82,45,38,39,24,12,11,26,17,20,23,17,7,8,22,9,14,12,7,7,2,8,9,5,6,6,1,0,10,10,7,8,7,6,5,10,2,10,6,5,3,3,15,4,10,8,6,4,3,9,5,14,7,8,3,2,16,13,12,12,8,5,5,16,16,19,20,16,12,14,24,26,31,25,33,10,22,40,56,69,49,40,31,29,76,80,80,46,58,53,50,98,93,81,91,70,55,51,105,126,125,132,120,72,88,161,130,128,116,110,84,103,170,159,158,150,118,92,100,171,156,171,140,163,92,85,215,171,164,181,113,82,88,87,158,54,0
5,Region 3,Reinfections,0,0,0,0,0,0,0,0,0,0,0,0,0,0,0,0,0,0,0,0,0,0,0,0,0,0,0,0,0,0,0,0,0,0,0,0,0,0,0,0,0,0,0,0,0,0,0,0,0,0,0,0,0,0,0,0,0,0,0,0,0,0,0,0,0,0,0,0,0,0,0,0,0,0,0,0,0,0,0,0,0,0,0,0,0,0,0,0,0,0,0,0,0,0,0,0,0,0,0,0,0,0,0,0,0,0,0,0,0,0,0,0,0,0,0,1,0,0,0,0,0,0,0,1,0,0,0,1,0,0,0,0,0,1,0,2,0,0,0,0,1,1,1,0,0,0,0,0,0,1,0,1,0,0,1,1,0,0,1,0,0,0,1,0,0,0,0,0,0,0,0,0,0,0,0,0,0,0,0,0,2,0,0,0,1,0,1,0,1,0,0,0,1,0,0,0,0,0,0,1,1,0,0,0,0,0,3,0,1,0,0,0,0,0,0,0,0,0,0,0,0,0,0,0,0,1,0,0,0,0,1,0,1,0,0,2,1,0,0,0,0,1,1,0,0,0,2,1,0,0,0,0,0,0,1,2,0,0,1,0,1,1,0,0,1,1,0,5,1,2,2,3,1,0,0,1,2,1,1,1,0,1,0,1,1,2,1,1,1,0,0,2,1,0,0,1,3,1,1,0,1,4,2,1,1,2,3,0,0,3,0,0,0,1,1,0,4,3,2,4,3,0,0,3,2,3,1,1,1,1,0,3,1,1,0,2,0,4,0,0,1,0,1,0,2,1,1,1,1,0,0,3,1,1,1,0,0,0,0,0,0,0,0,0,0,0,2,2,2,0,0,0,0,0,1,0,0,0,0,1,0,0,0,0,0,0,1,0,1,1,1,0,0,1,0,0,2,1,1,0,2,1,0,1,0,2,0,1,3,2,0,1,0,0,1,0,1,0,0,0,1,1,0,0,1,0,1,0,0,0,1,1,1,1,0,1,0,2,0,1,1,3,1,0,2,1,0,0,0,1,2,1,0,1,0,2,0,0,0,0,1,1,3,0,1,3,0,0,0,0,1,1,0,3,1,0,1,2,3,1,2,0,4,0,3,3,2,5,4,4,2,6,4,3,5,1,3,3,4,5,10,9,6,1,6,7,13,11,9,12,6,9,10,11,18,13,10,7,5,21,13,13,9,14,10,7,17,12,11,9,3,7,5,10,7,10,8,5,3,1,0,0,2,2,0,2,0,6,2,7,4,3,2,1,3,4,2,2,3,0,1,2,3,0,2,0,2,0,3,3,1,1,1,1,0,4,0,3,0,1,0,1,2,1,2,3,1,2,0,1,1,2,1,4,0,1,2,1,2,1,1,3,1,4,1,1,2,2,1,0,0,2,3,3,1,3,1,3,1,0,1,3,0,0,2,4,3,0,0,1,0,1,2,0,1,1,0,0,3,1,6,2,5,2,2,4,4,11,9,15,16,7,26,37,43,54,31,19,76,163,160,160,132,97,47,71,204,162,132,128,122,63,62,170,148,159,116,114,62,56,116,148,133,89,56,27,37,109,75,73,72,43,31,32,65,63,47,44,20,14,17,43,25,25,27,15,12,7,23,10,14,7,14,3,4,24,3,3,9,4,0,1,2,4,4,3,1,1,2,2,2,4,1,0,1,0,0,0,1,0,3,0,1,2,2,1,1,2,0,0,1,3,2,1,2,2,0,2,0,3,1,0,0,2,2,3,1,3,0,2,1,0,1,2,2,1,1,3,2,6,6,2,4,2,4,3,3,7,1,6,3,10,9,7,13,6,6,3,12,25,17,17,17,15,14,14,21,20,21,23,27,12,10,26,20,29,38,31,11,17,32,43,30,41,26,21,33,45,41,54,48,46,14,35,45,49,62,40,50,31,20,67,57,37,44,35,24,35,28,63,20,0
6,Region 4,First Infections,0,1,0,0,0,2,2,4,9,8,11,19,22,13,24,33,43,43,46,54,31,30,67,53,49,50,31,37,21,68,43,79,50,28,39,11,43,47,32,44,43,13,46,37,24,37,28,15,29,9,18,14,22,31,23,8,12,21,26,24,18,25,12,7,63,32,23,16,82,7,9,31,31,63,102,18,7,13,13,43,59,62,36,22,32,41,53,50,43,53,16,32,72,102,114,94,124,144,125,168,156,225,231,203,152,81,314,349,386,387,340,162,184,546,541,532,446,299,171,225,601,557,556,514,347,254,221,637,488,415,353,334,208,160,546,361,287,317,265,129,124,355,273,318,338,245,123,112,329,268,206,252,183,76,81,294,138,152,120,105,66,50,184,123,90,85,77,23,29,105,86,35,13,69,34,58,107,72,72,58,66,45,28,35,77,77,55,51,43,25,58,72,58,50,54,19,40,66,68,70,58,64,31,41,106,60,50,49,53,37,37,101,42,70,52,7,14,40,87,76,70,74,49,25,31,105,81,75,63,55,21,36,85,87,91,78,68,37,70,154,130,166,137,172,101,126,367,339,353,338,290,170,183,485,387,357,354,350,181,238,469,350,359,52,320,222,242,555,376,359,354,279,161,206,444,395,372,433,337,211,237,477,384,391,403,325,187,248,467,371,350,225,67,282,308,627,505,513,397,124,367,339,817,512,412,294,324,185,193,420,281,287,321,237,135,158,393,297,290,303,235,125,155,330,219,219,216,160,92,103,243,176,147,156,120,57,71,172,121,118,77,68,47,47,16,55,79,97,78,46,58,118,69,71,77,86,28,55,101,76,75,74,48,37,32,111,89,89,78,67,32,56,118,55,46,56,58,37,36,94,58,89,65,55,34,36,68,57,38,46,20,43,24,97,89,78,86,76,34,67,108,91,88,80,74,53,51,89,89,80,86,71,62,53,102,73,89,82,81,46,55,119,78,88,83,72,45,44,118,78,59,82,78,44,58,87,63,67,77,61,41,52,81,66,68,62,44,30,27,51,72,52,44,39,26,47,53,46,36,56,34,29,31,44,57,47,45,48,23,29,62,42,52,43,43,42,45,75,53,87,74,82,68,35,95,108,134,137,96,100,121,200,183,257,202,252,183,226,407,334,468,515,503,406,433,706,753,670,597,746,542,570,1050,808,943,841,644,517,493,1026,839,837,801,704,433,459,929,774,716,669,560,373,377,771,625,579,529,422,225,91,408,614,512,426,353,250,199,222,405,332,283,278,163,141,266,175,194,208,184,96,83,207,150,132,114,125,67,63,145,114,96,106,94,61,67,132,101,113,108,68,31,55,123,89,93,91,86,38,42,73,77,82,61,55,42,47,95,68,64,64,45,20,37,49,48,49,61,33,28,33,70,56,45,55,47,20,42,68,59,45,70,33,27,41,69,53,61,11,37,33,45,99,66,70,69,47,45,37,75,58,66,60,46,25,44,62,81,83,104,100,89,93,193,268,363,439,258,137,478,1049,1384,1500,1406,653,340,721,1737,1667,1625,1421,1306,606,659,2063,1585,1768,1493,1432,575,585,1320,1696,1516,1094,767,367,375,1018,860,784,644,540,189,304,735,542,491,417,291,121,126,322,272,215,198,181,79,71,227,130,123,104,91,41,37,117,74,58,60,33,20,16,43,22,40,26,21,22,14,31,19,22,20,13,6,11,13,14,15,14,4,6,3,14,9,17,13,10,3,3,4,6,5,14,6,2,7,6,2,7,8,10,4,5,17,6,10,10,7,4,3,8,6,3,7,4,5,6,16,22,13,11,18,12,9,30,27,24,44,36,14,24,60,37,58,58,46,60,56,71,82,106,55,67,53,64,119,82,97,77,97,68,46,77,180,102,69,104,64,73,130,146,125,120,147,82,72,180,160,192,151,133,108,109,213,196,202,199,172,107,118,233,273,203,188,145,162,153,134,313,44,0
7,Region 4,Reinfections,0,0,0,0,0,0,0,0,0,0,0,0,0,0,0,0,0,0,0,0,0,0,0,0,0,0,0,0,0,0,0,0,0,0,0,0,0,0,0,0,0,0,0,0,0,0,0,0,0,0,0,0,0,0,0,0,0,0,0,0,0,0,0,0,0,0,0,0,0,0,0,0,0,0,0,0,0,0,0,0,0,0,0,0,0,0,0,0,0,0,0,0,0,0,0,0,0,0,0,0,0,0,0,0,0,0,0,0,0,0,0,0,0,1,0,0,0,0,1,0,0,0,2,1,0,0,0,0,2,1,1,1,0,0,1,0,0,0,0,0,0,1,0,0,0,0,0,0,1,0,0,0,1,0,0,0,1,0,0,2,0,0,0,1,0,0,0,0,0,0,0,0,0,0,1,0,0,2,0,0,0,0,0,0,0,0,0,0,0,0,0,0,0,0,0,1,0,0,0,0,0,0,0,0,0,0,1,1,1,0,0,1,1,0,0,1,0,0,0,1,0,0,0,2,0,1,1,2,0,0,0,0,1,0,1,0,1,1,0,1,2,1,1,0,0,0,4,3,2,1,3,1,0,3,0,3,2,1,0,0,4,6,5,2,2,0,2,4,0,2,8,6,2,0,4,3,3,1,4,3,1,8,0,3,3,2,1,1,4,1,3,0,0,1,2,4,3,5,6,1,0,6,8,2,4,1,3,2,0,6,0,2,1,0,0,0,5,0,0,0,3,0,1,2,0,5,0,1,1,0,3,2,2,3,1,0,1,2,2,1,0,0,1,0,0,1,0,3,0,1,1,0,2,1,1,0,1,0,1,1,0,0,0,0,1,3,1,3,1,1,0,1,0,1,0,1,2,1,1,0,0,0,0,1,0,0,2,0,1,0,0,1,3,1,2,0,2,0,0,4,4,2,3,1,2,2,2,0,4,0,2,1,1,2,3,2,1,1,1,0,3,0,2,3,0,1,1,0,1,1,1,2,0,0,0,1,1,0,4,2,3,1,0,1,0,0,0,0,1,0,1,2,3,0,0,0,1,3,0,2,0,5,1,1,2,3,0,0,0,0,0,0,1,0,0,2,0,0,0,0,1,2,1,0,0,4,3,2,2,0,1,1,4,6,6,5,7,6,7,7,10,7,11,7,5,23,13,16,12,18,8,8,16,18,24,26,18,6,13,24,30,12,17,20,7,12,24,15,11,13,14,12,7,12,11,14,18,10,4,1,7,9,8,6,9,2,4,4,7,11,7,6,6,2,9,5,4,4,2,1,2,6,4,7,6,1,0,2,1,3,2,6,3,1,1,8,3,1,2,3,0,0,3,2,5,2,1,0,1,3,2,3,5,3,1,3,4,1,3,0,2,0,2,2,1,1,1,1,1,0,4,3,2,1,2,0,1,4,2,2,1,2,0,1,5,3,2,0,1,0,0,3,3,3,5,1,0,3,3,2,5,3,1,0,3,5,9,13,12,9,15,10,17,35,54,61,41,17,94,181,239,255,211,89,46,143,278,240,217,207,179,79,73,243,206,234,215,177,71,92,221,216,208,181,99,53,45,132,107,97,88,63,31,35,98,79,79,64,39,6,14,58,44,26,24,30,13,5,39,19,16,13,9,4,6,16,6,10,7,2,4,4,7,5,1,3,1,2,4,5,5,4,3,3,0,0,3,2,0,1,0,0,0,1,1,4,2,4,1,0,1,1,1,1,2,1,1,5,0,4,1,1,0,0,6,2,2,3,1,0,0,2,3,3,1,1,1,2,6,4,3,1,4,1,5,7,3,6,6,5,2,5,6,10,6,6,14,9,5,11,9,22,23,12,8,11,29,33,30,21,20,10,9,22,37,24,22,21,17,15,34,35,29,26,34,19,22,48,56,49,59,32,27,36,58,53,56,53,53,24,33,65,74,58,58,46,59,49,30,109,11,0
8,Region 5,First Infections,0,0,0,0,1,1,0,1,6,9,7,14,6,2,4,22,22,19,27,17,11,12,42,27,33,29,20,10,10,24,30,18,21,14,20,6,22,20,11,10,10,5,4,15,17,11,16,16,7,3,13,12,11,18,8,0,1,6,6,7,6,18,1,2,6,5,28,54,14,2,0,13,11,5,7,4,2,1,4,16,9,13,13,8,4,14,24,13,45,20,6,11,32,46,54,41,51,6,19,79,79,132,126,169,90,94,257,266,265,224,205,75,97,290,328,262,296,161,68,90,331,340,315,248,190,97,84,333,299,230,249,186,71,55,215,220,244,173,156,49,47,145,131,116,140,110,37,40,145,106,74,89,101,28,15,76,91,65,67,84,33,26,77,76,66,44,39,16,24,37,23,5,2,7,7,9,12,16,20,24,33,23,11,46,31,25,25,40,28,21,42,39,32,28,24,20,12,59,33,29,31,29,15,24,82,45,46,36,51,26,24,70,44,49,10,2,9,23,76,58,52,43,38,24,27,68,41,46,42,36,27,31,64,58,57,54,71,45,51,86,69,76,70,63,47,59,164,157,135,122,118,56,75,149,139,132,113,134,65,80,176,162,160,6,104,76,58,209,158,145,162,120,66,102,213,147,163,145,181,99,103,188,174,188,179,148,90,119,269,198,244,77,16,146,131,317,256,239,193,106,176,164,372,247,224,192,195,77,88,230,188,197,195,138,95,127,205,203,171,168,179,88,94,296,168,185,128,120,53,77,153,107,101,106,72,61,54,115,95,116,65,75,32,30,6,7,67,75,95,66,55,118,84,99,80,79,52,52,115,92,71,88,77,49,47,137,103,78,83,57,51,50,101,111,83,76,65,32,46,96,56,83,70,59,45,47,88,66,60,58,41,31,15,119,71,63,54,72,43,35,87,77,54,62,38,15,20,48,44,39,24,38,17,25,48,32,32,30,40,15,16,40,31,21,30,29,20,12,32,20,27,19,14,13,18,29,22,26,19,23,10,17,28,24,12,14,18,7,13,16,28,20,11,17,17,15,23,27,22,31,21,10,6,39,28,26,25,21,16,10,23,29,18,23,14,16,13,31,32,14,22,23,24,19,18,40,39,32,32,31,26,60,56,72,72,69,55,75,137,102,129,152,150,100,130,251,221,251,212,253,190,224,346,271,311,280,246,209,148,452,381,345,274,305,194,194,423,361,355,352,296,181,154,436,349,381,337,294,112,81,293,358,308,268,223,110,93,142,268,195,153,152,104,97,198,91,132,128,130,66,41,176,88,111,79,105,36,52,105,64,82,74,61,35,51,102,81,76,62,57,34,31,66,58,64,46,41,28,30,64,35,43,28,31,23,21,38,20,26,14,34,12,6,30,18,23,32,24,12,20,49,18,20,27,35,17,10,34,25,28,28,26,17,14,40,23,16,8,20,10,15,30,28,33,34,18,16,19,27,28,22,35,16,7,21,46,38,44,65,64,46,54,85,130,183,219,135,55,247,484,635,737,644,242,126,393,876,832,716,615,631,382,367,1008,906,855,763,650,332,351,782,1013,951,745,354,235,228,724,554,450,289,358,123,182,465,257,226,177,157,70,62,177,135,119,91,56,30,35,90,45,67,43,47,23,19,44,30,25,22,11,8,8,14,5,15,12,12,9,6,15,5,15,6,6,5,4,10,11,8,7,2,1,0,3,2,4,2,3,0,3,6,1,8,2,3,5,5,4,3,5,5,3,0,4,6,6,3,0,2,4,1,5,4,3,2,6,2,7,4,6,7,7,6,2,3,9,7,7,6,6,10,10,22,14,14,18,14,5,14,30,18,30,37,24,27,19,57,40,42,30,34,18,27,33,51,46,47,36,42,32,57,64,57,64,69,40,40,60,80,103,105,70,64,60,118,87,108,89,94,54,56,129,130,106,85,91,70,104,70,180,13,0
9,Region 5,Reinfections,0,0,0,0,0,0,0,0,0,0,0,0,0,0,0,0,0,0,0,0,0,0,0,0,0,0,0,0,0,0,0,0,0,0,0,0,0,0,0,0,0,0,0,0,0,0,0,0,0,0,0,0,0,0,0,0,0,0,0,0,0,0,0,0,0,0,0,0,0,0,0,0,0,0,0,0,0,0,0,0,0,0,0,0,0,0,0,0,0,0,0,0,0,0,0,0,0,0,0,0,0,0,0,0,0,0,0,0,1,0,0,0,0,0,0,0,0,0,0,0,0,0,0,0,0,0,0,0,1,0,0,0,0,0,0,0,0,0,0,0,0,0,0,0,0,0,0,0,1,0,0,0,1,0,0,0,0,0,0,0,0,0,0,1,0,0,0,0,0,0,0,0,0,0,0,0,0,0,0,0,0,0,0,0,0,0,0,0,1,0,0,0,0,0,0,0,0,1,1,0,0,0,0,0,0,0,0,1,0,0,1,0,1,0,1,0,0,1,0,1,0,0,0,0,0,0,0,2,0,1,0,1,4,0,0,0,0,0,0,0,1,0,2,0,0,0,0,3,0,0,0,0,0,0,1,1,1,1,0,0,1,3,3,0,0,0,0,2,0,1,1,0,3,0,1,2,0,0,0,0,1,2,1,0,3,1,0,2,0,0,0,1,0,0,0,3,1,1,0,0,0,1,2,2,1,1,0,0,2,3,0,1,0,0,0,3,0,0,2,4,2,0,0,1,1,2,0,0,0,2,0,0,1,1,2,0,0,1,0,1,0,1,1,0,0,0,0,1,1,1,0,1,0,2,0,0,0,0,0,0,0,1,2,1,0,0,2,0,0,0,0,3,1,1,1,1,0,0,0,2,0,0,0,2,1,0,2,2,1,0,0,0,0,0,1,1,0,0,1,0,1,0,1,1,0,0,0,0,1,0,0,1,0,0,1,0,0,0,0,0,0,1,1,0,1,0,0,0,1,1,0,1,1,1,2,2,0,0,0,1,0,0,0,0,0,0,0,0,1,0,0,0,0,0,0,0,1,0,1,2,2,0,1,1,0,1,0,1,0,0,0,0,0,0,1,0,0,0,1,0,1,1,0,0,0,0,1,0,1,1,0,0,0,0,1,2,1,0,1,2,1,2,0,2,2,10,3,2,1,5,3,5,11,6,6,6,4,2,3,8,8,5,2,5,3,1,5,4,13,14,6,3,3,5,12,13,10,6,2,2,10,7,4,7,3,2,0,2,1,5,8,4,3,1,2,3,4,4,2,2,3,5,1,3,3,0,0,3,3,0,2,4,3,2,2,1,1,0,3,2,3,0,2,2,2,0,1,1,2,4,1,1,2,0,1,0,1,1,1,0,0,0,0,3,0,0,0,1,2,0,2,0,0,3,1,1,2,3,3,3,2,0,1,1,1,1,2,0,2,1,1,4,0,5,2,1,2,1,4,3,3,1,2,0,1,3,4,7,5,4,7,4,18,12,26,41,20,7,41,92,92,112,113,42,21,70,128,128,120,89,101,50,51,149,108,147,102,101,42,42,149,150,156,110,50,30,37,106,82,61,50,41,15,19,60,34,47,20,29,19,19,33,21,29,12,7,8,3,21,13,11,3,6,5,3,12,8,2,2,2,1,1,1,1,5,2,2,2,1,2,6,0,2,1,2,1,2,0,1,1,0,0,0,0,0,0,1,0,0,0,0,2,1,0,3,1,0,2,1,2,1,2,0,0,0,0,2,1,1,1,0,1,1,2,4,2,0,1,3,2,3,1,1,1,1,4,4,3,2,0,1,4,2,6,4,8,0,8,0,9,6,10,8,8,2,9,10,10,8,7,6,7,6,6,15,9,11,8,8,13,11,13,15,10,14,9,11,19,28,34,21,12,23,16,36,30,34,23,15,17,14,41,41,26,25,27,22,28,19,42,4,0
10,Region 6,First Infections,0,0,0,0,0,1,0,0,5,4,8,9,11,7,6,14,16,26,11,21,4,9,15,23,10,32,25,6,6,14,32,12,22,5,5,9,11,18,10,5,8,6,1,9,20,18,28,7,9,7,29,26,15,36,12,7,3,26,32,24,44,27,10,12,36,31,28,47,60,16,14,61,54,57,23,56,26,12,47,59,33,31,35,10,11,66,60,36,39,66,14,12,48,100,41,64,85,17,12,55,121,39,61,54,33,27,62,62,96,84,94,18,36,128,142,91,114,64,33,41,189,175,143,121,81,52,54,166,158,114,133,113,30,42,204,122,124,103,102,29,28,157,128,96,117,82,29,22,160,134,113,112,87,34,23,143,91,101,106,74,42,42,130,115,80,79,76,22,32,95,67,39,15,36,17,17,63,36,42,61,46,16,30,32,67,61,45,30,19,26,69,163,30,44,66,14,27,102,65,51,63,44,18,26,77,68,45,43,48,12,23,93,62,69,50,22,14,28,79,83,68,47,54,25,28,105,81,69,43,44,29,13,75,99,53,54,57,21,32,85,68,92,94,131,47,63,158,172,124,135,130,64,60,191,212,135,170,124,66,49,207,180,153,32,91,53,71,248,179,157,200,221,54,67,261,169,176,175,146,77,75,200,150,152,181,129,54,94,206,196,185,129,38,150,134,346,234,266,213,89,196,156,435,271,277,219,215,100,104,176,208,176,168,141,84,79,180,191,159,149,120,62,54,192,209,123,88,63,30,44,95,89,63,58,42,27,30,84,79,68,256,42,16,23,4,9,13,20,33,31,22,41,73,41,33,22,14,12,33,24,25,20,13,10,8,22,22,29,22,19,12,14,33,24,17,21,20,7,21,37,28,22,25,15,17,13,31,31,28,17,17,21,10,42,27,21,34,22,26,20,37,29,61,33,25,15,7,59,29,28,27,28,14,21,39,30,41,30,34,17,18,49,28,34,33,50,25,22,67,30,34,34,38,22,26,45,43,39,34,37,20,23,42,42,30,27,22,10,8,16,37,28,33,25,15,19,22,23,16,19,19,11,10,11,17,9,12,12,9,3,21,10,16,23,24,13,17,27,25,28,27,25,24,11,42,68,74,62,46,53,43,130,109,92,105,99,66,76,178,143,214,218,200,144,149,360,262,291,279,334,179,179,452,408,357,382,315,155,159,559,430,451,453,424,189,242,612,515,431,413,375,175,182,547,427,383,359,268,122,112,243,414,318,240,185,90,128,129,334,215,174,159,72,68,214,106,126,150,130,44,45,165,113,93,89,100,23,42,116,85,63,62,72,41,37,91,73,60,51,55,27,20,55,45,44,35,39,23,15,62,36,28,39,43,13,20,38,27,37,23,20,9,10,26,32,25,17,18,9,11,21,26,31,17,18,16,14,40,37,40,40,24,19,9,32,11,25,5,14,16,11,55,24,33,25,21,13,18,33,31,28,28,26,8,15,34,38,50,53,45,36,36,111,106,140,208,105,82,198,433,671,630,701,243,166,261,860,675,638,571,430,275,293,1058,892,771,737,607,266,254,741,964,712,679,457,157,180,647,482,405,370,292,116,147,415,305,227,228,161,77,63,173,147,136,90,92,40,22,93,88,52,59,33,15,15,43,32,25,20,16,6,4,20,20,8,12,11,2,6,21,5,14,11,5,6,2,6,13,3,6,7,1,6,12,1,10,5,1,1,2,6,1,1,1,4,0,7,5,3,3,5,0,6,2,5,0,2,2,0,1,4,12,2,2,7,4,1,0,4,5,14,3,3,3,4,3,8,12,2,7,2,5,18,11,13,18,12,9,17,30,24,27,18,26,10,21,40,45,35,34,27,11,15,59,53,43,30,34,20,18,50,43,39,55,44,27,23,72,92,65,51,44,41,35,86,104,102,79,113,40,48,124,143,140,103,136,72,103,55,181,34,0
11,Region 6,Reinfections,0,0,0,0,0,0,0,0,0,0,0,0,0,0,0,0,0,0,0,0,0,0,0,0,0,0,0,0,0,0,0,0,0,0,0,0,0,0,0,0,0,0,0,0,0,0,0,0,0,0,0,0,0,0,0,0,0,0,0,0,0,0,0,0,0,0,0,0,0,0,0,0,0,0,0,0,0,0,0,0,0,0,0,0,0,0,0,0,0,0,0,0,0,0,0,0,0,0,0,0,0,0,0,0,0,0,0,0,0,0,0,0,0,0,0,0,1,0,0,0,0,0,0,0,0,0,0,0,0,0,0,0,0,0,0,0,0,0,0,0,0,0,0,0,0,0,0,0,0,0,1,0,0,0,0,1,0,0,0,0,0,0,0,1,0,1,0,0,0,0,1,1,0,0,0,0,0,1,0,0,0,0,0,1,1,0,1,0,0,1,0,0,0,0,0,0,0,0,0,0,1,1,0,0,1,0,0,1,0,0,0,0,1,2,0,0,1,0,0,0,0,0,1,1,2,2,1,0,0,2,0,0,0,1,0,0,0,0,0,0,0,0,1,1,0,0,2,0,2,0,2,0,3,2,2,3,0,2,0,0,0,2,2,0,1,1,0,0,0,1,0,0,1,0,1,1,2,4,1,0,0,2,2,1,2,2,0,0,1,1,0,0,0,1,1,4,1,0,4,1,0,2,6,2,2,5,1,1,1,1,2,3,1,1,1,0,4,2,3,1,0,0,0,3,2,3,2,1,0,2,0,1,0,1,1,3,0,1,0,0,3,0,1,0,0,0,1,0,0,2,1,1,1,1,0,1,0,0,0,2,0,2,2,0,1,1,1,0,3,0,1,0,1,0,0,1,0,0,1,0,0,0,2,1,0,0,1,1,1,0,1,1,1,2,0,1,1,1,1,0,0,1,1,1,1,1,0,1,0,0,0,0,0,0,0,0,2,1,0,0,0,1,1,3,1,0,1,0,1,0,3,1,0,0,0,3,0,1,0,1,0,0,2,0,0,1,0,1,1,1,1,0,0,0,2,0,1,1,0,0,0,0,2,1,1,0,2,0,0,0,0,0,0,1,0,0,0,0,0,0,0,0,0,0,1,1,0,1,2,0,0,3,3,3,1,0,1,1,5,5,9,6,2,4,4,4,8,5,4,8,2,8,12,9,8,3,7,3,6,14,16,8,9,8,4,1,12,10,13,6,6,3,3,19,11,7,11,1,2,4,6,6,6,3,3,3,3,2,6,11,4,8,1,1,8,3,4,3,2,4,1,4,5,3,1,2,1,0,4,2,1,2,2,1,2,3,4,1,2,3,0,3,6,2,2,2,2,1,0,2,2,2,4,0,2,0,1,4,0,2,1,0,0,3,4,2,1,1,1,0,0,0,1,0,1,0,0,2,3,0,4,3,2,1,3,1,1,0,0,2,1,3,2,3,1,0,0,1,0,2,3,0,2,1,0,6,5,6,4,4,0,5,13,17,17,30,15,16,24,90,107,91,126,35,21,46,154,99,101,85,75,42,31,204,167,130,120,66,38,40,185,146,114,102,77,19,25,108,62,58,73,39,16,20,77,38,50,34,22,6,12,49,19,15,16,9,4,4,19,11,15,11,4,1,2,4,3,3,3,3,1,2,5,0,3,2,2,1,0,2,2,0,0,1,0,0,3,2,1,0,0,0,0,1,1,0,1,1,1,0,0,1,1,0,1,0,0,0,0,0,0,0,0,1,5,1,0,1,2,0,0,0,1,0,0,1,0,1,0,0,0,0,0,0,0,3,6,0,2,0,0,0,2,2,4,3,8,1,1,6,3,4,6,2,1,3,10,10,9,9,2,4,3,14,13,13,10,8,3,5,11,8,11,6,12,1,6,17,28,11,20,13,5,8,34,21,19,26,24,10,9,44,39,38,24,32,24,24,15,42,9,0
12,Region 7,First Infections,0,0,1,1,2,5,7,12,31,27,42,28,43,24,23,78,96,100,92,82,46,33,141,83,131,95,74,49,45,107,112,76,77,64,33,31,79,78,97,56,54,38,18,63,56,43,44,93,39,37,67,49,69,42,41,29,24,57,48,72,60,21,26,16,75,91,18,49,29,10,26,48,41,33,49,33,18,10,11,33,38,55,43,17,14,24,54,55,40,29,15,19,46,37,54,35,41,31,29,165,92,96,86,93,55,37,142,170,175,166,143,88,63,243,259,215,176,148,77,65,261,239,287,248,236,112,115,275,263,248,237,202,102,85,235,253,196,194,187,70,92,235,205,170,181,118,37,54,173,133,136,151,113,62,56,141,149,133,118,91,62,51,116,133,81,74,108,52,35,111,136,84,22,100,54,41,99,127,118,119,99,73,47,71,168,102,97,95,55,38,111,121,105,139,103,57,53,168,156,113,120,122,56,37,167,160,116,137,125,55,70,182,173,163,151,139,94,89,196,156,161,213,175,73,88,239,221,197,187,144,98,89,222,206,190,161,149,118,82,238,206,216,254,233,116,125,374,336,248,306,273,255,135,367,326,304,306,282,173,147,383,297,317,59,311,166,193,493,379,373,299,394,185,159,388,358,336,382,495,217,151,411,442,337,343,385,195,242,527,429,389,250,57,371,287,694,643,625,439,195,326,334,753,563,482,469,450,207,214,359,468,415,323,373,199,184,461,401,344,389,362,168,187,454,361,341,256,264,140,149,319,208,191,216,171,95,88,192,171,133,113,106,63,59,13,15,11,13,33,44,72,139,89,51,69,53,36,25,54,30,27,41,25,17,21,36,38,41,48,24,18,19,30,34,23,36,25,13,13,55,38,35,43,27,19,21,39,34,44,45,44,29,22,51,52,52,60,54,33,23,68,59,51,61,49,15,39,60,73,74,43,42,39,26,71,64,56,67,42,31,40,80,63,65,63,61,35,27,89,83,67,61,44,41,40,51,66,60,68,64,29,25,62,59,84,52,61,31,48,29,51,52,46,40,25,36,42,43,54,53,46,21,23,59,65,46,33,26,21,26,45,39,26,30,28,30,24,42,42,28,56,39,37,36,51,58,72,82,68,78,66,124,129,156,150,146,98,134,208,235,247,219,237,184,199,408,402,361,416,403,305,323,627,517,543,508,543,343,335,739,652,622,570,534,284,351,740,588,576,521,506,335,379,693,583,522,495,447,202,253,534,443,409,343,302,178,216,203,382,369,306,254,146,148,312,243,245,242,170,118,144,236,244,175,167,155,93,124,206,172,140,140,113,81,75,210,133,130,113,84,48,67,102,79,88,77,69,51,49,87,76,63,73,58,26,39,76,67,45,44,32,29,26,60,49,31,44,37,27,19,76,59,56,57,55,24,46,80,46,68,57,40,29,33,63,54,58,10,51,31,52,95,67,79,73,86,47,48,99,75,83,40,59,51,40,98,93,132,139,119,90,116,316,394,471,560,462,208,680,1452,1787,1847,1518,944,473,805,1879,1757,1744,1574,1589,833,767,2114,2108,1826,1572,1325,632,547,1473,1619,1308,1171,963,390,372,1110,818,813,640,578,222,238,666,524,460,351,176,113,123,267,246,212,162,126,49,57,158,127,112,94,69,45,23,69,47,40,34,35,17,21,47,34,41,33,26,8,12,28,19,16,15,13,6,11,18,14,11,14,6,1,5,11,15,5,16,5,4,7,4,7,13,8,7,7,0,11,10,12,4,6,3,3,14,11,11,9,17,10,5,12,17,8,19,18,7,19,14,29,17,15,14,12,30,36,38,31,46,31,24,26,43,35,37,55,36,27,23,55,56,58,52,39,28,38,54,67,77,62,54,56,51,62,106,96,73,84,48,52,116,108,110,102,92,77,102,158,177,198,202,189,131,124,254,251,243,223,204,181,195,332,293,282,293,205,162,144,145,49,0,0
13,Region 7,Reinfections,0,0,0,0,0,0,0,0,0,0,0,0,0,0,0,0,0,0,0,0,0,0,0,0,0,0,0,0,0,0,0,0,0,0,0,0,0,0,0,0,0,0,0,0,0,0,0,0,0,0,0,0,0,0,0,0,0,0,0,0,0,0,0,0,0,0,0,0,0,0,0,0,0,0,0,0,0,0,0,0,0,0,0,0,0,0,0,0,0,0,0,0,0,0,0,0,0,0,0,0,0,0,0,0,0,0,0,0,0,2,0,0,0,0,0,0,1,0,1,0,0,0,0,0,0,0,1,0,0,0,0,0,0,0,0,1,0,0,0,0,0,0,0,1,1,0,0,0,0,0,0,1,1,0,0,0,0,0,0,0,0,0,0,1,1,0,0,0,0,0,0,1,0,0,0,0,1,0,0,0,0,0,1,0,1,0,1,0,0,1,0,0,0,0,0,0,0,1,0,0,2,0,1,0,0,1,2,1,0,0,0,1,0,1,1,0,0,1,0,1,0,0,0,0,1,1,0,1,1,0,1,0,1,3,0,0,1,0,0,3,1,2,1,1,0,1,1,2,0,0,2,2,0,1,6,4,4,4,0,1,0,0,2,0,4,1,1,3,5,4,2,5,0,0,3,1,5,0,2,3,0,3,1,2,2,4,4,0,15,1,1,2,0,2,1,3,2,3,4,1,3,4,11,1,4,2,3,3,1,1,3,2,2,3,1,0,5,3,3,1,3,0,2,4,3,2,0,2,1,0,2,2,1,3,2,0,1,1,3,1,3,0,1,0,0,0,0,0,0,0,2,1,1,1,0,2,0,0,2,0,1,0,2,0,0,2,1,3,0,2,0,1,2,2,1,1,1,0,0,2,2,1,3,2,0,0,1,2,0,3,0,1,0,1,1,2,5,2,0,0,1,1,2,2,2,0,0,3,0,1,1,5,1,1,1,4,0,3,1,0,2,2,3,1,2,1,1,2,2,5,1,2,2,2,0,1,1,1,2,2,0,1,1,0,1,2,2,0,1,0,4,3,1,4,0,0,6,1,1,2,1,0,1,2,2,1,2,1,2,0,2,0,1,1,1,2,3,2,3,2,0,1,1,1,1,2,2,3,2,1,1,6,2,5,4,3,2,3,5,3,6,4,4,3,5,12,6,9,14,10,4,6,16,13,7,9,10,3,5,14,11,6,11,8,7,7,26,8,10,11,9,5,8,19,13,18,17,7,2,6,12,7,8,9,5,5,3,4,8,7,6,4,2,1,10,5,2,5,7,1,5,8,3,5,8,2,3,4,3,3,2,5,4,0,0,3,3,3,1,3,2,3,6,3,3,2,2,0,1,3,1,3,1,2,1,0,5,3,2,2,1,0,0,2,3,1,1,1,0,5,4,1,1,4,1,1,1,4,2,2,2,1,2,3,3,7,3,0,3,4,1,3,4,2,4,3,2,4,6,3,4,7,3,2,4,6,7,12,10,21,9,17,48,72,78,80,70,34,123,239,304,316,267,147,73,113,278,279,261,216,226,102,101,281,294,281,236,201,89,65,211,235,198,182,133,67,59,156,130,103,100,80,30,35,106,74,64,51,25,20,16,53,54,36,33,20,7,6,17,23,19,15,11,7,9,13,10,4,8,4,1,4,7,2,2,5,4,1,3,4,2,0,1,2,0,1,1,2,1,1,5,0,0,1,2,0,1,1,0,1,2,2,1,5,0,0,1,1,1,1,3,1,0,2,2,3,5,1,0,0,1,2,3,1,5,3,5,1,1,1,5,3,3,1,1,4,7,6,5,6,2,3,10,10,6,25,9,3,3,12,12,9,10,11,8,8,19,15,18,16,12,7,11,10,26,30,17,19,14,13,31,20,18,27,26,21,29,42,50,54,54,26,33,35,67,69,69,64,54,45,46,92,72,89,81,74,53,38,38,12,0,0
14,Region 8,First Infections,0,0,0,0,0,0,0,0,2,6,8,4,11,2,7,40,35,24,34,27,13,14,44,26,34,35,21,10,11,51,32,41,31,21,14,12,47,50,52,51,52,24,18,77,51,37,69,50,26,29,58,47,56,41,89,25,10,36,33,31,82,36,16,16,83,49,43,52,47,13,7,64,82,58,72,60,31,16,28,84,100,68,111,30,20,217,83,94,74,89,28,49,95,91,123,96,81,50,39,97,166,120,123,75,41,35,139,106,126,115,107,40,29,154,163,121,114,66,26,65,180,193,173,190,133,55,63,209,157,185,145,113,62,57,222,186,208,160,134,40,54,241,148,172,169,131,51,48,207,173,169,116,112,41,39,163,134,122,101,79,34,26,172,84,106,98,67,129,28,126,95,132,25,58,23,33,110,91,113,105,82,37,36,40,148,106,94,69,39,31,144,127,105,107,95,34,50,151,91,110,118,92,41,46,158,128,95,107,120,44,43,168,121,113,106,70,30,45,167,91,122,112,101,47,51,181,117,102,133,98,52,47,147,110,111,108,119,56,40,159,155,151,206,144,94,68,313,255,260,255,205,81,115,393,284,264,230,286,126,110,389,250,241,50,166,119,121,478,291,310,279,220,104,123,400,260,256,310,187,103,99,350,260,235,232,186,101,115,361,296,323,149,65,174,168,515,422,432,317,97,213,153,547,381,321,250,254,108,99,242,282,230,190,201,92,91,247,244,178,194,163,78,59,213,168,115,111,81,49,49,136,109,84,87,68,45,33,130,97,52,49,46,27,10,5,15,4,15,24,27,17,64,48,43,34,23,13,9,29,19,13,16,20,7,4,26,15,20,9,11,7,8,30,19,10,22,11,7,9,18,18,22,21,23,5,10,35,25,20,19,11,11,9,33,33,15,30,17,14,20,52,26,25,31,10,37,18,62,31,45,38,32,13,33,34,33,33,58,26,15,49,51,68,37,53,60,18,10,63,66,36,31,30,16,19,35,44,38,39,35,25,20,32,32,43,49,35,15,14,19,43,34,16,16,9,16,32,23,31,32,26,7,12,25,29,11,24,29,17,15,38,30,27,15,22,16,14,42,33,34,43,33,23,16,63,62,50,61,59,43,43,104,76,112,131,136,90,128,247,216,235,216,235,171,170,404,397,332,368,379,246,249,502,487,445,451,440,295,269,657,454,464,479,460,243,250,583,429,408,463,374,206,242,609,482,466,440,363,204,174,396,418,455,326,333,183,133,187,428,334,255,198,117,123,316,216,205,213,170,81,81,232,187,158,156,148,99,84,150,104,127,122,111,63,68,174,120,135,98,96,44,56,123,82,69,68,58,31,28,87,45,53,34,35,20,21,58,46,44,31,45,21,18,56,53,37,39,58,36,44,82,76,78,62,56,22,30,98,90,87,71,63,36,29,86,91,67,21,45,48,48,132,79,90,53,60,41,40,107,58,68,61,52,16,24,85,60,43,64,72,52,60,118,115,176,207,123,86,214,639,771,886,855,466,255,344,1119,1035,927,882,736,380,387,1515,1306,1185,1059,903,434,379,1134,1271,1131,953,740,266,271,1037,725,602,535,418,174,220,563,389,373,251,174,96,91,331,165,151,158,118,60,43,157,104,82,94,62,34,25,80,65,44,49,24,21,11,43,40,20,24,31,5,21,36,18,12,29,16,8,5,17,14,12,15,5,4,1,6,3,10,5,9,2,2,13,9,6,3,8,4,6,16,9,7,6,2,1,2,11,5,15,4,10,2,0,6,11,9,15,2,7,6,19,13,19,9,9,10,7,18,13,12,17,26,3,9,25,18,14,16,17,12,11,26,17,18,21,13,16,14,21,31,30,30,24,26,21,24,61,38,42,37,26,41,70,48,55,37,49,31,35,97,84,101,76,77,43,47,134,110,154,121,115,81,59,189,182,151,147,135,109,109,94,247,19,0
15,Region 8,Reinfections,0,0,0,0,0,0,0,0,0,0,0,0,0,0,0,0,0,0,0,0,0,0,0,0,0,0,0,0,0,0,0,0,0,0,0,0,0,0,0,0,0,0,0,0,0,0,0,0,0,0,0,0,0,0,0,0,0,0,0,0,0,0,0,0,0,0,0,0,0,0,0,0,0,0,0,0,0,0,0,0,0,0,0,0,0,0,0,0,0,0,0,0,0,0,0,0,0,0,0,0,0,0,0,0,0,0,0,0,0,1,0,0,0,0,0,0,0,0,0,0,1,0,0,0,0,0,0,0,0,0,1,0,0,0,0,0,1,0,0,0,0,0,1,0,1,1,0,0,1,0,0,0,0,0,0,0,0,0,2,0,0,0,1,0,0,0,0,0,0,1,0,0,0,1,0,0,0,0,0,1,1,0,0,0,0,0,0,0,0,0,0,0,0,0,0,0,0,0,0,0,1,2,0,0,1,0,0,1,0,1,0,0,0,0,2,0,0,0,3,1,1,2,3,0,0,3,0,1,1,1,0,1,1,1,1,0,1,0,0,1,2,3,2,0,0,2,4,2,3,2,0,1,0,0,0,2,4,4,1,2,2,1,2,0,3,1,1,4,1,4,4,2,1,2,0,0,2,4,1,2,0,3,1,1,1,1,1,1,7,4,3,0,0,1,1,5,6,4,1,0,2,1,7,2,1,4,1,1,1,1,2,3,2,1,0,0,1,3,0,4,5,1,0,2,0,0,2,1,1,2,1,2,2,1,2,0,0,5,3,3,1,0,0,0,1,0,0,0,1,0,0,4,0,0,2,2,0,0,3,1,0,1,1,0,0,0,0,1,1,1,1,0,4,1,1,0,0,1,0,4,2,1,0,0,0,0,1,0,1,1,0,0,0,1,1,1,1,1,1,2,1,3,0,2,0,1,1,3,0,0,4,0,1,1,2,3,0,2,1,0,0,0,2,1,0,0,0,0,6,0,1,2,1,2,0,2,2,2,2,1,0,0,0,3,1,0,1,1,0,2,1,1,4,0,1,1,0,2,0,0,0,0,1,1,1,1,0,2,0,0,0,0,0,2,1,1,0,1,0,1,1,0,0,1,1,2,2,1,0,1,0,3,2,0,6,7,2,6,8,7,11,4,10,2,5,16,8,13,14,10,5,9,16,11,19,14,13,7,6,15,9,12,12,12,4,3,15,7,14,15,10,2,6,18,13,13,9,7,4,3,14,13,11,12,12,10,4,2,16,7,13,10,4,5,7,7,5,5,6,2,3,12,3,6,5,11,2,0,6,4,12,2,2,0,0,6,2,3,2,2,0,1,0,2,3,2,3,1,1,1,2,1,2,2,1,1,0,2,3,3,1,0,0,2,2,2,2,2,1,2,5,4,0,2,3,0,0,4,3,5,3,8,0,2,3,1,1,0,2,0,3,8,5,0,2,3,2,0,1,2,4,4,5,1,0,5,5,4,7,3,3,8,24,20,28,31,29,13,34,133,126,190,174,72,52,76,249,194,182,180,176,85,83,344,242,214,186,170,63,69,244,241,217,167,124,54,42,188,116,109,97,79,31,28,89,86,79,45,25,18,13,63,47,33,31,23,7,7,27,22,13,10,14,4,3,28,14,8,4,7,6,4,13,13,7,6,11,3,5,7,11,4,2,1,1,1,2,3,1,0,0,0,0,0,2,2,1,0,0,0,2,2,1,1,1,0,0,3,2,1,0,1,1,0,4,3,0,1,1,0,0,1,4,0,2,1,2,1,6,1,3,5,2,1,0,4,3,3,4,2,2,1,5,1,5,2,5,1,4,4,2,6,6,4,3,3,5,6,3,12,10,4,3,7,24,13,14,9,6,8,11,10,19,15,8,6,9,20,22,35,34,27,11,17,45,38,43,44,39,18,24,63,54,51,69,40,26,28,27,85,8,0
16,Region 9,First Infections,0,0,1,2,0,8,4,7,17,31,26,37,41,23,27,87,63,80,56,70,55,53,120,95,99,96,102,45,38,92,86,81,60,48,31,17,100,44,46,35,52,33,25,43,48,61,38,50,26,16,57,50,65,55,43,27,14,55,42,54,30,44,19,14,29,38,37,36,25,13,16,56,45,55,49,41,25,15,22,56,38,45,38,17,19,51,48,48,48,35,19,16,65,59,47,48,63,28,13,70,86,117,132,126,64,78,181,224,164,174,168,78,72,284,224,263,253,160,84,68,268,280,289,266,286,133,123,302,302,290,228,249,113,111,257,264,266,211,206,103,94,234,202,195,186,171,114,92,213,196,185,193,188,79,94,191,162,138,135,152,99,76,192,161,153,96,103,57,57,81,130,74,69,99,50,42,132,97,106,100,105,48,48,57,135,102,102,100,51,98,85,61,107,78,68,33,27,92,82,72,88,65,34,44,87,77,63,48,56,33,36,102,59,86,85,67,45,55,115,93,64,94,69,26,39,101,85,77,103,85,41,39,103,105,47,102,85,51,59,149,103,147,144,146,106,105,254,216,247,265,246,169,156,331,316,317,303,291,210,168,360,337,313,83,292,215,196,495,397,354,352,322,183,192,449,381,440,333,388,240,217,461,422,417,336,326,176,222,408,470,415,276,120,345,306,681,519,520,478,214,409,403,740,590,494,441,347,220,270,439,411,386,340,320,155,165,359,462,430,424,346,293,245,510,375,303,257,256,159,127,297,215,176,179,187,115,92,215,200,195,179,131,121,83,52,101,155,158,150,85,80,200,166,86,131,98,71,58,133,84,75,91,52,35,45,79,76,58,56,47,46,53,87,42,42,69,44,46,30,60,47,58,43,45,30,30,62,58,47,29,25,17,24,66,52,47,44,49,39,30,70,46,53,39,39,41,30,78,61,51,48,38,12,30,51,53,42,55,43,26,38,68,51,31,38,37,28,19,76,53,48,39,38,29,36,45,54,57,49,43,21,37,41,50,44,26,23,9,15,10,56,42,90,41,24,36,61,40,96,41,46,38,25,41,42,56,53,50,31,43,77,56,65,74,58,41,46,106,88,126,149,100,107,61,163,258,199,231,155,184,215,376,359,396,340,460,325,338,678,662,653,713,786,500,558,927,954,914,742,851,552,579,1108,952,1031,1002,742,466,465,1076,920,881,785,757,465,458,945,811,772,667,618,412,366,767,678,625,536,381,195,32,79,146,164,166,246,177,204,241,365,318,278,250,143,130,267,185,203,188,142,87,54,180,184,173,113,99,66,55,140,104,114,71,79,55,49,134,102,70,83,62,50,47,106,81,91,70,59,31,32,64,46,63,52,47,32,33,68,44,42,32,41,31,29,57,47,40,49,38,22,45,66,52,57,58,47,24,34,72,57,58,62,48,32,39,61,61,58,12,54,42,51,112,77,56,64,65,40,35,83,72,47,71,60,24,36,106,106,114,100,114,89,106,220,330,438,469,304,198,513,1192,1509,1704,1637,981,494,830,1818,1693,1637,1475,1393,741,637,1857,1746,1602,1599,1444,688,701,1596,1770,1512,1299,692,397,409,1082,851,739,649,504,215,275,612,574,455,358,299,143,135,337,268,216,161,153,86,71,171,140,101,108,84,53,37,96,88,58,49,33,14,18,35,19,25,19,22,18,21,37,18,20,20,14,7,8,29,10,12,11,11,5,7,14,4,13,18,9,9,9,6,14,16,11,14,2,4,13,14,9,8,14,10,13,19,16,22,9,12,9,6,21,16,19,17,31,14,20,33,38,37,36,39,24,35,45,48,55,54,47,26,26,71,74,88,86,79,51,53,126,144,126,140,112,73,64,151,153,130,145,138,91,99,121,209,166,171,127,88,94,191,179,170,163,136,91,102,180,157,184,186,139,101,96,189,182,202,185,174,102,124,251,263,202,213,162,148,139,137,265,100,1
17,Region 9,Reinfections,0,0,0,0,0,0,0,0,0,0,0,0,0,0,0,0,0,0,0,0,0,0,0,0,0,0,0,0,0,0,0,0,0,0,0,0,0,0,0,0,0,0,0,0,0,0,0,0,0,0,0,0,0,0,0,0,0,0,0,0,0,0,0,0,0,0,0,0,0,0,0,0,0,0,0,0,0,0,0,0,0,0,0,0,0,0,0,0,0,0,0,0,0,0,0,0,0,0,0,0,0,0,0,0,0,0,0,0,0,0,0,0,0,0,0,0,0,0,0,0,0,0,0,0,1,0,0,0,0,0,0,1,0,0,1,0,0,0,0,0,0,0,1,0,0,0,0,0,0,1,0,0,0,0,0,0,0,0,0,0,0,0,0,0,1,0,0,0,0,0,0,0,0,0,0,0,1,0,0,1,3,0,0,0,1,0,0,0,1,0,0,0,0,0,0,0,0,0,0,0,0,0,0,0,0,0,0,0,0,1,0,2,0,0,1,0,0,1,1,1,1,0,0,1,0,0,0,0,0,0,0,0,1,2,0,0,1,0,0,0,1,0,1,0,0,1,0,0,0,1,0,2,0,0,2,1,3,1,1,0,3,2,3,0,5,0,2,2,2,2,4,2,0,2,3,2,3,1,2,0,0,1,3,0,3,0,1,2,1,0,6,1,0,1,0,4,3,2,0,1,1,1,6,5,8,3,2,0,2,7,3,2,6,1,0,0,3,6,1,3,1,1,1,3,2,3,0,7,1,2,4,1,2,3,2,2,0,1,2,0,1,1,0,0,1,0,1,0,1,2,0,3,5,2,2,0,1,0,2,2,1,2,0,0,2,1,1,1,1,0,1,1,2,3,2,2,1,1,1,1,1,0,0,2,0,1,2,1,1,0,0,0,3,2,1,2,1,1,0,0,0,2,1,3,1,0,0,1,2,0,2,1,0,0,4,2,0,2,0,0,0,0,1,0,2,2,0,0,4,2,2,1,1,0,0,0,1,2,0,1,0,0,1,1,2,2,2,0,1,0,0,3,5,0,0,0,1,0,1,1,0,1,2,1,2,1,1,0,0,0,2,2,0,1,0,0,2,2,1,1,1,1,3,0,1,8,2,4,3,7,5,4,10,11,10,9,1,6,13,29,15,13,22,13,16,17,20,16,16,24,12,8,21,33,20,36,18,8,13,26,16,20,15,21,11,10,20,16,21,18,21,6,5,20,14,24,13,16,2,1,1,2,3,6,4,3,6,5,7,9,5,3,5,2,6,9,10,6,1,3,0,3,5,4,5,3,0,1,5,9,5,3,2,3,1,5,5,3,3,2,2,1,4,5,3,1,3,0,2,1,0,3,3,2,2,2,0,2,2,0,4,0,1,3,4,0,2,1,2,0,0,2,1,6,6,4,2,1,3,4,1,3,3,2,4,3,4,0,4,2,4,2,4,6,4,3,6,3,9,5,3,9,5,1,0,9,9,9,11,14,9,13,20,45,56,76,53,23,78,209,237,248,242,116,78,106,248,247,229,195,165,96,87,275,240,232,200,168,97,96,237,274,199,241,93,54,63,134,143,117,82,78,28,35,97,80,60,50,31,13,17,48,42,33,28,25,16,11,23,29,26,8,10,5,3,20,13,11,7,6,2,0,3,3,6,2,6,2,1,7,3,2,3,2,3,3,3,2,1,3,1,0,0,3,2,1,2,1,0,1,2,2,4,0,3,0,0,2,1,4,3,0,1,0,3,5,1,2,4,4,2,2,2,2,1,3,0,1,3,5,10,9,6,3,3,9,5,14,6,14,6,2,15,23,12,9,15,19,9,24,27,19,25,18,17,16,20,35,27,26,21,24,19,23,57,44,41,23,13,23,39,39,29,37,35,29,27,29,38,56,36,30,17,26,45,54,43,40,29,31,33,58,52,64,63,56,50,38,25,89,24,0
18,Region Under investigation,First Infections,0,0,0,0,0,0,0,0,0,0,0,0,0,0,0,0,0,0,0,0,0,0,0,0,0,0,0,0,0,0,0,0,0,0,0,0,0,0,0,0,0,0,0,0,0,0,0,0,0,0,0,0,0,0,0,0,0,0,0,0,0,0,0,0,0,0,0,0,0,0,0,0,0,0,0,0,0,0,0,0,0,0,0,0,0,0,0,0,0,0,0,0,3,2,2,3,0,0,0,0,0,3,3,1,5,5,4,0,8,8,5,4,3,4,6,3,2,6,2,4,4,4,17,6,6,8,1,8,1,0,2,2,0,0,1,1,0,4,0,1,1,1,5,0,1,0,0,0,0,7,0,0,0,0,0,1,2,1,2,1,0,0,2,0,1,1,2,0,1,0,0,0,0,0,0,0,1,0,1,0,0,0,0,1,0,0,0,0,0,0,0,1,3,0,0,1,1,2,2,2,2,1,0,1,2,1,0,1,1,3,0,2,0,3,0,0,0,0,1,0,1,1,1,0,1,3,2,4,1,1,2,0,1,1,1,0,2,0,0,1,1,0,0,0,0,1,2,2,2,3,3,0,1,6,3,2,2,2,5,0,3,2,2,0,4,1,1,1,3,0,3,1,0,0,0,3,3,3,0,1,0,2,2,6,2,1,0,0,2,0,3,0,0,1,0,0,0,4,0,1,1,0,3,3,1,2,1,0,0,1,1,2,1,3,0,0,0,1,0,2,1,0,0,0,0,0,0,0,0,0,0,0,0,0,0,0,1,0,0,0,0,0,0,0,0,0,2,0,0,0,1,2,0,1,0,0,0,0,0,0,0,1,0,0,0,0,0,1,0,0,0,0,0,0,0,0,0,0,0,0,0,0,0,0,1,0,0,0,0,0,0,0,0,0,0,0,1,0,1,0,0,0,0,0,0,0,0,0,0,0,0,0,0,0,0,1,0,0,0,0,0,0,1,0,0,0,0,0,0,0,0,2,0,0,0,1,0,0,0,1,0,0,0,0,0,0,0,0,0,1,0,0,0,0,0,0,0,0,0,0,0,0,0,0,0,1,0,0,0,0,0,0,0,0,0,0,0,0,0,0,0,0,0,0,0,0,0,1,0,1,0,0,2,1,1,1,1,0,1,0,1,0,2,0,0,2,0,1,2,1,3,3,5,1,15,3,3,0,1,3,7,3,3,2,4,1,4,2,1,2,2,2,2,3,5,3,13,1,1,2,0,2,8,0,13,0,0,0,1,4,0,1,0,1,11,1,0,5,5,1,0,3,1,1,1,1,0,0,10,1,0,3,0,0,0,3,0,0,2,1,0,1,0,0,4,1,1,0,0,0,0,0,1,0,0,0,1,0,1,0,0,0,0,0,1,1,0,0,0,0,0,1,0,0,0,0,0,0,0,0,1,0,0,0,1,0,0,1,0,0,0,0,1,0,2,0,0,0,0,0,0,2,0,0,0,0,0,0,0,0,0,0,1,1,1,2,0,1,4,8,13,11,12,3,1,3,10,8,23,8,7,2,1,81,6,7,6,11,2,8,18,14,6,10,7,1,2,11,5,2,2,2,1,2,0,0,1,0,2,0,1,1,1,1,1,0,0,0,3,1,0,0,0,0,0,0,0,1,0,0,0,0,0,0,0,0,0,0,0,0,0,0,1,0,1,0,1,0,1,0,0,0,0,0,3,0,0,0,0,0,0,0,0,1,0,0,0,0,0,0,0,0,0,0,0,0,0,0,0,0,0,0,1,0,0,0,0,0,2,0,1,0,0,0,0,0,0,0,0,0,0,0,0,0,0,3,0,0,0,3,2,0,0,1,0,0,0,0,2,2,2,1,1,2,0,1,3,0,0,1,3,1,3,0,0,0,0,2,0,1,1,1,0,0,2,2,1,1,0,0,0,5,2,2,0,0,0,1,2,6,1,0
19,Region Under investigation,Reinfections,0,0,0,0,0,0,0,0,0,0,0,0,0,0,0,0,0,0,0,0,0,0,0,0,0,0,0,0,0,0,0,0,0,0,0,0,0,0,0,0,0,0,0,0,0,0,0,0,0,0,0,0,0,0,0,0,0,0,0,0,0,0,0,0,0,0,0,0,0,0,0,0,0,0,0,0,0,0,0,0,0,0,0,0,0,0,0,0,0,0,0,0,0,0,0,0,0,0,0,0,0,0,0,0,0,0,0,0,0,0,0,0,0,0,0,0,0,0,0,0,0,0,0,0,0,0,0,0,0,0,0,0,0,0,0,0,0,0,0,0,0,0,0,0,0,0,0,0,0,0,0,0,0,0,0,0,0,0,0,0,0,0,0,0,0,0,0,0,0,0,0,0,0,0,0,0,0,0,0,0,0,0,0,0,0,0,0,0,0,0,0,0,0,0,0,0,0,0,0,0,0,0,0,0,0,0,0,0,0,0,0,0,0,0,0,0,0,0,0,0,0,0,0,0,0,0,0,0,0,0,0,0,0,0,0,0,0,0,0,0,0,0,0,0,0,0,0,0,0,0,0,0,0,0,0,0,0,0,0,0,0,0,0,0,0,0,0,0,0,0,0,0,0,0,0,0,0,0,0,0,0,0,0,0,0,0,0,0,0,0,0,0,0,0,0,0,0,0,0,0,0,0,0,0,0,0,0,0,0,0,0,0,0,0,0,0,0,0,0,0,0,0,0,0,0,0,0,0,0,0,0,0,0,0,0,0,0,0,0,0,0,0,0,0,0,0,0,0,0,0,0,0,0,0,0,0,0,0,0,0,0,0,0,0,0,0,0,0,0,0,0,0,0,0,0,0,0,0,0,0,0,0,0,0,0,0,0,0,0,0,0,0,0,0,0,0,0,0,0,0,0,0,0,0,0,0,0,0,0,0,0,0,0,0,0,0,0,0,0,0,0,0,0,0,0,0,0,0,0,0,0,0,0,0,0,0,0,0,0,0,0,0,0,0,0,0,0,0,0,0,0,0,0,0,0,0,0,0,0,0,0,0,0,0,0,0,0,0,0,0,0,0,0,0,0,0,0,0,0,0,0,0,0,0,0,0,0,0,0,0,0,0,0,0,0,0,0,0,0,0,0,0,0,0,0,0,0,0,0,0,0,0,0,1,0,0,0,0,0,0,0,0,0,0,0,0,0,0,0,0,0,0,0,0,0,0,0,0,0,0,0,0,1,0,0,0,0,0,0,0,0,0,0,0,0,0,0,1,0,0,0,0,0,0,0,0,0,0,0,0,0,0,0,0,0,0,0,0,0,0,0,0,0,0,0,0,0,0,0,0,0,0,0,0,0,0,0,0,0,0,0,0,0,0,0,0,0,0,0,0,0,0,0,0,0,0,0,0,0,0,0,0,0,0,0,0,0,0,0,0,0,0,0,0,0,0,0,0,0,0,0,0,0,0,0,0,0,0,0,0,0,0,0,0,0,1,0,0,1,0,0,1,1,0,0,0,0,0,9,1,0,1,0,8,1,2,0,0,0,0,6,0,3,2,2,0,0,0,0,0,0,0,0,0,1,1,0,0,0,0,0,0,0,0,1,0,0,0,0,0,0,0,0,0,0,0,0,0,0,0,0,0,0,0,0,0,0,0,0,0,0,0,0,0,0,0,0,0,0,0,0,0,0,0,0,0,0,0,0,0,0,0,0,0,0,0,0,0,0,0,0,0,0,0,0,0,0,0,0,0,0,0,0,0,0,0,0,0,0,0,0,0,0,0,0,0,0,0,0,0,0,0,0,0,0,0,0,0,0,0,0,0,0,0,0,0,0,0,0,0,0,0,0,0,1,0,0,0,0,0,0,0,0,0,0,0,0,1,0,0,1,0,0,0,1,1,1,0,1,1,0,0,0,0,0,1,0,0,0,0,0,0
