FIPS,County,Category,3/3/2020,3/4/2020,3/5/2020,3/6/2020,3/7/2020,3/8/2020,3/9/2020,3/10/2020,3/11/2020,3/12/2020,3/13/2020,3/14/2020,3/15/2020,3/16/2020,3/17/2020,3/18/2020,3/19/2020,3/20/2020,3/21/2020,3/22/2020,3/23/2020,3/24/2020,3/25/2020,3/26/2020,3/27/2020,3/28/2020,3/29/2020,3/30/2020,3/31/2020,4/1/2020,4/2/2020,4/3/2020,4/4/2020,4/5/2020,4/6/2020,4/7/2020,4/8/2020,4/9/2020,4/10/2020,4/11/2020,4/12/2020,4/13/2020,4/14/2020,4/15/2020,4/16/2020,4/17/2020,4/18/2020,4/19/2020,4/20/2020,4/21/2020,4/22/2020,4/23/2020,4/24/2020,4/25/2020,4/26/2020,4/27/2020,4/28/2020,4/29/2020,4/30/2020,5/1/2020,5/2/2020,5/3/2020,5/4/2020,5/5/2020,5/6/2020,5/7/2020,5/8/2020,5/9/2020,5/10/2020,5/11/2020,5/12/2020,5/13/2020,5/14/2020,5/15/2020,5/16/2020,5/17/2020,5/18/2020,5/19/2020,5/20/2020,5/21/2020,5/22/2020,5/23/2020,5/24/2020,5/25/2020,5/26/2020,5/27/2020,5/28/2020,5/29/2020,5/30/2020,5/31/2020,6/1/2020,6/2/2020,6/3/2020,6/4/2020,6/5/2020,6/6/2020,6/7/2020,6/8/2020,6/9/2020,6/10/2020,6/11/2020,6/12/2020,6/13/2020,6/14/2020,6/15/2020,6/16/2020,6/17/2020,6/18/2020,6/19/2020,6/20/2020,6/21/2020,6/22/2020,6/23/2020,6/24/2020,6/25/2020,6/26/2020,6/27/2020,6/28/2020,6/29/2020,6/30/2020,7/1/2020,7/2/2020,7/3/2020,7/4/2020,7/5/2020,7/6/2020,7/7/2020,7/8/2020,7/9/2020,7/10/2020,7/11/2020,7/12/2020,7/13/2020,7/14/2020,7/15/2020,7/16/2020,7/17/2020,7/18/2020,7/19/2020,7/20/2020,7/21/2020,7/22/2020,7/23/2020,7/24/2020,7/25/2020,7/26/2020,7/27/2020,7/28/2020,7/29/2020,7/30/2020,7/31/2020,8/1/2020,8/2/2020,8/3/2020,8/4/2020,8/5/2020,8/6/2020,8/7/2020,8/8/2020,8/9/2020,8/10/2020,8/11/2020,8/12/2020,8/13/2020,8/14/2020,8/15/2020,8/16/2020,8/17/2020,8/18/2020,8/19/2020,8/20/2020,8/21/2020,8/22/2020,8/23/2020,8/24/2020,8/25/2020,8/26/2020,8/27/2020,8/28/2020,8/29/2020,8/30/2020,8/31/2020,9/1/2020,9/2/2020,9/3/2020,9/4/2020,9/5/2020,9/6/2020,9/7/2020,9/8/2020,9/9/2020,9/10/2020,9/11/2020,9/12/2020,9/13/2020,9/14/2020,9/15/2020,9/16/2020,9/17/2020,9/18/2020,9/19/2020,9/20/2020,9/21/2020,9/22/2020,9/23/2020,9/24/2020,9/25/2020,9/26/2020,9/27/2020,9/28/2020,9/29/2020,9/30/2020,10/1/2020,10/2/2020,10/3/2020,10/4/2020,10/5/2020,10/6/2020,10/7/2020,10/8/2020,10/9/2020,10/10/2020,10/11/2020,10/12/2020,10/13/2020,10/14/2020,10/15/2020,10/16/2020,10/17/2020,10/18/2020,10/19/2020,10/20/2020,10/21/2020,10/22/2020,10/23/2020,10/24/2020,10/25/2020,10/26/2020,10/27/2020,10/28/2020,10/29/2020,10/30/2020,10/31/2020,11/1/2020,11/2/2020,11/3/2020,11/4/2020,11/5/2020,11/6/2020,11/7/2020,11/8/2020,11/9/2020,11/10/2020,11/11/2020,11/12/2020,11/13/2020,11/14/2020,11/15/2020,11/16/2020,11/17/2020,11/18/2020,11/19/2020,11/20/2020,11/21/2020,11/22/2020,11/23/2020,11/24/2020,11/25/2020,11/26/2020,11/27/2020,11/28/2020,11/29/2020,11/30/2020,12/1/2020,12/2/2020,12/3/2020,12/4/2020,12/5/2020,12/6/2020,12/7/2020,12/8/2020,12/9/2020,12/10/2020,12/11/2020,12/12/2020,12/13/2020,12/14/2020,12/15/2020,12/16/2020,12/17/2020,12/18/2020,12/19/2020,12/20/2020,12/21/2020,12/22/2020,12/23/2020,12/24/2020,12/25/2020,12/26/2020,12/27/2020,12/28/2020,12/29/2020,12/30/2020,12/31/2020,1/1/2021,1/2/2021,1/3/2021,1/4/2021,1/5/2021,1/6/2021,1/7/2021,1/8/2021,1/9/2021,1/10/2021,1/11/2021,1/12/2021,1/13/2021,1/14/2021,1/15/2021,1/16/2021,1/17/2021,1/18/2021,1/19/2021,1/20/2021,1/21/2021,1/22/2021,1/23/2021,1/24/2021,1/25/2021,1/26/2021,1/27/2021,1/28/2021,1/29/2021,1/30/2021,1/31/2021,2/1/2021,2/2/2021,2/3/2021,2/4/2021,2/5/2021,2/6/2021,2/7/2021,2/8/2021,2/9/2021,2/10/2021,2/11/2021,2/12/2021,2/13/2021,2/14/2021,2/15/2021,2/16/2021,2/17/2021,2/18/2021,2/19/2021,2/20/2021,2/21/2021,2/22/2021,2/23/2021,2/24/2021,2/25/2021,2/26/2021,2/27/2021,2/28/2021,3/1/2021,3/2/2021,3/3/2021,3/4/2021,3/5/2021,3/6/2021,3/7/2021,3/8/2021,3/9/2021,3/10/2021,3/11/2021
22001.0,Acadia,Antigen Tests,,,,,,,,,,,,,,,,,,,,,,,,,,,,,,,,,,,,,,,,,,,,,,,,,,,,,,,,,,,,,,,,,,,,,,,,,,,,,,,,,,,,,,,,,,,,,,,,,,,,,,,,,,,,,,,,,,,,,,,,,,,,,,,,,,,,,,,,,,,,,,,,,,,,,,,,,,,,,,,,,,,,,,,,,,,,,,,,,,,,,,,,,,,,,,,,,,,,,,,,,,,,,,,,,,,,,,,,,,,,,,,,,,,,,,,,,,,,,,,,,,,,,,,,,,,,,,,,143.0,143.0,143.0,145.0,186.0,187.0,198.0,199.0,199.0,218.0,217.0,271.0,275.0,275.0,297.0,297.0,301.0,300.0,324.0,334.0,347.0,360.0,360.0,368.0,371.0,396.0,457.0,472.0,492.0,492.0,511.0,510.0,533.0,549.0,563.0,589.0,589.0,604.0,602.0,670.0,695.0,706.0,706.0,706.0,707.0,705.0,739.0,924.0,945.0,945.0,945.0,947.0,946.0,979.0,1150.0,1165.0,1203.0,1203.0,1243.0,1242.0,1301.0,1335.0,1347.0,1402.0,1402.0,1428.0,1426.0,1444.0,1519.0,1547.0,1558.0,1558.0,1624.0,1624.0,1682.0,1738.0,1768.0,1773.0,1773.0,1800.0,1806.0,1896.0,1919.0,1959.0,1960.0,1960.0,2001.0,1999.0,2048.0,2050.0,2115.0,2137.0,2137.0,2150.0,2144.0,2144.0,2165.0,2165.0,2171.0,2171.0,2211.0,2206.0,2250.0,2278.0,2289.0,2296.0,2296.0,2337.0,2349.0,2359.0,2379.0,2424.0,2434.0,2434.0,2460.0,2470.0,2518.0,2532.0,2550.0
22003.0,Allen,Antigen Tests,,,,,,,,,,,,,,,,,,,,,,,,,,,,,,,,,,,,,,,,,,,,,,,,,,,,,,,,,,,,,,,,,,,,,,,,,,,,,,,,,,,,,,,,,,,,,,,,,,,,,,,,,,,,,,,,,,,,,,,,,,,,,,,,,,,,,,,,,,,,,,,,,,,,,,,,,,,,,,,,,,,,,,,,,,,,,,,,,,,,,,,,,,,,,,,,,,,,,,,,,,,,,,,,,,,,,,,,,,,,,,,,,,,,,,,,,,,,,,,,,,,,,,,,,,,,,,,,206.0,206.0,213.0,211.0,243.0,252.0,256.0,258.0,258.0,273.0,274.0,303.0,305.0,305.0,370.0,370.0,375.0,373.0,402.0,406.0,416.0,423.0,423.0,477.0,478.0,502.0,516.0,529.0,568.0,568.0,594.0,596.0,619.0,631.0,660.0,683.0,683.0,688.0,688.0,703.0,723.0,787.0,787.0,787.0,788.0,790.0,796.0,857.0,875.0,875.0,875.0,875.0,874.0,928.0,989.0,1027.0,1064.0,1064.0,1081.0,1081.0,1127.0,1171.0,1182.0,1194.0,1194.0,1241.0,1242.0,1223.0,1286.0,1315.0,1322.0,1322.0,1358.0,1354.0,1389.0,1410.0,1445.0,1495.0,1495.0,1501.0,1506.0,1524.0,1539.0,1582.0,1593.0,1593.0,1650.0,1658.0,1690.0,1686.0,1753.0,1775.0,1775.0,1773.0,1780.0,1780.0,1783.0,1790.0,1793.0,1793.0,1835.0,1835.0,1861.0,1876.0,1876.0,1880.0,1880.0,1899.0,1901.0,1923.0,1934.0,1946.0,1952.0,1952.0,1962.0,1968.0,1995.0,2005.0,2021.0
22005.0,Ascension,Antigen Tests,,,,,,,,,,,,,,,,,,,,,,,,,,,,,,,,,,,,,,,,,,,,,,,,,,,,,,,,,,,,,,,,,,,,,,,,,,,,,,,,,,,,,,,,,,,,,,,,,,,,,,,,,,,,,,,,,,,,,,,,,,,,,,,,,,,,,,,,,,,,,,,,,,,,,,,,,,,,,,,,,,,,,,,,,,,,,,,,,,,,,,,,,,,,,,,,,,,,,,,,,,,,,,,,,,,,,,,,,,,,,,,,,,,,,,,,,,,,,,,,,,,,,,,,,,,,,,,,1230.0,1230.0,1289.0,1290.0,1320.0,1674.0,1732.0,1832.0,1832.0,1884.0,1888.0,2259.0,2286.0,2286.0,2358.0,2358.0,2436.0,2434.0,2581.0,2614.0,2637.0,2884.0,2884.0,3006.0,3010.0,3131.0,3596.0,3617.0,3830.0,3830.0,4094.0,4102.0,4146.0,4465.0,4641.0,4728.0,4728.0,4846.0,4858.0,4945.0,5216.0,5290.0,5290.0,5290.0,5509.0,5513.0,5758.0,5901.0,5969.0,5969.0,5969.0,6024.0,6030.0,6293.0,6540.0,6663.0,6724.0,6724.0,6998.0,7007.0,7310.0,7781.0,8408.0,8767.0,8767.0,8919.0,8938.0,9040.0,9198.0,9440.0,9530.0,9530.0,9801.0,9824.0,9894.0,10312.0,10368.0,10437.0,10437.0,10637.0,10670.0,10882.0,11030.0,11333.0,11433.0,11433.0,11518.0,11557.0,11657.0,11673.0,11868.0,11883.0,11883.0,11993.0,11998.0,11998.0,12051.0,12148.0,12206.0,12206.0,12280.0,12287.0,12475.0,12506.0,12654.0,12729.0,12729.0,12893.0,12967.0,13032.0,13129.0,13205.0,13270.0,13270.0,13392.0,13431.0,13493.0,13572.0,13623.0
22007.0,Assumption,Antigen Tests,,,,,,,,,,,,,,,,,,,,,,,,,,,,,,,,,,,,,,,,,,,,,,,,,,,,,,,,,,,,,,,,,,,,,,,,,,,,,,,,,,,,,,,,,,,,,,,,,,,,,,,,,,,,,,,,,,,,,,,,,,,,,,,,,,,,,,,,,,,,,,,,,,,,,,,,,,,,,,,,,,,,,,,,,,,,,,,,,,,,,,,,,,,,,,,,,,,,,,,,,,,,,,,,,,,,,,,,,,,,,,,,,,,,,,,,,,,,,,,,,,,,,,,,,,,,,,,,215.0,215.0,296.0,298.0,352.0,392.0,417.0,458.0,458.0,477.0,476.0,528.0,533.0,533.0,551.0,551.0,558.0,559.0,583.0,608.0,622.0,657.0,657.0,692.0,698.0,729.0,750.0,764.0,781.0,781.0,809.0,813.0,862.0,879.0,898.0,932.0,932.0,974.0,973.0,1046.0,1051.0,1098.0,1098.0,1098.0,1112.0,1108.0,1150.0,1270.0,1310.0,1310.0,1310.0,1353.0,1354.0,1396.0,1463.0,1502.0,1584.0,1584.0,1638.0,1641.0,1701.0,1771.0,1808.0,1840.0,1840.0,1889.0,1891.0,1910.0,1980.0,2026.0,2050.0,2050.0,2186.0,2189.0,2279.0,2332.0,2369.0,2424.0,2424.0,2505.0,2529.0,2642.0,2653.0,2695.0,2713.0,2713.0,2765.0,2772.0,2823.0,2829.0,2858.0,2874.0,2874.0,2898.0,2899.0,2899.0,2920.0,2926.0,2950.0,2950.0,2977.0,2975.0,3020.0,3028.0,3078.0,3104.0,3104.0,3141.0,3157.0,3162.0,3181.0,3194.0,3221.0,3221.0,3235.0,3250.0,3256.0,3277.0,3290.0
22009.0,Avoyelles,Antigen Tests,,,,,,,,,,,,,,,,,,,,,,,,,,,,,,,,,,,,,,,,,,,,,,,,,,,,,,,,,,,,,,,,,,,,,,,,,,,,,,,,,,,,,,,,,,,,,,,,,,,,,,,,,,,,,,,,,,,,,,,,,,,,,,,,,,,,,,,,,,,,,,,,,,,,,,,,,,,,,,,,,,,,,,,,,,,,,,,,,,,,,,,,,,,,,,,,,,,,,,,,,,,,,,,,,,,,,,,,,,,,,,,,,,,,,,,,,,,,,,,,,,,,,,,,,,,,,,,,371.0,371.0,380.0,381.0,414.0,430.0,450.0,465.0,465.0,490.0,491.0,569.0,579.0,579.0,631.0,631.0,648.0,650.0,714.0,691.0,713.0,748.0,748.0,813.0,811.0,864.0,884.0,896.0,938.0,938.0,973.0,973.0,1027.0,1062.0,1112.0,1143.0,1143.0,1165.0,1164.0,1243.0,1273.0,1292.0,1292.0,1292.0,1293.0,1293.0,1315.0,1430.0,1477.0,1477.0,1477.0,1491.0,1491.0,1576.0,1651.0,1731.0,1773.0,1773.0,1839.0,1840.0,1921.0,1989.0,2073.0,2095.0,2095.0,2150.0,2148.0,2219.0,2248.0,2280.0,2309.0,2309.0,2388.0,2384.0,2414.0,2494.0,2557.0,2593.0,2593.0,2643.0,2664.0,2722.0,2761.0,2782.0,2797.0,2797.0,2912.0,2936.0,3013.0,3015.0,3097.0,3121.0,3121.0,3125.0,3124.0,3124.0,3124.0,3129.0,3126.0,3126.0,3171.0,3174.0,3209.0,3242.0,3270.0,3289.0,3289.0,3326.0,3339.0,3356.0,3363.0,3397.0,3406.0,3406.0,3427.0,3433.0,3453.0,3484.0,3485.0
22011.0,Beauregard,Antigen Tests,,,,,,,,,,,,,,,,,,,,,,,,,,,,,,,,,,,,,,,,,,,,,,,,,,,,,,,,,,,,,,,,,,,,,,,,,,,,,,,,,,,,,,,,,,,,,,,,,,,,,,,,,,,,,,,,,,,,,,,,,,,,,,,,,,,,,,,,,,,,,,,,,,,,,,,,,,,,,,,,,,,,,,,,,,,,,,,,,,,,,,,,,,,,,,,,,,,,,,,,,,,,,,,,,,,,,,,,,,,,,,,,,,,,,,,,,,,,,,,,,,,,,,,,,,,,,,,,193.0,193.0,202.0,203.0,206.0,213.0,224.0,230.0,230.0,241.0,241.0,264.0,266.0,266.0,289.0,289.0,289.0,290.0,315.0,314.0,320.0,331.0,331.0,346.0,346.0,360.0,376.0,390.0,407.0,407.0,432.0,432.0,445.0,465.0,486.0,515.0,515.0,557.0,558.0,652.0,716.0,731.0,731.0,731.0,733.0,732.0,736.0,989.0,1135.0,1135.0,1135.0,1137.0,1136.0,1100.0,1371.0,1432.0,1507.0,1507.0,1687.0,1687.0,1761.0,1904.0,1967.0,2023.0,2023.0,2101.0,2094.0,2079.0,2228.0,2374.0,2377.0,2377.0,2532.0,2533.0,2601.0,2695.0,2790.0,2834.0,2834.0,2906.0,2909.0,3001.0,3113.0,3171.0,3170.0,3170.0,3237.0,3240.0,3356.0,3362.0,3492.0,3549.0,3549.0,3560.0,3561.0,3561.0,3543.0,3550.0,3550.0,3550.0,3637.0,3633.0,3727.0,3785.0,3813.0,3817.0,3817.0,3920.0,3920.0,3960.0,3987.0,4026.0,4039.0,4039.0,4073.0,4103.0,4123.0,4145.0,4169.0
22013.0,Bienville,Antigen Tests,,,,,,,,,,,,,,,,,,,,,,,,,,,,,,,,,,,,,,,,,,,,,,,,,,,,,,,,,,,,,,,,,,,,,,,,,,,,,,,,,,,,,,,,,,,,,,,,,,,,,,,,,,,,,,,,,,,,,,,,,,,,,,,,,,,,,,,,,,,,,,,,,,,,,,,,,,,,,,,,,,,,,,,,,,,,,,,,,,,,,,,,,,,,,,,,,,,,,,,,,,,,,,,,,,,,,,,,,,,,,,,,,,,,,,,,,,,,,,,,,,,,,,,,,,,,,,,,104.0,104.0,107.0,107.0,110.0,142.0,147.0,150.0,150.0,152.0,152.0,165.0,166.0,166.0,167.0,167.0,167.0,167.0,169.0,169.0,191.0,211.0,211.0,235.0,233.0,257.0,275.0,282.0,290.0,290.0,371.0,373.0,435.0,439.0,460.0,476.0,476.0,491.0,492.0,485.0,503.0,510.0,510.0,510.0,529.0,527.0,528.0,551.0,574.0,574.0,574.0,574.0,576.0,600.0,630.0,641.0,684.0,684.0,703.0,705.0,780.0,796.0,806.0,825.0,825.0,832.0,834.0,826.0,885.0,1009.0,1024.0,1024.0,1047.0,1051.0,1063.0,1098.0,1124.0,1131.0,1131.0,1143.0,1147.0,1202.0,1230.0,1282.0,1278.0,1278.0,1298.0,1303.0,1304.0,1313.0,1320.0,1338.0,1338.0,1342.0,1348.0,1348.0,1370.0,1372.0,1369.0,1369.0,1385.0,1390.0,1400.0,1405.0,1403.0,1398.0,1398.0,1407.0,1417.0,1413.0,1419.0,1420.0,1427.0,1427.0,1432.0,1442.0,1460.0,1468.0,1466.0
22015.0,Bossier,Antigen Tests,,,,,,,,,,,,,,,,,,,,,,,,,,,,,,,,,,,,,,,,,,,,,,,,,,,,,,,,,,,,,,,,,,,,,,,,,,,,,,,,,,,,,,,,,,,,,,,,,,,,,,,,,,,,,,,,,,,,,,,,,,,,,,,,,,,,,,,,,,,,,,,,,,,,,,,,,,,,,,,,,,,,,,,,,,,,,,,,,,,,,,,,,,,,,,,,,,,,,,,,,,,,,,,,,,,,,,,,,,,,,,,,,,,,,,,,,,,,,,,,,,,,,,,,,,,,,,,,1061.0,1061.0,1090.0,1089.0,1115.0,1408.0,1458.0,1479.0,1479.0,1504.0,1504.0,1804.0,1821.0,1821.0,1867.0,1867.0,1907.0,1905.0,1928.0,1966.0,1995.0,2252.0,2252.0,2420.0,2425.0,2523.0,2574.0,2596.0,2621.0,2621.0,2834.0,2833.0,2866.0,2873.0,3088.0,3117.0,3117.0,3331.0,3332.0,3350.0,3541.0,3543.0,3543.0,3543.0,3846.0,3846.0,3998.0,4076.0,4096.0,4096.0,4096.0,4107.0,4106.0,4463.0,4569.0,4586.0,4683.0,4683.0,5047.0,5046.0,5375.0,5611.0,5649.0,5864.0,5864.0,5899.0,5909.0,5927.0,6154.0,6273.0,6289.0,6289.0,6674.0,6693.0,6781.0,7120.0,7178.0,7222.0,7222.0,7452.0,7448.0,7746.0,8097.0,9047.0,9057.0,9057.0,9164.0,9165.0,9326.0,9332.0,9358.0,9407.0,9407.0,9638.0,9651.0,9651.0,9685.0,9752.0,9754.0,9754.0,9788.0,9786.0,9851.0,9887.0,10027.0,10044.0,10044.0,10105.0,10214.0,10281.0,10301.0,10329.0,10345.0,10345.0,10471.0,10506.0,10559.0,10559.0,10598.0
22017.0,Caddo,Antigen Tests,,,,,,,,,,,,,,,,,,,,,,,,,,,,,,,,,,,,,,,,,,,,,,,,,,,,,,,,,,,,,,,,,,,,,,,,,,,,,,,,,,,,,,,,,,,,,,,,,,,,,,,,,,,,,,,,,,,,,,,,,,,,,,,,,,,,,,,,,,,,,,,,,,,,,,,,,,,,,,,,,,,,,,,,,,,,,,,,,,,,,,,,,,,,,,,,,,,,,,,,,,,,,,,,,,,,,,,,,,,,,,,,,,,,,,,,,,,,,,,,,,,,,,,,,,,,,,,,2794.0,2794.0,2859.0,2861.0,2884.0,2957.0,3079.0,3129.0,3129.0,3184.0,3185.0,3250.0,3273.0,3273.0,3438.0,3438.0,3450.0,3453.0,3511.0,3638.0,3717.0,3790.0,3790.0,3849.0,3854.0,3958.0,4111.0,4185.0,4244.0,4244.0,4299.0,4301.0,4367.0,4382.0,4539.0,4602.0,4602.0,4839.0,4839.0,4892.0,4955.0,4973.0,4973.0,4973.0,5026.0,5028.0,5050.0,5148.0,5187.0,5187.0,5187.0,5203.0,5204.0,5723.0,5894.0,5992.0,6258.0,6258.0,6491.0,6492.0,6950.0,7071.0,7176.0,7374.0,7374.0,7428.0,7428.0,7455.0,7757.0,8291.0,8317.0,8317.0,8964.0,9025.0,9195.0,9414.0,9507.0,9644.0,9644.0,9791.0,9799.0,10031.0,10320.0,12547.0,12581.0,12581.0,12797.0,12813.0,13095.0,13094.0,13128.0,13212.0,13212.0,13353.0,13353.0,13353.0,13437.0,13488.0,13514.0,13514.0,13627.0,13640.0,13922.0,14040.0,14187.0,14222.0,14222.0,14430.0,14452.0,14846.0,14954.0,15017.0,15126.0,15126.0,15203.0,15347.0,15447.0,15576.0,15759.0
22019.0,Calcasieu,Antigen Tests,,,,,,,,,,,,,,,,,,,,,,,,,,,,,,,,,,,,,,,,,,,,,,,,,,,,,,,,,,,,,,,,,,,,,,,,,,,,,,,,,,,,,,,,,,,,,,,,,,,,,,,,,,,,,,,,,,,,,,,,,,,,,,,,,,,,,,,,,,,,,,,,,,,,,,,,,,,,,,,,,,,,,,,,,,,,,,,,,,,,,,,,,,,,,,,,,,,,,,,,,,,,,,,,,,,,,,,,,,,,,,,,,,,,,,,,,,,,,,,,,,,,,,,,,,,,,,,,2599.0,2599.0,2972.0,2973.0,3181.0,3359.0,3525.0,3903.0,3903.0,4020.0,4018.0,4379.0,4397.0,4397.0,4611.0,4611.0,4630.0,4626.0,5239.0,5371.0,5427.0,5535.0,5535.0,5658.0,5660.0,5810.0,6629.0,6911.0,7271.0,7271.0,7823.0,7821.0,7782.0,8319.0,8581.0,8800.0,8800.0,9080.0,9077.0,9510.0,9853.0,10073.0,10073.0,10073.0,10079.0,10086.0,10531.0,11810.0,12132.0,12132.0,12132.0,12137.0,12135.0,12405.0,14358.0,14828.0,15162.0,15162.0,15645.0,15648.0,16446.0,16934.0,17411.0,17742.0,17742.0,18169.0,18178.0,18350.0,19063.0,20061.0,20122.0,20122.0,21017.0,21029.0,21454.0,22386.0,23383.0,23543.0,23543.0,24026.0,24038.0,24783.0,25114.0,25440.0,25521.0,25521.0,26042.0,26049.0,26609.0,26611.0,27691.0,27941.0,27941.0,28034.0,28050.0,28050.0,27954.0,28082.0,28181.0,28181.0,29158.0,29153.0,29631.0,30168.0,30231.0,30546.0,30546.0,31214.0,31272.0,31514.0,31649.0,32148.0,32388.0,32388.0,32638.0,32823.0,33301.0,33582.0,33871.0
22021.0,Caldwell,Antigen Tests,,,,,,,,,,,,,,,,,,,,,,,,,,,,,,,,,,,,,,,,,,,,,,,,,,,,,,,,,,,,,,,,,,,,,,,,,,,,,,,,,,,,,,,,,,,,,,,,,,,,,,,,,,,,,,,,,,,,,,,,,,,,,,,,,,,,,,,,,,,,,,,,,,,,,,,,,,,,,,,,,,,,,,,,,,,,,,,,,,,,,,,,,,,,,,,,,,,,,,,,,,,,,,,,,,,,,,,,,,,,,,,,,,,,,,,,,,,,,,,,,,,,,,,,,,,,,,,,468.0,468.0,492.0,495.0,499.0,511.0,526.0,532.0,532.0,549.0,550.0,554.0,581.0,581.0,594.0,594.0,594.0,594.0,602.0,617.0,625.0,633.0,633.0,663.0,665.0,711.0,725.0,761.0,841.0,841.0,884.0,887.0,911.0,937.0,963.0,1007.0,1007.0,1037.0,1037.0,1049.0,1058.0,1057.0,1057.0,1057.0,1062.0,1065.0,1068.0,1142.0,1181.0,1181.0,1181.0,1194.0,1198.0,1202.0,1243.0,1273.0,1319.0,1319.0,1340.0,1343.0,1374.0,1377.0,1384.0,1428.0,1428.0,1442.0,1446.0,1439.0,1459.0,1497.0,1502.0,1502.0,1534.0,1537.0,1533.0,1555.0,1583.0,1584.0,1584.0,1608.0,1613.0,1616.0,1628.0,1646.0,1651.0,1651.0,1679.0,1686.0,1710.0,1709.0,1746.0,1751.0,1751.0,1759.0,1763.0,1763.0,1758.0,1757.0,1760.0,1760.0,1791.0,1794.0,1795.0,1801.0,1804.0,1804.0,1804.0,1811.0,1812.0,1817.0,1831.0,1866.0,1870.0,1870.0,1880.0,1885.0,1880.0,1898.0,1897.0
22023.0,Cameron,Antigen Tests,,,,,,,,,,,,,,,,,,,,,,,,,,,,,,,,,,,,,,,,,,,,,,,,,,,,,,,,,,,,,,,,,,,,,,,,,,,,,,,,,,,,,,,,,,,,,,,,,,,,,,,,,,,,,,,,,,,,,,,,,,,,,,,,,,,,,,,,,,,,,,,,,,,,,,,,,,,,,,,,,,,,,,,,,,,,,,,,,,,,,,,,,,,,,,,,,,,,,,,,,,,,,,,,,,,,,,,,,,,,,,,,,,,,,,,,,,,,,,,,,,,,,,,,,,,,,,,,79.0,79.0,80.0,78.0,103.0,108.0,106.0,111.0,111.0,114.0,114.0,142.0,145.0,145.0,148.0,148.0,144.0,147.0,161.0,171.0,179.0,175.0,175.0,179.0,178.0,180.0,215.0,212.0,211.0,211.0,211.0,212.0,266.0,275.0,270.0,273.0,273.0,279.0,277.0,317.0,326.0,325.0,325.0,325.0,327.0,326.0,351.0,393.0,375.0,375.0,375.0,375.0,378.0,415.0,440.0,436.0,438.0,438.0,441.0,440.0,508.0,517.0,515.0,525.0,525.0,537.0,537.0,580.0,617.0,631.0,630.0,630.0,648.0,646.0,707.0,709.0,707.0,718.0,718.0,724.0,716.0,773.0,778.0,783.0,784.0,784.0,788.0,790.0,838.0,838.0,851.0,853.0,853.0,857.0,856.0,856.0,882.0,885.0,886.0,886.0,888.0,895.0,910.0,911.0,917.0,919.0,919.0,919.0,924.0,934.0,939.0,939.0,936.0,936.0,939.0,952.0,963.0,965.0,968.0
22025.0,Catahoula,Antigen Tests,,,,,,,,,,,,,,,,,,,,,,,,,,,,,,,,,,,,,,,,,,,,,,,,,,,,,,,,,,,,,,,,,,,,,,,,,,,,,,,,,,,,,,,,,,,,,,,,,,,,,,,,,,,,,,,,,,,,,,,,,,,,,,,,,,,,,,,,,,,,,,,,,,,,,,,,,,,,,,,,,,,,,,,,,,,,,,,,,,,,,,,,,,,,,,,,,,,,,,,,,,,,,,,,,,,,,,,,,,,,,,,,,,,,,,,,,,,,,,,,,,,,,,,,,,,,,,,,323.0,323.0,339.0,341.0,345.0,356.0,368.0,382.0,382.0,396.0,400.0,411.0,423.0,423.0,430.0,430.0,433.0,433.0,454.0,463.0,472.0,482.0,482.0,487.0,489.0,492.0,526.0,531.0,554.0,554.0,561.0,562.0,556.0,576.0,588.0,609.0,609.0,616.0,617.0,637.0,643.0,647.0,647.0,647.0,651.0,655.0,664.0,707.0,711.0,711.0,711.0,721.0,726.0,724.0,774.0,787.0,793.0,793.0,825.0,827.0,829.0,840.0,858.0,870.0,870.0,878.0,880.0,877.0,877.0,909.0,911.0,911.0,941.0,946.0,953.0,977.0,979.0,993.0,993.0,1002.0,1003.0,1020.0,1037.0,1039.0,1043.0,1043.0,1062.0,1068.0,1062.0,1067.0,1088.0,1095.0,1095.0,1097.0,1094.0,1094.0,1094.0,1097.0,1099.0,1099.0,1127.0,1130.0,1134.0,1143.0,1151.0,1154.0,1154.0,1170.0,1173.0,1179.0,1188.0,1194.0,1197.0,1197.0,1205.0,1211.0,1213.0,1221.0,1223.0
22027.0,Claiborne,Antigen Tests,,,,,,,,,,,,,,,,,,,,,,,,,,,,,,,,,,,,,,,,,,,,,,,,,,,,,,,,,,,,,,,,,,,,,,,,,,,,,,,,,,,,,,,,,,,,,,,,,,,,,,,,,,,,,,,,,,,,,,,,,,,,,,,,,,,,,,,,,,,,,,,,,,,,,,,,,,,,,,,,,,,,,,,,,,,,,,,,,,,,,,,,,,,,,,,,,,,,,,,,,,,,,,,,,,,,,,,,,,,,,,,,,,,,,,,,,,,,,,,,,,,,,,,,,,,,,,,,614.0,614.0,628.0,629.0,656.0,697.0,722.0,732.0,732.0,743.0,746.0,754.0,801.0,801.0,846.0,846.0,848.0,849.0,954.0,982.0,1003.0,1043.0,1043.0,1103.0,1104.0,1135.0,1202.0,1213.0,1214.0,1214.0,1223.0,1224.0,1280.0,1324.0,1341.0,1355.0,1355.0,1365.0,1367.0,1419.0,1423.0,1436.0,1436.0,1436.0,1446.0,1450.0,1452.0,1556.0,1640.0,1640.0,1640.0,1658.0,1660.0,1725.0,1833.0,1847.0,1907.0,1907.0,2035.0,2036.0,2072.0,2085.0,2108.0,2136.0,2136.0,2206.0,2209.0,2219.0,2303.0,2454.0,2459.0,2459.0,2549.0,2548.0,2616.0,2676.0,2677.0,2711.0,2711.0,2735.0,2735.0,2810.0,2838.0,2846.0,2844.0,2844.0,2856.0,2861.0,2877.0,2877.0,2899.0,2904.0,2904.0,2915.0,2914.0,2914.0,2927.0,2931.0,2934.0,2934.0,2936.0,2931.0,2926.0,2936.0,2992.0,2994.0,2994.0,3000.0,2997.0,2990.0,2997.0,2997.0,3004.0,3004.0,3036.0,3048.0,3041.0,3051.0,3089.0
22029.0,Concordia,Antigen Tests,,,,,,,,,,,,,,,,,,,,,,,,,,,,,,,,,,,,,,,,,,,,,,,,,,,,,,,,,,,,,,,,,,,,,,,,,,,,,,,,,,,,,,,,,,,,,,,,,,,,,,,,,,,,,,,,,,,,,,,,,,,,,,,,,,,,,,,,,,,,,,,,,,,,,,,,,,,,,,,,,,,,,,,,,,,,,,,,,,,,,,,,,,,,,,,,,,,,,,,,,,,,,,,,,,,,,,,,,,,,,,,,,,,,,,,,,,,,,,,,,,,,,,,,,,,,,,,,352.0,352.0,362.0,362.0,408.0,429.0,449.0,470.0,470.0,499.0,499.0,556.0,557.0,557.0,576.0,576.0,586.0,588.0,620.0,625.0,632.0,636.0,636.0,647.0,647.0,653.0,727.0,733.0,758.0,758.0,778.0,778.0,792.0,831.0,844.0,855.0,855.0,896.0,896.0,920.0,954.0,972.0,972.0,972.0,976.0,977.0,1033.0,1061.0,1067.0,1067.0,1067.0,1079.0,1079.0,1080.0,1138.0,1165.0,1165.0,1165.0,1171.0,1171.0,1216.0,1221.0,1242.0,1246.0,1246.0,1273.0,1274.0,1313.0,1321.0,1347.0,1356.0,1356.0,1367.0,1368.0,1382.0,1437.0,1446.0,1451.0,1451.0,1466.0,1467.0,1488.0,1516.0,1522.0,1533.0,1533.0,1534.0,1538.0,1556.0,1556.0,1587.0,1589.0,1589.0,1590.0,1592.0,1592.0,1595.0,1596.0,1597.0,1597.0,1604.0,1603.0,1624.0,1626.0,1626.0,1661.0,1661.0,1670.0,1670.0,1696.0,1700.0,1704.0,1712.0,1712.0,1714.0,1715.0,1741.0,1746.0,1754.0
22031.0,De Soto,Antigen Tests,,,,,,,,,,,,,,,,,,,,,,,,,,,,,,,,,,,,,,,,,,,,,,,,,,,,,,,,,,,,,,,,,,,,,,,,,,,,,,,,,,,,,,,,,,,,,,,,,,,,,,,,,,,,,,,,,,,,,,,,,,,,,,,,,,,,,,,,,,,,,,,,,,,,,,,,,,,,,,,,,,,,,,,,,,,,,,,,,,,,,,,,,,,,,,,,,,,,,,,,,,,,,,,,,,,,,,,,,,,,,,,,,,,,,,,,,,,,,,,,,,,,,,,,,,,,,,,,140.0,140.0,147.0,147.0,146.0,152.0,161.0,163.0,163.0,166.0,166.0,167.0,174.0,174.0,192.0,192.0,195.0,194.0,212.0,227.0,245.0,295.0,295.0,337.0,340.0,348.0,689.0,727.0,750.0,750.0,821.0,828.0,843.0,873.0,910.0,942.0,942.0,1009.0,1010.0,1027.0,1052.0,1058.0,1058.0,1058.0,1064.0,1080.0,1099.0,1148.0,1180.0,1180.0,1180.0,1301.0,1320.0,1346.0,1431.0,1472.0,1555.0,1555.0,1669.0,1672.0,1717.0,1748.0,1758.0,1854.0,1854.0,1963.0,1994.0,2020.0,2029.0,2130.0,2182.0,2182.0,2240.0,2300.0,2357.0,2438.0,2508.0,2536.0,2536.0,2637.0,2648.0,2695.0,2837.0,3053.0,3074.0,3074.0,3131.0,3182.0,3204.0,3244.0,3277.0,3302.0,3302.0,3332.0,3337.0,3337.0,3354.0,3354.0,3360.0,3360.0,3364.0,3377.0,3390.0,3417.0,3438.0,3450.0,3450.0,3463.0,3479.0,3489.0,3499.0,3528.0,3536.0,3536.0,3556.0,3578.0,3602.0,3619.0,3630.0
22033.0,East Baton Rouge,Antigen Tests,,,,,,,,,,,,,,,,,,,,,,,,,,,,,,,,,,,,,,,,,,,,,,,,,,,,,,,,,,,,,,,,,,,,,,,,,,,,,,,,,,,,,,,,,,,,,,,,,,,,,,,,,,,,,,,,,,,,,,,,,,,,,,,,,,,,,,,,,,,,,,,,,,,,,,,,,,,,,,,,,,,,,,,,,,,,,,,,,,,,,,,,,,,,,,,,,,,,,,,,,,,,,,,,,,,,,,,,,,,,,,,,,,,,,,,,,,,,,,,,,,,,,,,,,,,,,,,,5642.0,5642.0,6176.0,6181.0,6229.0,7087.0,7196.0,7517.0,7517.0,7731.0,7759.0,8522.0,8624.0,8624.0,8848.0,8848.0,8994.0,8996.0,9672.0,9782.0,9973.0,10301.0,10301.0,10631.0,10641.0,10861.0,11627.0,11683.0,12139.0,12139.0,12505.0,12510.0,12617.0,13194.0,13615.0,13914.0,13914.0,14188.0,14210.0,14511.0,15085.0,15264.0,15264.0,15264.0,15596.0,15616.0,16054.0,16544.0,16657.0,16657.0,16657.0,16840.0,16857.0,17177.0,17750.0,17955.0,18138.0,18138.0,18493.0,18505.0,19101.0,20429.0,23672.0,24852.0,24852.0,25195.0,25237.0,25449.0,25659.0,26205.0,26636.0,26636.0,27296.0,27376.0,27614.0,28647.0,28955.0,29426.0,29426.0,30060.0,30115.0,30767.0,31161.0,32813.0,33378.0,33378.0,33725.0,33812.0,34250.0,34286.0,34985.0,35202.0,35202.0,35447.0,35482.0,35482.0,35482.0,35825.0,35945.0,35945.0,36454.0,36494.0,36743.0,36893.0,37053.0,37218.0,37218.0,37884.0,38037.0,38252.0,38814.0,39058.0,39281.0,39281.0,39531.0,39758.0,39945.0,40223.0,40375.0
22035.0,East Carroll,Antigen Tests,,,,,,,,,,,,,,,,,,,,,,,,,,,,,,,,,,,,,,,,,,,,,,,,,,,,,,,,,,,,,,,,,,,,,,,,,,,,,,,,,,,,,,,,,,,,,,,,,,,,,,,,,,,,,,,,,,,,,,,,,,,,,,,,,,,,,,,,,,,,,,,,,,,,,,,,,,,,,,,,,,,,,,,,,,,,,,,,,,,,,,,,,,,,,,,,,,,,,,,,,,,,,,,,,,,,,,,,,,,,,,,,,,,,,,,,,,,,,,,,,,,,,,,,,,,,,,,,28.0,28.0,33.0,33.0,34.0,36.0,37.0,37.0,37.0,38.0,38.0,39.0,43.0,43.0,51.0,51.0,51.0,51.0,54.0,54.0,164.0,192.0,192.0,189.0,189.0,255.0,279.0,260.0,305.0,305.0,295.0,295.0,310.0,322.0,361.0,372.0,372.0,368.0,368.0,388.0,415.0,405.0,405.0,405.0,404.0,404.0,398.0,459.0,478.0,478.0,478.0,478.0,479.0,468.0,549.0,533.0,560.0,560.0,581.0,582.0,577.0,646.0,659.0,667.0,667.0,666.0,665.0,657.0,683.0,698.0,698.0,698.0,729.0,729.0,760.0,753.0,803.0,813.0,813.0,812.0,813.0,811.0,838.0,848.0,849.0,849.0,843.0,841.0,844.0,845.0,893.0,887.0,887.0,887.0,885.0,885.0,880.0,883.0,880.0,880.0,879.0,880.0,880.0,885.0,881.0,883.0,883.0,921.0,922.0,922.0,929.0,929.0,931.0,931.0,930.0,931.0,940.0,941.0,941.0
22037.0,East Feliciana,Antigen Tests,,,,,,,,,,,,,,,,,,,,,,,,,,,,,,,,,,,,,,,,,,,,,,,,,,,,,,,,,,,,,,,,,,,,,,,,,,,,,,,,,,,,,,,,,,,,,,,,,,,,,,,,,,,,,,,,,,,,,,,,,,,,,,,,,,,,,,,,,,,,,,,,,,,,,,,,,,,,,,,,,,,,,,,,,,,,,,,,,,,,,,,,,,,,,,,,,,,,,,,,,,,,,,,,,,,,,,,,,,,,,,,,,,,,,,,,,,,,,,,,,,,,,,,,,,,,,,,,1640.0,1640.0,1675.0,1675.0,1707.0,1726.0,1759.0,1791.0,1791.0,1918.0,1917.0,1954.0,1960.0,1960.0,2046.0,2046.0,2050.0,2050.0,2120.0,2115.0,2183.0,2291.0,2291.0,2376.0,2380.0,2447.0,2528.0,2559.0,2611.0,2611.0,2641.0,2643.0,2684.0,2731.0,2774.0,2827.0,2827.0,2848.0,2849.0,2873.0,2914.0,2934.0,2934.0,2934.0,2939.0,2936.0,2967.0,3068.0,3141.0,3141.0,3141.0,3159.0,3163.0,3193.0,3254.0,3394.0,3428.0,3428.0,3507.0,3509.0,3548.0,3651.0,3741.0,3803.0,3803.0,3844.0,3844.0,3853.0,3945.0,3981.0,3989.0,3989.0,4066.0,4068.0,4089.0,4212.0,4457.0,4475.0,4475.0,4554.0,4558.0,4597.0,4657.0,4705.0,4722.0,4722.0,4818.0,4819.0,4887.0,4888.0,4995.0,5027.0,5027.0,5031.0,5040.0,5040.0,5063.0,5070.0,5077.0,5077.0,5109.0,5110.0,5205.0,5249.0,5265.0,5288.0,5288.0,5314.0,5317.0,5363.0,5402.0,5414.0,5458.0,5458.0,5480.0,5490.0,5520.0,5557.0,5571.0
22039.0,Evangeline,Antigen Tests,,,,,,,,,,,,,,,,,,,,,,,,,,,,,,,,,,,,,,,,,,,,,,,,,,,,,,,,,,,,,,,,,,,,,,,,,,,,,,,,,,,,,,,,,,,,,,,,,,,,,,,,,,,,,,,,,,,,,,,,,,,,,,,,,,,,,,,,,,,,,,,,,,,,,,,,,,,,,,,,,,,,,,,,,,,,,,,,,,,,,,,,,,,,,,,,,,,,,,,,,,,,,,,,,,,,,,,,,,,,,,,,,,,,,,,,,,,,,,,,,,,,,,,,,,,,,,,,383.0,383.0,413.0,413.0,453.0,458.0,468.0,483.0,483.0,599.0,599.0,650.0,698.0,698.0,773.0,773.0,792.0,792.0,848.0,859.0,899.0,970.0,970.0,1021.0,1022.0,1161.0,1206.0,1216.0,1281.0,1281.0,1298.0,1297.0,1380.0,1397.0,1434.0,1487.0,1487.0,1511.0,1512.0,1560.0,1597.0,1627.0,1627.0,1627.0,1626.0,1627.0,1638.0,1745.0,1783.0,1783.0,1783.0,1782.0,1783.0,1810.0,1838.0,1854.0,1861.0,1861.0,1880.0,1881.0,1902.0,1939.0,1997.0,2032.0,2032.0,2067.0,2065.0,2082.0,2127.0,2169.0,2177.0,2177.0,2216.0,2219.0,2259.0,2282.0,2295.0,2321.0,2321.0,2347.0,2354.0,2380.0,2388.0,2397.0,2395.0,2395.0,2483.0,2481.0,2498.0,2494.0,2533.0,2586.0,2586.0,2600.0,2600.0,2600.0,2623.0,2634.0,2640.0,2640.0,2671.0,2676.0,2682.0,2724.0,2743.0,2758.0,2758.0,2786.0,2791.0,2809.0,2815.0,2862.0,2880.0,2880.0,2897.0,2899.0,2928.0,2944.0,2971.0
22041.0,Franklin,Antigen Tests,,,,,,,,,,,,,,,,,,,,,,,,,,,,,,,,,,,,,,,,,,,,,,,,,,,,,,,,,,,,,,,,,,,,,,,,,,,,,,,,,,,,,,,,,,,,,,,,,,,,,,,,,,,,,,,,,,,,,,,,,,,,,,,,,,,,,,,,,,,,,,,,,,,,,,,,,,,,,,,,,,,,,,,,,,,,,,,,,,,,,,,,,,,,,,,,,,,,,,,,,,,,,,,,,,,,,,,,,,,,,,,,,,,,,,,,,,,,,,,,,,,,,,,,,,,,,,,,386.0,386.0,395.0,396.0,432.0,439.0,440.0,448.0,448.0,463.0,463.0,465.0,472.0,472.0,479.0,479.0,482.0,482.0,485.0,501.0,506.0,524.0,524.0,531.0,532.0,541.0,564.0,574.0,579.0,579.0,599.0,601.0,615.0,619.0,623.0,626.0,626.0,628.0,630.0,657.0,662.0,676.0,676.0,676.0,677.0,679.0,679.0,701.0,710.0,710.0,710.0,726.0,725.0,750.0,764.0,779.0,782.0,782.0,794.0,795.0,814.0,820.0,845.0,862.0,862.0,890.0,891.0,938.0,954.0,973.0,972.0,972.0,996.0,996.0,1001.0,1012.0,1019.0,1018.0,1018.0,1039.0,1037.0,1051.0,1066.0,1080.0,1086.0,1086.0,1095.0,1093.0,1113.0,1112.0,1125.0,1134.0,1134.0,1135.0,1134.0,1134.0,1143.0,1161.0,1163.0,1163.0,1163.0,1164.0,1168.0,1173.0,1179.0,1177.0,1177.0,1186.0,1186.0,1212.0,1225.0,1228.0,1231.0,1231.0,1239.0,1245.0,1238.0,1255.0,1273.0
22043.0,Grant,Antigen Tests,,,,,,,,,,,,,,,,,,,,,,,,,,,,,,,,,,,,,,,,,,,,,,,,,,,,,,,,,,,,,,,,,,,,,,,,,,,,,,,,,,,,,,,,,,,,,,,,,,,,,,,,,,,,,,,,,,,,,,,,,,,,,,,,,,,,,,,,,,,,,,,,,,,,,,,,,,,,,,,,,,,,,,,,,,,,,,,,,,,,,,,,,,,,,,,,,,,,,,,,,,,,,,,,,,,,,,,,,,,,,,,,,,,,,,,,,,,,,,,,,,,,,,,,,,,,,,,,386.0,386.0,406.0,406.0,409.0,441.0,448.0,454.0,454.0,461.0,461.0,494.0,498.0,498.0,509.0,509.0,511.0,511.0,548.0,556.0,581.0,609.0,609.0,636.0,636.0,692.0,813.0,841.0,953.0,953.0,990.0,990.0,1108.0,1151.0,1203.0,1239.0,1239.0,1322.0,1322.0,1358.0,1389.0,1393.0,1393.0,1393.0,1484.0,1487.0,1537.0,1689.0,1757.0,1757.0,1757.0,1779.0,1780.0,1779.0,1950.0,1998.0,2033.0,2033.0,2084.0,2083.0,2126.0,2163.0,2202.0,2231.0,2231.0,2274.0,2276.0,2276.0,2309.0,2388.0,2395.0,2395.0,2457.0,2463.0,2480.0,2578.0,2595.0,2605.0,2605.0,2639.0,2638.0,2711.0,2733.0,2774.0,2779.0,2779.0,2842.0,2853.0,2890.0,2892.0,2994.0,3011.0,3011.0,3019.0,3017.0,3017.0,3024.0,3045.0,3043.0,3043.0,3067.0,3069.0,3095.0,3121.0,3124.0,3136.0,3136.0,3162.0,3163.0,3181.0,3252.0,3257.0,3263.0,3263.0,3278.0,3281.0,3306.0,3346.0,3346.0
22045.0,Iberia,Antigen Tests,,,,,,,,,,,,,,,,,,,,,,,,,,,,,,,,,,,,,,,,,,,,,,,,,,,,,,,,,,,,,,,,,,,,,,,,,,,,,,,,,,,,,,,,,,,,,,,,,,,,,,,,,,,,,,,,,,,,,,,,,,,,,,,,,,,,,,,,,,,,,,,,,,,,,,,,,,,,,,,,,,,,,,,,,,,,,,,,,,,,,,,,,,,,,,,,,,,,,,,,,,,,,,,,,,,,,,,,,,,,,,,,,,,,,,,,,,,,,,,,,,,,,,,,,,,,,,,,1235.0,1235.0,1319.0,1327.0,1361.0,1411.0,1470.0,1517.0,1517.0,1602.0,1621.0,1655.0,1697.0,1697.0,1781.0,1781.0,1808.0,1808.0,2130.0,2168.0,2234.0,2349.0,2349.0,2558.0,2590.0,2622.0,2688.0,2744.0,2832.0,2832.0,3059.0,3082.0,3166.0,3248.0,3303.0,3471.0,3471.0,3643.0,3643.0,3701.0,3807.0,3815.0,3815.0,3815.0,3913.0,3946.0,3986.0,4206.0,4257.0,4257.0,4257.0,4434.0,4467.0,4513.0,4961.0,4994.0,5144.0,5144.0,5361.0,5389.0,5431.0,5514.0,5546.0,5746.0,5746.0,5880.0,5891.0,5934.0,6028.0,6171.0,6300.0,6300.0,6488.0,6599.0,6709.0,6790.0,6852.0,6977.0,6977.0,7170.0,7224.0,7274.0,7448.0,7508.0,7570.0,7570.0,7803.0,7866.0,7910.0,7959.0,8111.0,8189.0,8189.0,8279.0,8312.0,8312.0,8373.0,8413.0,8460.0,8460.0,8856.0,8875.0,8948.0,9001.0,9094.0,9131.0,9131.0,9216.0,9285.0,9305.0,9348.0,9403.0,9471.0,9471.0,9523.0,9569.0,9626.0,9682.0,9716.0
22047.0,Iberville,Antigen Tests,,,,,,,,,,,,,,,,,,,,,,,,,,,,,,,,,,,,,,,,,,,,,,,,,,,,,,,,,,,,,,,,,,,,,,,,,,,,,,,,,,,,,,,,,,,,,,,,,,,,,,,,,,,,,,,,,,,,,,,,,,,,,,,,,,,,,,,,,,,,,,,,,,,,,,,,,,,,,,,,,,,,,,,,,,,,,,,,,,,,,,,,,,,,,,,,,,,,,,,,,,,,,,,,,,,,,,,,,,,,,,,,,,,,,,,,,,,,,,,,,,,,,,,,,,,,,,,,238.0,238.0,293.0,294.0,316.0,362.0,379.0,411.0,411.0,446.0,446.0,518.0,535.0,535.0,571.0,571.0,572.0,572.0,627.0,640.0,657.0,705.0,705.0,738.0,733.0,752.0,842.0,870.0,917.0,917.0,967.0,963.0,1028.0,1062.0,1096.0,1143.0,1143.0,1164.0,1164.0,1202.0,1246.0,1292.0,1292.0,1292.0,1313.0,1315.0,1322.0,1370.0,1397.0,1397.0,1397.0,1409.0,1412.0,1416.0,1486.0,1501.0,1541.0,1541.0,1598.0,1600.0,1625.0,1716.0,1907.0,1988.0,1988.0,2133.0,2132.0,2140.0,2163.0,2202.0,2235.0,2235.0,2295.0,2303.0,2327.0,2378.0,2418.0,2445.0,2445.0,2506.0,2526.0,2583.0,2612.0,2656.0,2675.0,2675.0,2698.0,2707.0,2753.0,2751.0,2806.0,2832.0,2832.0,2853.0,2859.0,2859.0,3277.0,3293.0,3314.0,3314.0,3322.0,3325.0,3354.0,3366.0,3378.0,3410.0,3410.0,3461.0,3470.0,3472.0,3481.0,3485.0,3515.0,3515.0,3537.0,3529.0,3541.0,3569.0,3575.0
22049.0,Jackson,Antigen Tests,,,,,,,,,,,,,,,,,,,,,,,,,,,,,,,,,,,,,,,,,,,,,,,,,,,,,,,,,,,,,,,,,,,,,,,,,,,,,,,,,,,,,,,,,,,,,,,,,,,,,,,,,,,,,,,,,,,,,,,,,,,,,,,,,,,,,,,,,,,,,,,,,,,,,,,,,,,,,,,,,,,,,,,,,,,,,,,,,,,,,,,,,,,,,,,,,,,,,,,,,,,,,,,,,,,,,,,,,,,,,,,,,,,,,,,,,,,,,,,,,,,,,,,,,,,,,,,,445.0,445.0,453.0,454.0,473.0,492.0,512.0,520.0,520.0,524.0,523.0,568.0,582.0,582.0,589.0,589.0,588.0,588.0,614.0,648.0,669.0,699.0,699.0,729.0,730.0,745.0,781.0,808.0,815.0,815.0,841.0,844.0,852.0,868.0,916.0,937.0,937.0,958.0,956.0,987.0,1004.0,1040.0,1040.0,1040.0,1056.0,1056.0,1078.0,1115.0,1164.0,1164.0,1164.0,1171.0,1169.0,1208.0,1269.0,1272.0,1281.0,1281.0,1330.0,1326.0,1353.0,1404.0,1414.0,1441.0,1441.0,1454.0,1459.0,1491.0,1562.0,1596.0,1607.0,1607.0,1696.0,1694.0,1736.0,1801.0,1861.0,1863.0,1863.0,1881.0,1879.0,1987.0,2080.0,2122.0,2121.0,2121.0,2225.0,2223.0,2248.0,2250.0,2302.0,2371.0,2371.0,2387.0,2386.0,2386.0,2351.0,2354.0,2350.0,2350.0,2433.0,2436.0,2439.0,2485.0,2483.0,2496.0,2496.0,2508.0,2506.0,2522.0,2566.0,2573.0,2603.0,2603.0,2635.0,2635.0,2661.0,2703.0,2715.0
22051.0,Jefferson,Antigen Tests,,,,,,,,,,,,,,,,,,,,,,,,,,,,,,,,,,,,,,,,,,,,,,,,,,,,,,,,,,,,,,,,,,,,,,,,,,,,,,,,,,,,,,,,,,,,,,,,,,,,,,,,,,,,,,,,,,,,,,,,,,,,,,,,,,,,,,,,,,,,,,,,,,,,,,,,,,,,,,,,,,,,,,,,,,,,,,,,,,,,,,,,,,,,,,,,,,,,,,,,,,,,,,,,,,,,,,,,,,,,,,,,,,,,,,,,,,,,,,,,,,,,,,,,,,,,,,,,4195.0,4195.0,4373.0,4379.0,4532.0,5056.0,5183.0,5519.0,5519.0,5622.0,5622.0,6149.0,6316.0,6316.0,6499.0,6499.0,6516.0,6531.0,7230.0,7289.0,7401.0,7444.0,7444.0,7538.0,7547.0,7698.0,8818.0,8874.0,9082.0,9082.0,9198.0,9205.0,9410.0,10090.0,10267.0,10511.0,10511.0,10733.0,10737.0,11105.0,11338.0,11590.0,11590.0,11590.0,11797.0,11840.0,12058.0,12529.0,12604.0,12604.0,12604.0,12698.0,12724.0,13036.0,13412.0,13562.0,13717.0,13717.0,13910.0,13944.0,14288.0,14499.0,15532.0,16631.0,16631.0,16810.0,16839.0,17086.0,17399.0,17636.0,17742.0,17742.0,17965.0,18081.0,18224.0,18632.0,18853.0,19591.0,19591.0,19836.0,19880.0,20199.0,20689.0,20835.0,20898.0,20898.0,21161.0,21235.0,21441.0,21441.0,21897.0,22089.0,22089.0,22227.0,22262.0,22262.0,22402.0,22765.0,22888.0,22888.0,23014.0,23038.0,23235.0,23612.0,23725.0,24151.0,24151.0,24314.0,24358.0,24486.0,24562.0,24795.0,24904.0,24904.0,24980.0,25113.0,25232.0,25392.0,25433.0
22053.0,Jefferson Davis,Antigen Tests,,,,,,,,,,,,,,,,,,,,,,,,,,,,,,,,,,,,,,,,,,,,,,,,,,,,,,,,,,,,,,,,,,,,,,,,,,,,,,,,,,,,,,,,,,,,,,,,,,,,,,,,,,,,,,,,,,,,,,,,,,,,,,,,,,,,,,,,,,,,,,,,,,,,,,,,,,,,,,,,,,,,,,,,,,,,,,,,,,,,,,,,,,,,,,,,,,,,,,,,,,,,,,,,,,,,,,,,,,,,,,,,,,,,,,,,,,,,,,,,,,,,,,,,,,,,,,,,208.0,208.0,215.0,215.0,263.0,272.0,281.0,289.0,289.0,311.0,312.0,348.0,348.0,348.0,372.0,372.0,378.0,380.0,410.0,431.0,439.0,446.0,446.0,460.0,459.0,470.0,520.0,536.0,554.0,554.0,572.0,571.0,605.0,622.0,630.0,650.0,650.0,663.0,665.0,732.0,760.0,765.0,765.0,765.0,770.0,767.0,789.0,971.0,1016.0,1016.0,1016.0,1019.0,1018.0,1047.0,1215.0,1251.0,1301.0,1301.0,1338.0,1337.0,1462.0,1493.0,1540.0,1571.0,1571.0,1605.0,1602.0,1623.0,1734.0,1807.0,1810.0,1810.0,1921.0,1919.0,2068.0,2141.0,2191.0,2206.0,2206.0,2249.0,2251.0,2347.0,2389.0,2419.0,2418.0,2418.0,2470.0,2475.0,2551.0,2546.0,2609.0,2632.0,2632.0,2620.0,2630.0,2630.0,2658.0,2661.0,2661.0,2661.0,2734.0,2736.0,2809.0,2831.0,2853.0,2858.0,2858.0,2906.0,2918.0,2944.0,2944.0,2969.0,2972.0,2972.0,2989.0,3016.0,3040.0,3052.0,3069.0
22059.0,La Salle,Antigen Tests,,,,,,,,,,,,,,,,,,,,,,,,,,,,,,,,,,,,,,,,,,,,,,,,,,,,,,,,,,,,,,,,,,,,,,,,,,,,,,,,,,,,,,,,,,,,,,,,,,,,,,,,,,,,,,,,,,,,,,,,,,,,,,,,,,,,,,,,,,,,,,,,,,,,,,,,,,,,,,,,,,,,,,,,,,,,,,,,,,,,,,,,,,,,,,,,,,,,,,,,,,,,,,,,,,,,,,,,,,,,,,,,,,,,,,,,,,,,,,,,,,,,,,,,,,,,,,,,1634.0,1634.0,1723.0,1739.0,1755.0,1793.0,1844.0,1872.0,1872.0,1925.0,1934.0,1951.0,2000.0,2000.0,2055.0,2055.0,2066.0,2067.0,2109.0,2145.0,2192.0,2221.0,2221.0,2261.0,2266.0,2285.0,2337.0,2402.0,2456.0,2456.0,2532.0,2542.0,2560.0,2591.0,2654.0,2685.0,2685.0,2746.0,2746.0,2753.0,2788.0,2789.0,2789.0,2789.0,2813.0,2830.0,2850.0,2908.0,2951.0,2951.0,2951.0,3043.0,3055.0,3072.0,3155.0,3209.0,3256.0,3256.0,3331.0,3335.0,3335.0,3356.0,3364.0,3409.0,3409.0,3465.0,3466.0,3470.0,3479.0,3556.0,3582.0,3582.0,3626.0,3676.0,3709.0,3783.0,3824.0,3849.0,3849.0,3898.0,3912.0,3935.0,3989.0,4019.0,4042.0,4042.0,4086.0,4104.0,4131.0,4153.0,4232.0,4250.0,4250.0,4278.0,4293.0,4293.0,4304.0,4309.0,4316.0,4316.0,4399.0,4407.0,4426.0,4461.0,4476.0,4500.0,4500.0,4552.0,4575.0,4595.0,4631.0,4647.0,4662.0,4662.0,4696.0,4710.0,4727.0,4755.0,4775.0
22055.0,Lafayette,Antigen Tests,,,,,,,,,,,,,,,,,,,,,,,,,,,,,,,,,,,,,,,,,,,,,,,,,,,,,,,,,,,,,,,,,,,,,,,,,,,,,,,,,,,,,,,,,,,,,,,,,,,,,,,,,,,,,,,,,,,,,,,,,,,,,,,,,,,,,,,,,,,,,,,,,,,,,,,,,,,,,,,,,,,,,,,,,,,,,,,,,,,,,,,,,,,,,,,,,,,,,,,,,,,,,,,,,,,,,,,,,,,,,,,,,,,,,,,,,,,,,,,,,,,,,,,,,,,,,,,,1000.0,1000.0,1068.0,1069.0,1247.0,1329.0,1436.0,1486.0,1486.0,1566.0,1565.0,1845.0,1873.0,1873.0,2134.0,2134.0,2197.0,2198.0,2461.0,2567.0,2768.0,2865.0,2865.0,2963.0,2963.0,3161.0,3621.0,3683.0,3887.0,3887.0,4121.0,4117.0,4267.0,4560.0,4750.0,4960.0,4960.0,5116.0,5118.0,5442.0,5752.0,5888.0,5888.0,5888.0,5900.0,5898.0,6071.0,6649.0,6811.0,6811.0,6811.0,6846.0,6849.0,6956.0,7467.0,7651.0,7764.0,7764.0,7908.0,7906.0,8226.0,8432.0,8599.0,8722.0,8722.0,8891.0,8903.0,9042.0,9224.0,9409.0,9489.0,9489.0,9706.0,9712.0,9857.0,10143.0,10234.0,10335.0,10335.0,10519.0,10586.0,10761.0,10891.0,10989.0,11026.0,11026.0,11270.0,11321.0,11487.0,11491.0,11762.0,11854.0,11854.0,11880.0,11937.0,11937.0,11954.0,12055.0,12087.0,12087.0,12318.0,12336.0,12462.0,12508.0,12580.0,12648.0,12648.0,12764.0,12808.0,12951.0,13004.0,13048.0,13164.0,13164.0,13235.0,13288.0,13363.0,13403.0,13427.0
22057.0,Lafourche,Antigen Tests,,,,,,,,,,,,,,,,,,,,,,,,,,,,,,,,,,,,,,,,,,,,,,,,,,,,,,,,,,,,,,,,,,,,,,,,,,,,,,,,,,,,,,,,,,,,,,,,,,,,,,,,,,,,,,,,,,,,,,,,,,,,,,,,,,,,,,,,,,,,,,,,,,,,,,,,,,,,,,,,,,,,,,,,,,,,,,,,,,,,,,,,,,,,,,,,,,,,,,,,,,,,,,,,,,,,,,,,,,,,,,,,,,,,,,,,,,,,,,,,,,,,,,,,,,,,,,,,1551.0,1551.0,1732.0,1734.0,1963.0,1994.0,2042.0,2241.0,2241.0,2314.0,2317.0,2445.0,2510.0,2510.0,2630.0,2630.0,2756.0,2813.0,3005.0,3052.0,3104.0,3270.0,3270.0,3448.0,3464.0,3586.0,3726.0,3774.0,3865.0,3865.0,3985.0,4119.0,4208.0,4297.0,4352.0,4484.0,4484.0,4698.0,4702.0,4876.0,5005.0,5020.0,5020.0,5020.0,5035.0,5120.0,5390.0,5840.0,5908.0,5908.0,5908.0,6034.0,6041.0,6299.0,6544.0,6662.0,7027.0,7027.0,7170.0,7384.0,7686.0,8002.0,8213.0,8396.0,8396.0,8527.0,8533.0,8672.0,8963.0,9359.0,9408.0,9408.0,9744.0,9792.0,10200.0,10478.0,10575.0,10895.0,10895.0,11017.0,11015.0,11363.0,11643.0,11821.0,11844.0,11844.0,12064.0,12152.0,12505.0,12505.0,12800.0,12978.0,12978.0,13092.0,13107.0,13107.0,13329.0,13344.0,13438.0,13438.0,13677.0,13685.0,14004.0,14071.0,14205.0,14280.0,14280.0,14555.0,14597.0,14740.0,14887.0,14959.0,15124.0,15124.0,15213.0,15280.0,15366.0,15534.0,15694.0
22061.0,Lincoln,Antigen Tests,,,,,,,,,,,,,,,,,,,,,,,,,,,,,,,,,,,,,,,,,,,,,,,,,,,,,,,,,,,,,,,,,,,,,,,,,,,,,,,,,,,,,,,,,,,,,,,,,,,,,,,,,,,,,,,,,,,,,,,,,,,,,,,,,,,,,,,,,,,,,,,,,,,,,,,,,,,,,,,,,,,,,,,,,,,,,,,,,,,,,,,,,,,,,,,,,,,,,,,,,,,,,,,,,,,,,,,,,,,,,,,,,,,,,,,,,,,,,,,,,,,,,,,,,,,,,,,,1648.0,1648.0,1739.0,1738.0,1975.0,2217.0,2303.0,2341.0,2341.0,2389.0,2389.0,2638.0,2684.0,2684.0,2726.0,2726.0,2768.0,2768.0,3178.0,3093.0,3162.0,3380.0,3380.0,3766.0,3765.0,3970.0,4081.0,4224.0,4329.0,4329.0,4558.0,4556.0,4526.0,4539.0,4856.0,4992.0,4992.0,5248.0,5252.0,5258.0,5347.0,5496.0,5496.0,5496.0,5655.0,5656.0,5849.0,5901.0,6105.0,6105.0,6105.0,6112.0,6111.0,6355.0,6533.0,6549.0,6569.0,6569.0,6849.0,6855.0,6917.0,7144.0,7206.0,7289.0,7289.0,7423.0,7417.0,7398.0,7614.0,7730.0,7805.0,7805.0,8011.0,8012.0,8101.0,8203.0,8359.0,8377.0,8377.0,8631.0,8640.0,8726.0,8995.0,9031.0,9043.0,9043.0,9173.0,9180.0,9285.0,9294.0,9485.0,9583.0,9583.0,9657.0,9660.0,9660.0,9608.0,9922.0,9916.0,9916.0,9940.0,9926.0,10250.0,10375.0,10390.0,10481.0,10481.0,10527.0,10556.0,10735.0,10803.0,10865.0,10958.0,10958.0,11200.0,11249.0,11233.0,11230.0,11463.0
22063.0,Livingston,Antigen Tests,,,,,,,,,,,,,,,,,,,,,,,,,,,,,,,,,,,,,,,,,,,,,,,,,,,,,,,,,,,,,,,,,,,,,,,,,,,,,,,,,,,,,,,,,,,,,,,,,,,,,,,,,,,,,,,,,,,,,,,,,,,,,,,,,,,,,,,,,,,,,,,,,,,,,,,,,,,,,,,,,,,,,,,,,,,,,,,,,,,,,,,,,,,,,,,,,,,,,,,,,,,,,,,,,,,,,,,,,,,,,,,,,,,,,,,,,,,,,,,,,,,,,,,,,,,,,,,,2801.0,2801.0,2899.0,2917.0,3003.0,3244.0,3378.0,3575.0,3575.0,3684.0,3696.0,4158.0,4182.0,4182.0,4279.0,4279.0,4313.0,4311.0,4765.0,4856.0,4929.0,5017.0,5017.0,5100.0,5113.0,5222.0,6005.0,6068.0,6426.0,6426.0,6649.0,6656.0,6769.0,7257.0,7463.0,7577.0,7577.0,7741.0,7742.0,7949.0,8105.0,8202.0,8202.0,8202.0,8277.0,8291.0,8492.0,8827.0,8975.0,8975.0,8975.0,9045.0,9060.0,9182.0,9552.0,9710.0,9894.0,9894.0,10022.0,10027.0,10585.0,10780.0,11533.0,11941.0,11941.0,12323.0,12346.0,12606.0,12783.0,13199.0,13240.0,13240.0,13391.0,13433.0,13568.0,14012.0,14268.0,14460.0,14460.0,14724.0,14852.0,15231.0,15537.0,15765.0,15862.0,15862.0,16003.0,16053.0,16329.0,16352.0,16788.0,16912.0,16912.0,16990.0,17008.0,17008.0,17034.0,17190.0,17267.0,17267.0,17581.0,17616.0,17850.0,17936.0,18041.0,18116.0,18116.0,18400.0,18437.0,18586.0,18717.0,18818.0,18869.0,18869.0,18968.0,19024.0,19169.0,19254.0,19290.0
22065.0,Madison,Antigen Tests,,,,,,,,,,,,,,,,,,,,,,,,,,,,,,,,,,,,,,,,,,,,,,,,,,,,,,,,,,,,,,,,,,,,,,,,,,,,,,,,,,,,,,,,,,,,,,,,,,,,,,,,,,,,,,,,,,,,,,,,,,,,,,,,,,,,,,,,,,,,,,,,,,,,,,,,,,,,,,,,,,,,,,,,,,,,,,,,,,,,,,,,,,,,,,,,,,,,,,,,,,,,,,,,,,,,,,,,,,,,,,,,,,,,,,,,,,,,,,,,,,,,,,,,,,,,,,,,270.0,270.0,279.0,280.0,281.0,286.0,304.0,308.0,308.0,312.0,313.0,325.0,337.0,337.0,347.0,347.0,347.0,347.0,355.0,401.0,407.0,427.0,427.0,438.0,439.0,449.0,464.0,465.0,468.0,468.0,492.0,491.0,510.0,522.0,538.0,542.0,542.0,561.0,563.0,569.0,586.0,593.0,593.0,593.0,621.0,621.0,638.0,653.0,668.0,668.0,668.0,679.0,680.0,709.0,716.0,733.0,734.0,734.0,754.0,761.0,767.0,774.0,788.0,835.0,835.0,847.0,847.0,869.0,872.0,887.0,892.0,892.0,914.0,914.0,921.0,927.0,940.0,944.0,944.0,981.0,982.0,1003.0,1005.0,1009.0,1008.0,1008.0,1030.0,1050.0,1061.0,1063.0,1089.0,1096.0,1096.0,1099.0,1102.0,1102.0,1113.0,1120.0,1124.0,1124.0,1125.0,1128.0,1150.0,1265.0,1277.0,1291.0,1291.0,1299.0,1301.0,1330.0,1342.0,1357.0,1362.0,1362.0,1376.0,1384.0,1398.0,1403.0,1422.0
22067.0,Morehouse,Antigen Tests,,,,,,,,,,,,,,,,,,,,,,,,,,,,,,,,,,,,,,,,,,,,,,,,,,,,,,,,,,,,,,,,,,,,,,,,,,,,,,,,,,,,,,,,,,,,,,,,,,,,,,,,,,,,,,,,,,,,,,,,,,,,,,,,,,,,,,,,,,,,,,,,,,,,,,,,,,,,,,,,,,,,,,,,,,,,,,,,,,,,,,,,,,,,,,,,,,,,,,,,,,,,,,,,,,,,,,,,,,,,,,,,,,,,,,,,,,,,,,,,,,,,,,,,,,,,,,,,274.0,274.0,296.0,296.0,333.0,345.0,411.0,448.0,448.0,508.0,508.0,540.0,550.0,550.0,584.0,584.0,589.0,589.0,606.0,621.0,678.0,733.0,733.0,796.0,798.0,844.0,862.0,872.0,923.0,923.0,997.0,996.0,1031.0,1073.0,1133.0,1187.0,1187.0,1213.0,1213.0,1227.0,1281.0,1289.0,1289.0,1289.0,1289.0,1288.0,1291.0,1432.0,1523.0,1523.0,1523.0,1535.0,1536.0,1591.0,1741.0,1804.0,1830.0,1830.0,1865.0,1867.0,1927.0,1958.0,1998.0,2025.0,2025.0,2076.0,2077.0,2112.0,2130.0,2188.0,2201.0,2201.0,2347.0,2349.0,2351.0,2375.0,2390.0,2420.0,2420.0,2443.0,2456.0,2461.0,2523.0,2539.0,2537.0,2537.0,2563.0,2566.0,2576.0,2578.0,2611.0,2619.0,2619.0,2619.0,2627.0,2627.0,2627.0,2630.0,2646.0,2646.0,2698.0,2701.0,2721.0,2721.0,2738.0,2745.0,2745.0,2758.0,2757.0,2759.0,2761.0,2766.0,2776.0,2776.0,2780.0,2784.0,2798.0,2808.0,2807.0
22069.0,Natchitoches,Antigen Tests,,,,,,,,,,,,,,,,,,,,,,,,,,,,,,,,,,,,,,,,,,,,,,,,,,,,,,,,,,,,,,,,,,,,,,,,,,,,,,,,,,,,,,,,,,,,,,,,,,,,,,,,,,,,,,,,,,,,,,,,,,,,,,,,,,,,,,,,,,,,,,,,,,,,,,,,,,,,,,,,,,,,,,,,,,,,,,,,,,,,,,,,,,,,,,,,,,,,,,,,,,,,,,,,,,,,,,,,,,,,,,,,,,,,,,,,,,,,,,,,,,,,,,,,,,,,,,,,467.0,467.0,496.0,497.0,535.0,566.0,576.0,581.0,581.0,628.0,629.0,671.0,674.0,674.0,702.0,702.0,737.0,738.0,767.0,794.0,800.0,844.0,844.0,919.0,922.0,1139.0,1177.0,1299.0,1358.0,1358.0,1396.0,1396.0,1466.0,1471.0,1530.0,1574.0,1574.0,1628.0,1625.0,1690.0,1735.0,1749.0,1749.0,1749.0,1764.0,1772.0,1783.0,1987.0,2090.0,2090.0,2090.0,2102.0,2100.0,2127.0,2427.0,2505.0,2641.0,2641.0,2731.0,2733.0,2912.0,3027.0,3075.0,3162.0,3162.0,3230.0,3227.0,3266.0,3474.0,3579.0,3590.0,3590.0,3767.0,3795.0,3924.0,4005.0,4092.0,4124.0,4124.0,4200.0,4197.0,4423.0,4494.0,4597.0,4608.0,4608.0,4775.0,4776.0,4994.0,4998.0,5081.0,5170.0,5170.0,5286.0,5283.0,5283.0,5353.0,5365.0,5364.0,5364.0,5467.0,5468.0,5578.0,5703.0,5712.0,5740.0,5740.0,5918.0,5946.0,6075.0,6096.0,6173.0,6181.0,6181.0,6268.0,6385.0,6501.0,6512.0,6568.0
22071.0,Orleans,Antigen Tests,,,,,,,,,,,,,,,,,,,,,,,,,,,,,,,,,,,,,,,,,,,,,,,,,,,,,,,,,,,,,,,,,,,,,,,,,,,,,,,,,,,,,,,,,,,,,,,,,,,,,,,,,,,,,,,,,,,,,,,,,,,,,,,,,,,,,,,,,,,,,,,,,,,,,,,,,,,,,,,,,,,,,,,,,,,,,,,,,,,,,,,,,,,,,,,,,,,,,,,,,,,,,,,,,,,,,,,,,,,,,,,,,,,,,,,,,,,,,,,,,,,,,,,,,,,,,,,,4124.0,4124.0,4274.0,4294.0,4494.0,4765.0,4897.0,5106.0,5106.0,5320.0,5341.0,5620.0,5716.0,5716.0,6014.0,6014.0,6080.0,6080.0,6597.0,6692.0,6909.0,6968.0,6968.0,7140.0,7162.0,7334.0,7863.0,8130.0,8306.0,8306.0,8535.0,8561.0,8772.0,9088.0,9340.0,9758.0,9758.0,10088.0,10112.0,10519.0,10791.0,11116.0,11116.0,11116.0,11370.0,11433.0,11624.0,12036.0,12154.0,12154.0,12154.0,12212.0,12235.0,12623.0,12956.0,13107.0,13231.0,13231.0,13385.0,13417.0,13730.0,13965.0,14522.0,15015.0,15015.0,15252.0,15293.0,15420.0,15696.0,15931.0,16056.0,16056.0,16246.0,16392.0,16519.0,16840.0,16950.0,17505.0,17505.0,17832.0,17874.0,18343.0,18666.0,18816.0,18927.0,18927.0,19271.0,19403.0,19850.0,19847.0,20324.0,20547.0,20547.0,20798.0,20854.0,20854.0,21073.0,21386.0,21511.0,21511.0,21845.0,21895.0,22125.0,23512.0,23825.0,24146.0,24146.0,24450.0,24520.0,24695.0,24814.0,24986.0,25149.0,25149.0,25284.0,25419.0,25526.0,25891.0,25972.0
22073.0,Ouachita,Antigen Tests,,,,,,,,,,,,,,,,,,,,,,,,,,,,,,,,,,,,,,,,,,,,,,,,,,,,,,,,,,,,,,,,,,,,,,,,,,,,,,,,,,,,,,,,,,,,,,,,,,,,,,,,,,,,,,,,,,,,,,,,,,,,,,,,,,,,,,,,,,,,,,,,,,,,,,,,,,,,,,,,,,,,,,,,,,,,,,,,,,,,,,,,,,,,,,,,,,,,,,,,,,,,,,,,,,,,,,,,,,,,,,,,,,,,,,,,,,,,,,,,,,,,,,,,,,,,,,,,1013.0,1013.0,1077.0,1076.0,1165.0,1347.0,1448.0,1529.0,1529.0,1648.0,1650.0,1784.0,1870.0,1870.0,1933.0,1933.0,1963.0,1962.0,2022.0,2133.0,2227.0,2327.0,2327.0,2444.0,2444.0,2529.0,2788.0,2848.0,2965.0,2965.0,3100.0,3101.0,3204.0,3326.0,3458.0,3567.0,3567.0,3642.0,3639.0,3806.0,3965.0,4049.0,4049.0,4049.0,4070.0,4068.0,4235.0,4538.0,4744.0,4744.0,4744.0,4746.0,4748.0,4933.0,5270.0,5409.0,5550.0,5550.0,5700.0,5707.0,5908.0,6069.0,6215.0,6369.0,6369.0,6485.0,6490.0,6519.0,6630.0,6798.0,6826.0,6826.0,7010.0,7034.0,7161.0,7306.0,7449.0,7531.0,7531.0,7616.0,7623.0,7706.0,7806.0,7928.0,7937.0,7937.0,8027.0,8045.0,8182.0,8188.0,8341.0,8409.0,8409.0,8489.0,8497.0,8497.0,8523.0,8524.0,8528.0,8528.0,8561.0,8563.0,8663.0,8684.0,8718.0,8740.0,8740.0,8772.0,8781.0,8828.0,8852.0,8883.0,8913.0,8913.0,8943.0,8971.0,9014.0,9042.0,9071.0
99999.0,Out of State,Antigen Tests,,,,,,,,,,,,,,,,,,,,,,,,,,,,,,,,,,,,,,,,,,,,,,,,,,,,,,,,,,,,,,,,,,,,,,,,,,,,,,,,,,,,,,,,,,,,,,,,,,,,,,,,,,,,,,,,,,,,,,,,,,,,,,,,,,,,,,,,,,,,,,,,,,,,,,,,,,,,,,,,,,,,,,,,,,,,,,,,,,,,,,,,,,,,,,,,,,,,,,,,,,,,,,,,,,,,,,,,,,,,,,,,,,,,,,,,,,,,,,,,,,,,,,,,,,,,,,,,2573.0,2573.0,2710.0,2715.0,2666.0,2869.0,2962.0,3129.0,3129.0,3208.0,3212.0,3412.0,3478.0,3478.0,3577.0,3577.0,3608.0,3611.0,4000.0,4099.0,4150.0,4273.0,4273.0,4379.0,4380.0,4509.0,4632.0,4750.0,4833.0,4833.0,4970.0,4964.0,4966.0,5155.0,5261.0,5434.0,5434.0,5618.0,5622.0,5729.0,5960.0,6052.0,6052.0,6052.0,6187.0,6187.0,6340.0,6798.0,6959.0,6959.0,6959.0,7013.0,7009.0,7093.0,7451.0,7571.0,7699.0,7699.0,7925.0,7939.0,8045.0,8394.0,8796.0,9200.0,9200.0,9411.0,9418.0,9276.0,9526.0,9780.0,9819.0,9819.0,10114.0,10164.0,10163.0,10446.0,10633.0,10825.0,10825.0,11044.0,11060.0,11253.0,11579.0,11965.0,12025.0,12025.0,12362.0,12396.0,12497.0,12488.0,12719.0,12978.0,12978.0,13177.0,13190.0,13190.0,13142.0,13267.0,13386.0,13386.0,13599.0,13609.0,13822.0,14137.0,14292.0,14395.0,14395.0,14741.0,14862.0,14729.0,14824.0,14994.0,15254.0,15254.0,15382.0,15574.0,15736.0,15856.0,15910.0
,Parish Under Investigation,Antigen Tests,,,,,,,,,,,,,,,,,,,,,,,,,,,,,,,,,,,,,,,,,,,,,,,,,,,,,,,,,,,,,,,,,,,,,,,,,,,,,,,,,,,,,,,,,,,,,,,,,,,,,,,,,,,,,,,,,,,,,,,,,,,,,,,,,,,,,,,,,,,,,,,,,,,,,,,,,,,,,,,,,,,,,,,,,,,,,,,,,,,,,,,,,,,,,,,,,,,,,,,,,,,,,,,,,,,,,,,,,,,,,,,,,,,,,,,,,,,,,,,,,,,,,,,,,,,,,,,,3.0,3.0,3.0,4.0,2.0,4.0,4.0,9.0,9.0,8.0,8.0,2.0,2.0,2.0,2.0,2.0,2.0,2.0,6.0,6.0,6.0,11.0,11.0,11.0,12.0,12.0,9.0,10.0,10.0,10.0,9.0,9.0,9.0,11.0,12.0,10.0,10.0,11.0,10.0,9.0,11.0,10.0,10.0,10.0,10.0,10.0,11.0,10.0,9.0,9.0,9.0,9.0,9.0,10.0,11.0,11.0,11.0,11.0,10.0,11.0,10.0,9.0,11.0,17.0,17.0,18.0,17.0,9.0,10.0,11.0,10.0,10.0,12.0,12.0,10.0,13.0,10.0,16.0,16.0,17.0,16.0,11.0,14.0,14.0,17.0,17.0,15.0,14.0,14.0,15.0,13.0,13.0,13.0,14.0,15.0,15.0,12.0,18.0,14.0,14.0,18.0,19.0,14.0,16.0,16.0,15.0,15.0,16.0,12.0,15.0,16.0,16.0,17.0,17.0,15.0,17.0,15.0,15.0,16.0
22075.0,Plaquemines,Antigen Tests,,,,,,,,,,,,,,,,,,,,,,,,,,,,,,,,,,,,,,,,,,,,,,,,,,,,,,,,,,,,,,,,,,,,,,,,,,,,,,,,,,,,,,,,,,,,,,,,,,,,,,,,,,,,,,,,,,,,,,,,,,,,,,,,,,,,,,,,,,,,,,,,,,,,,,,,,,,,,,,,,,,,,,,,,,,,,,,,,,,,,,,,,,,,,,,,,,,,,,,,,,,,,,,,,,,,,,,,,,,,,,,,,,,,,,,,,,,,,,,,,,,,,,,,,,,,,,,,926.0,926.0,960.0,960.0,968.0,997.0,1047.0,1056.0,1056.0,1104.0,1104.0,1143.0,1200.0,1200.0,1269.0,1269.0,1269.0,1269.0,1364.0,1394.0,1500.0,1539.0,1539.0,1669.0,1669.0,1774.0,1842.0,1886.0,1897.0,1897.0,1980.0,1981.0,2052.0,2098.0,2136.0,2204.0,2204.0,2272.0,2272.0,2380.0,2422.0,2453.0,2453.0,2453.0,2466.0,2469.0,2484.0,2703.0,2745.0,2745.0,2745.0,2746.0,2746.0,2757.0,3045.0,3110.0,3144.0,3144.0,3161.0,3159.0,3270.0,3337.0,3394.0,3440.0,3440.0,3468.0,3469.0,3481.0,3593.0,3636.0,3635.0,3635.0,3692.0,3699.0,3775.0,3826.0,3891.0,3901.0,3901.0,3922.0,3922.0,3993.0,4014.0,4047.0,4053.0,4053.0,4089.0,4091.0,4144.0,4145.0,4195.0,4232.0,4232.0,4236.0,4239.0,4239.0,4242.0,4253.0,4256.0,4256.0,4318.0,4319.0,4379.0,4406.0,4409.0,4426.0,4426.0,4489.0,4491.0,4503.0,4548.0,4564.0,4592.0,4592.0,4605.0,4624.0,4636.0,4644.0,4649.0
22077.0,Pointe Coupee,Antigen Tests,,,,,,,,,,,,,,,,,,,,,,,,,,,,,,,,,,,,,,,,,,,,,,,,,,,,,,,,,,,,,,,,,,,,,,,,,,,,,,,,,,,,,,,,,,,,,,,,,,,,,,,,,,,,,,,,,,,,,,,,,,,,,,,,,,,,,,,,,,,,,,,,,,,,,,,,,,,,,,,,,,,,,,,,,,,,,,,,,,,,,,,,,,,,,,,,,,,,,,,,,,,,,,,,,,,,,,,,,,,,,,,,,,,,,,,,,,,,,,,,,,,,,,,,,,,,,,,,355.0,355.0,380.0,381.0,405.0,428.0,460.0,498.0,498.0,587.0,586.0,631.0,658.0,658.0,697.0,697.0,698.0,697.0,731.0,780.0,848.0,944.0,944.0,1003.0,1005.0,1051.0,1141.0,1153.0,1204.0,1204.0,1237.0,1241.0,1303.0,1319.0,1373.0,1419.0,1419.0,1443.0,1440.0,1854.0,1883.0,1887.0,1887.0,1887.0,1883.0,1884.0,1892.0,2003.0,2042.0,2042.0,2042.0,2046.0,2046.0,2064.0,2211.0,2232.0,2261.0,2261.0,2290.0,2290.0,2344.0,2406.0,2501.0,2531.0,2531.0,2584.0,2586.0,2619.0,2680.0,2779.0,2856.0,2856.0,2921.0,2924.0,2948.0,3011.0,3054.0,3068.0,3068.0,3106.0,3105.0,3149.0,3180.0,3215.0,3206.0,3206.0,3259.0,3262.0,3287.0,3294.0,3340.0,3373.0,3373.0,3382.0,3374.0,3374.0,3389.0,3393.0,3402.0,3402.0,3433.0,3435.0,3455.0,3477.0,3487.0,3493.0,3493.0,3512.0,3511.0,3533.0,3543.0,3547.0,3552.0,3552.0,3558.0,3561.0,3577.0,3617.0,3625.0
22079.0,Rapides,Antigen Tests,,,,,,,,,,,,,,,,,,,,,,,,,,,,,,,,,,,,,,,,,,,,,,,,,,,,,,,,,,,,,,,,,,,,,,,,,,,,,,,,,,,,,,,,,,,,,,,,,,,,,,,,,,,,,,,,,,,,,,,,,,,,,,,,,,,,,,,,,,,,,,,,,,,,,,,,,,,,,,,,,,,,,,,,,,,,,,,,,,,,,,,,,,,,,,,,,,,,,,,,,,,,,,,,,,,,,,,,,,,,,,,,,,,,,,,,,,,,,,,,,,,,,,,,,,,,,,,,2638.0,2638.0,2803.0,2804.0,2886.0,3032.0,3103.0,3154.0,3154.0,3218.0,3218.0,3546.0,3608.0,3608.0,3714.0,3714.0,3720.0,3719.0,4018.0,4148.0,4409.0,4429.0,4429.0,4572.0,4570.0,4717.0,5076.0,5137.0,5301.0,5301.0,5491.0,5493.0,5753.0,6003.0,6136.0,6245.0,6245.0,6380.0,6379.0,6746.0,6859.0,6922.0,6922.0,6922.0,6929.0,6929.0,7110.0,7795.0,7933.0,7933.0,7933.0,7940.0,7940.0,8006.0,9014.0,9121.0,9284.0,9284.0,9445.0,9446.0,9940.0,10100.0,10315.0,10376.0,10376.0,10663.0,10668.0,10791.0,11002.0,11263.0,11277.0,11277.0,11498.0,11510.0,11638.0,12141.0,12213.0,12286.0,12286.0,12426.0,12429.0,12689.0,12774.0,12886.0,12914.0,12914.0,13038.0,13039.0,13269.0,13275.0,13559.0,13637.0,13637.0,13647.0,13656.0,13656.0,13587.0,13700.0,13705.0,13705.0,13856.0,13855.0,13960.0,14001.0,14060.0,14143.0,14143.0,14268.0,14285.0,14360.0,14429.0,14463.0,14497.0,14497.0,14532.0,14566.0,14740.0,14765.0,14795.0
22081.0,Red River,Antigen Tests,,,,,,,,,,,,,,,,,,,,,,,,,,,,,,,,,,,,,,,,,,,,,,,,,,,,,,,,,,,,,,,,,,,,,,,,,,,,,,,,,,,,,,,,,,,,,,,,,,,,,,,,,,,,,,,,,,,,,,,,,,,,,,,,,,,,,,,,,,,,,,,,,,,,,,,,,,,,,,,,,,,,,,,,,,,,,,,,,,,,,,,,,,,,,,,,,,,,,,,,,,,,,,,,,,,,,,,,,,,,,,,,,,,,,,,,,,,,,,,,,,,,,,,,,,,,,,,,29.0,29.0,31.0,31.0,30.0,32.0,34.0,34.0,34.0,33.0,34.0,33.0,33.0,33.0,33.0,33.0,33.0,34.0,35.0,35.0,38.0,39.0,39.0,40.0,40.0,61.0,62.0,69.0,74.0,74.0,80.0,80.0,81.0,82.0,93.0,94.0,94.0,97.0,98.0,106.0,108.0,110.0,110.0,110.0,110.0,110.0,113.0,125.0,130.0,130.0,130.0,135.0,136.0,152.0,170.0,179.0,197.0,197.0,207.0,207.0,222.0,227.0,233.0,244.0,244.0,253.0,251.0,261.0,268.0,277.0,284.0,284.0,300.0,299.0,319.0,333.0,341.0,352.0,352.0,356.0,358.0,371.0,386.0,416.0,417.0,417.0,432.0,429.0,436.0,440.0,444.0,449.0,449.0,454.0,450.0,450.0,461.0,455.0,457.0,457.0,462.0,464.0,465.0,468.0,470.0,475.0,475.0,479.0,483.0,492.0,494.0,499.0,503.0,503.0,503.0,509.0,516.0,519.0,514.0
22083.0,Richland,Antigen Tests,,,,,,,,,,,,,,,,,,,,,,,,,,,,,,,,,,,,,,,,,,,,,,,,,,,,,,,,,,,,,,,,,,,,,,,,,,,,,,,,,,,,,,,,,,,,,,,,,,,,,,,,,,,,,,,,,,,,,,,,,,,,,,,,,,,,,,,,,,,,,,,,,,,,,,,,,,,,,,,,,,,,,,,,,,,,,,,,,,,,,,,,,,,,,,,,,,,,,,,,,,,,,,,,,,,,,,,,,,,,,,,,,,,,,,,,,,,,,,,,,,,,,,,,,,,,,,,,1043.0,1043.0,1062.0,1064.0,1045.0,1061.0,1117.0,1151.0,1151.0,1168.0,1172.0,1188.0,1210.0,1210.0,1266.0,1266.0,1270.0,1270.0,1335.0,1353.0,1450.0,1463.0,1463.0,1478.0,1478.0,1487.0,1539.0,1549.0,1556.0,1556.0,1591.0,1592.0,1609.0,1622.0,1639.0,1682.0,1682.0,1700.0,1700.0,1706.0,1737.0,1739.0,1739.0,1739.0,1742.0,1745.0,1751.0,1790.0,1818.0,1818.0,1818.0,1844.0,1849.0,1859.0,1896.0,1909.0,1933.0,1933.0,2018.0,2021.0,2026.0,2069.0,2111.0,2221.0,2221.0,2288.0,2289.0,2267.0,2342.0,2431.0,2437.0,2437.0,2496.0,2507.0,2530.0,2579.0,2597.0,2687.0,2687.0,2716.0,2733.0,2742.0,2774.0,2829.0,2832.0,2832.0,2896.0,2916.0,2934.0,2941.0,3012.0,3048.0,3048.0,3059.0,3081.0,3081.0,3130.0,3144.0,3168.0,3168.0,3226.0,3227.0,3268.0,3328.0,3347.0,3351.0,3351.0,3375.0,3385.0,3516.0,3535.0,3554.0,3556.0,3556.0,3561.0,3575.0,3658.0,3657.0,3667.0
22085.0,Sabine,Antigen Tests,,,,,,,,,,,,,,,,,,,,,,,,,,,,,,,,,,,,,,,,,,,,,,,,,,,,,,,,,,,,,,,,,,,,,,,,,,,,,,,,,,,,,,,,,,,,,,,,,,,,,,,,,,,,,,,,,,,,,,,,,,,,,,,,,,,,,,,,,,,,,,,,,,,,,,,,,,,,,,,,,,,,,,,,,,,,,,,,,,,,,,,,,,,,,,,,,,,,,,,,,,,,,,,,,,,,,,,,,,,,,,,,,,,,,,,,,,,,,,,,,,,,,,,,,,,,,,,,732.0,732.0,769.0,773.0,802.0,827.0,845.0,869.0,869.0,915.0,918.0,959.0,977.0,977.0,1053.0,1053.0,1070.0,1068.0,1095.0,1142.0,1172.0,1187.0,1187.0,1208.0,1211.0,1233.0,1301.0,1304.0,1319.0,1319.0,1356.0,1364.0,1392.0,1422.0,1454.0,1475.0,1475.0,1509.0,1510.0,1556.0,1586.0,1593.0,1593.0,1593.0,1598.0,1604.0,1614.0,1692.0,1737.0,1737.0,1737.0,1792.0,1802.0,1852.0,1958.0,2027.0,2064.0,2064.0,2134.0,2135.0,2181.0,2213.0,2219.0,2268.0,2268.0,2335.0,2346.0,2371.0,2404.0,2505.0,2552.0,2552.0,2645.0,2679.0,2696.0,2775.0,2835.0,2864.0,2864.0,2935.0,2940.0,2957.0,3027.0,3074.0,3094.0,3094.0,3124.0,3144.0,3188.0,3230.0,3240.0,3271.0,3271.0,3264.0,3277.0,3277.0,3281.0,3281.0,3283.0,3283.0,3304.0,3307.0,3333.0,3342.0,3367.0,3381.0,3381.0,3404.0,3407.0,3421.0,3452.0,3471.0,3475.0,3475.0,3500.0,3511.0,3526.0,3540.0,3552.0
22087.0,St. Bernard,Antigen Tests,,,,,,,,,,,,,,,,,,,,,,,,,,,,,,,,,,,,,,,,,,,,,,,,,,,,,,,,,,,,,,,,,,,,,,,,,,,,,,,,,,,,,,,,,,,,,,,,,,,,,,,,,,,,,,,,,,,,,,,,,,,,,,,,,,,,,,,,,,,,,,,,,,,,,,,,,,,,,,,,,,,,,,,,,,,,,,,,,,,,,,,,,,,,,,,,,,,,,,,,,,,,,,,,,,,,,,,,,,,,,,,,,,,,,,,,,,,,,,,,,,,,,,,,,,,,,,,,304.0,304.0,337.0,339.0,355.0,393.0,411.0,423.0,423.0,472.0,472.0,547.0,582.0,582.0,592.0,592.0,592.0,592.0,674.0,721.0,787.0,814.0,814.0,864.0,866.0,941.0,987.0,996.0,1051.0,1051.0,1079.0,1082.0,1148.0,1167.0,1183.0,1205.0,1205.0,1218.0,1220.0,1238.0,1271.0,1326.0,1326.0,1326.0,1329.0,1332.0,1336.0,1605.0,1674.0,1674.0,1674.0,1676.0,1676.0,1683.0,1952.0,2012.0,2149.0,2149.0,2231.0,2233.0,2365.0,2549.0,2627.0,2681.0,2681.0,2725.0,2729.0,2746.0,2947.0,3043.0,3055.0,3055.0,3198.0,3207.0,3273.0,3417.0,3479.0,3559.0,3559.0,3631.0,3634.0,3803.0,3860.0,3922.0,3932.0,3932.0,4019.0,4024.0,4125.0,4124.0,4261.0,4329.0,4329.0,4345.0,4346.0,4346.0,4355.0,4393.0,4403.0,4403.0,4501.0,4506.0,4568.0,4707.0,4744.0,4756.0,4756.0,4836.0,4842.0,4892.0,4895.0,4933.0,4962.0,4962.0,4993.0,5016.0,5039.0,5102.0,5125.0
22089.0,St. Charles,Antigen Tests,,,,,,,,,,,,,,,,,,,,,,,,,,,,,,,,,,,,,,,,,,,,,,,,,,,,,,,,,,,,,,,,,,,,,,,,,,,,,,,,,,,,,,,,,,,,,,,,,,,,,,,,,,,,,,,,,,,,,,,,,,,,,,,,,,,,,,,,,,,,,,,,,,,,,,,,,,,,,,,,,,,,,,,,,,,,,,,,,,,,,,,,,,,,,,,,,,,,,,,,,,,,,,,,,,,,,,,,,,,,,,,,,,,,,,,,,,,,,,,,,,,,,,,,,,,,,,,,1201.0,1201.0,1249.0,1249.0,1270.0,1296.0,1307.0,1401.0,1401.0,1407.0,1408.0,1453.0,1464.0,1464.0,1556.0,1556.0,1559.0,1670.0,1697.0,1711.0,1722.0,1795.0,1795.0,1806.0,1805.0,1816.0,1870.0,1877.0,1887.0,1887.0,1898.0,1919.0,1951.0,1979.0,2161.0,2303.0,2303.0,2318.0,2318.0,2360.0,2388.0,2493.0,2493.0,2493.0,2612.0,2624.0,2640.0,2692.0,2698.0,2698.0,2698.0,2711.0,2714.0,2749.0,2786.0,2794.0,2805.0,2805.0,2828.0,2841.0,2864.0,2887.0,3198.0,3363.0,3363.0,3375.0,3375.0,3401.0,3491.0,3660.0,3676.0,3676.0,3696.0,3703.0,3742.0,3767.0,3804.0,3876.0,3876.0,3896.0,3896.0,3915.0,3951.0,3966.0,3971.0,3971.0,3983.0,3989.0,4014.0,4018.0,4058.0,4099.0,4099.0,4112.0,4118.0,4118.0,4145.0,4167.0,4176.0,4176.0,4264.0,4260.0,4300.0,4325.0,4342.0,4390.0,4390.0,4410.0,4415.0,4438.0,4455.0,4475.0,4484.0,4484.0,4505.0,4548.0,4562.0,4588.0,4593.0
22091.0,St. Helena,Antigen Tests,,,,,,,,,,,,,,,,,,,,,,,,,,,,,,,,,,,,,,,,,,,,,,,,,,,,,,,,,,,,,,,,,,,,,,,,,,,,,,,,,,,,,,,,,,,,,,,,,,,,,,,,,,,,,,,,,,,,,,,,,,,,,,,,,,,,,,,,,,,,,,,,,,,,,,,,,,,,,,,,,,,,,,,,,,,,,,,,,,,,,,,,,,,,,,,,,,,,,,,,,,,,,,,,,,,,,,,,,,,,,,,,,,,,,,,,,,,,,,,,,,,,,,,,,,,,,,,,493.0,493.0,556.0,554.0,611.0,645.0,656.0,663.0,663.0,665.0,678.0,748.0,746.0,746.0,757.0,757.0,759.0,753.0,774.0,962.0,1137.0,1188.0,1188.0,1204.0,1210.0,1245.0,1466.0,1492.0,1503.0,1503.0,1533.0,1532.0,1614.0,1653.0,1687.0,1714.0,1714.0,1716.0,1721.0,1797.0,1835.0,1822.0,1822.0,1822.0,1838.0,1847.0,1887.0,1998.0,2028.0,2028.0,2028.0,2025.0,2029.0,2056.0,2096.0,2133.0,2182.0,2182.0,2302.0,2305.0,2416.0,2540.0,2615.0,2739.0,2739.0,2760.0,2755.0,2957.0,2961.0,2985.0,2975.0,2975.0,3007.0,3003.0,3081.0,3106.0,3124.0,3160.0,3160.0,3166.0,3167.0,3266.0,3311.0,3300.0,3307.0,3307.0,3326.0,3333.0,3384.0,3402.0,3402.0,3413.0,3413.0,3415.0,3400.0,3400.0,3471.0,3471.0,3469.0,3469.0,3474.0,3456.0,3512.0,3514.0,3516.0,3526.0,3526.0,3529.0,3530.0,3569.0,3578.0,3584.0,3589.0,3589.0,3577.0,3604.0,3639.0,3656.0,3656.0
22093.0,St. James,Antigen Tests,,,,,,,,,,,,,,,,,,,,,,,,,,,,,,,,,,,,,,,,,,,,,,,,,,,,,,,,,,,,,,,,,,,,,,,,,,,,,,,,,,,,,,,,,,,,,,,,,,,,,,,,,,,,,,,,,,,,,,,,,,,,,,,,,,,,,,,,,,,,,,,,,,,,,,,,,,,,,,,,,,,,,,,,,,,,,,,,,,,,,,,,,,,,,,,,,,,,,,,,,,,,,,,,,,,,,,,,,,,,,,,,,,,,,,,,,,,,,,,,,,,,,,,,,,,,,,,,131.0,131.0,154.0,154.0,164.0,175.0,180.0,190.0,190.0,194.0,195.0,211.0,214.0,214.0,221.0,221.0,227.0,227.0,244.0,250.0,262.0,278.0,278.0,298.0,303.0,322.0,329.0,340.0,347.0,347.0,361.0,365.0,369.0,379.0,395.0,422.0,422.0,431.0,431.0,446.0,462.0,516.0,516.0,516.0,525.0,526.0,530.0,596.0,612.0,612.0,612.0,617.0,618.0,634.0,694.0,712.0,749.0,749.0,764.0,766.0,800.0,837.0,867.0,895.0,895.0,913.0,914.0,922.0,961.0,978.0,985.0,985.0,1025.0,1026.0,1043.0,1072.0,1080.0,1096.0,1096.0,1121.0,1124.0,1153.0,1194.0,1217.0,1225.0,1225.0,1247.0,1253.0,1276.0,1279.0,1319.0,1342.0,1342.0,1363.0,1365.0,1365.0,1371.0,1379.0,1389.0,1389.0,1403.0,1403.0,1451.0,1470.0,1483.0,1495.0,1495.0,1530.0,1536.0,1545.0,1564.0,1571.0,1587.0,1587.0,1601.0,1611.0,1625.0,1658.0,1664.0
22095.0,St. John the Baptist,Antigen Tests,,,,,,,,,,,,,,,,,,,,,,,,,,,,,,,,,,,,,,,,,,,,,,,,,,,,,,,,,,,,,,,,,,,,,,,,,,,,,,,,,,,,,,,,,,,,,,,,,,,,,,,,,,,,,,,,,,,,,,,,,,,,,,,,,,,,,,,,,,,,,,,,,,,,,,,,,,,,,,,,,,,,,,,,,,,,,,,,,,,,,,,,,,,,,,,,,,,,,,,,,,,,,,,,,,,,,,,,,,,,,,,,,,,,,,,,,,,,,,,,,,,,,,,,,,,,,,,,165.0,165.0,181.0,181.0,181.0,189.0,193.0,209.0,209.0,214.0,217.0,227.0,238.0,238.0,252.0,252.0,251.0,257.0,287.0,288.0,293.0,305.0,305.0,315.0,319.0,327.0,356.0,366.0,380.0,380.0,392.0,392.0,428.0,460.0,500.0,534.0,534.0,555.0,559.0,563.0,594.0,635.0,635.0,635.0,667.0,672.0,678.0,761.0,773.0,773.0,773.0,780.0,779.0,857.0,892.0,902.0,917.0,917.0,957.0,958.0,969.0,1000.0,1053.0,1101.0,1101.0,1115.0,1116.0,1115.0,1153.0,1181.0,1196.0,1196.0,1215.0,1230.0,1240.0,1268.0,1292.0,1327.0,1327.0,1351.0,1354.0,1387.0,1440.0,1472.0,1479.0,1479.0,1515.0,1520.0,1557.0,1559.0,1612.0,1635.0,1635.0,1659.0,1656.0,1656.0,1672.0,1684.0,1704.0,1704.0,1718.0,1726.0,1751.0,1776.0,1801.0,1797.0,1797.0,1828.0,1843.0,1846.0,1870.0,1883.0,1908.0,1908.0,1923.0,1929.0,1940.0,1976.0,1989.0
22097.0,St. Landry,Antigen Tests,,,,,,,,,,,,,,,,,,,,,,,,,,,,,,,,,,,,,,,,,,,,,,,,,,,,,,,,,,,,,,,,,,,,,,,,,,,,,,,,,,,,,,,,,,,,,,,,,,,,,,,,,,,,,,,,,,,,,,,,,,,,,,,,,,,,,,,,,,,,,,,,,,,,,,,,,,,,,,,,,,,,,,,,,,,,,,,,,,,,,,,,,,,,,,,,,,,,,,,,,,,,,,,,,,,,,,,,,,,,,,,,,,,,,,,,,,,,,,,,,,,,,,,,,,,,,,,,523.0,523.0,559.0,557.0,609.0,631.0,658.0,689.0,689.0,766.0,767.0,795.0,833.0,833.0,949.0,949.0,963.0,965.0,1060.0,1088.0,1123.0,1159.0,1159.0,1211.0,1212.0,1284.0,1309.0,1334.0,1490.0,1490.0,1562.0,1565.0,1610.0,1683.0,1836.0,1910.0,1910.0,1945.0,1948.0,1984.0,2075.0,2089.0,2089.0,2089.0,2093.0,2099.0,2102.0,2326.0,2405.0,2405.0,2405.0,2403.0,2405.0,2395.0,2496.0,2543.0,2619.0,2619.0,2929.0,2929.0,3038.0,3130.0,3179.0,3236.0,3236.0,3325.0,3323.0,3331.0,3453.0,3529.0,3538.0,3538.0,3654.0,3655.0,3686.0,3750.0,3818.0,3851.0,3851.0,3924.0,3936.0,4044.0,4074.0,4167.0,4172.0,4172.0,4251.0,4258.0,4339.0,4337.0,4492.0,4540.0,4540.0,4536.0,4550.0,4550.0,4564.0,4575.0,4579.0,4579.0,4674.0,4677.0,4743.0,4773.0,4813.0,4829.0,4829.0,4903.0,4898.0,4959.0,4976.0,5000.0,5041.0,5041.0,5079.0,5085.0,5139.0,5146.0,5192.0
22099.0,St. Martin,Antigen Tests,,,,,,,,,,,,,,,,,,,,,,,,,,,,,,,,,,,,,,,,,,,,,,,,,,,,,,,,,,,,,,,,,,,,,,,,,,,,,,,,,,,,,,,,,,,,,,,,,,,,,,,,,,,,,,,,,,,,,,,,,,,,,,,,,,,,,,,,,,,,,,,,,,,,,,,,,,,,,,,,,,,,,,,,,,,,,,,,,,,,,,,,,,,,,,,,,,,,,,,,,,,,,,,,,,,,,,,,,,,,,,,,,,,,,,,,,,,,,,,,,,,,,,,,,,,,,,,,228.0,228.0,248.0,247.0,288.0,299.0,316.0,328.0,328.0,340.0,342.0,404.0,408.0,408.0,429.0,429.0,435.0,433.0,528.0,556.0,568.0,582.0,582.0,606.0,606.0,623.0,728.0,754.0,780.0,780.0,815.0,814.0,863.0,927.0,967.0,1000.0,1000.0,1036.0,1038.0,1124.0,1165.0,1172.0,1172.0,1172.0,1178.0,1175.0,1248.0,1308.0,1330.0,1330.0,1330.0,1339.0,1341.0,1394.0,1481.0,1510.0,1530.0,1530.0,1565.0,1569.0,1687.0,1702.0,1723.0,1750.0,1750.0,1777.0,1777.0,1823.0,1838.0,1878.0,1888.0,1888.0,1911.0,1918.0,1963.0,1992.0,2007.0,2030.0,2030.0,2059.0,2063.0,2127.0,2148.0,2163.0,2172.0,2172.0,2213.0,2232.0,2281.0,2284.0,2336.0,2343.0,2343.0,2362.0,2367.0,2367.0,2398.0,2408.0,2414.0,2414.0,2447.0,2459.0,2499.0,2506.0,2526.0,2529.0,2529.0,2553.0,2567.0,2598.0,2605.0,2609.0,2610.0,2610.0,2612.0,2625.0,2655.0,2661.0,2679.0
22101.0,St. Mary,Antigen Tests,,,,,,,,,,,,,,,,,,,,,,,,,,,,,,,,,,,,,,,,,,,,,,,,,,,,,,,,,,,,,,,,,,,,,,,,,,,,,,,,,,,,,,,,,,,,,,,,,,,,,,,,,,,,,,,,,,,,,,,,,,,,,,,,,,,,,,,,,,,,,,,,,,,,,,,,,,,,,,,,,,,,,,,,,,,,,,,,,,,,,,,,,,,,,,,,,,,,,,,,,,,,,,,,,,,,,,,,,,,,,,,,,,,,,,,,,,,,,,,,,,,,,,,,,,,,,,,,629.0,629.0,672.0,674.0,716.0,740.0,771.0,805.0,805.0,869.0,870.0,935.0,962.0,962.0,982.0,982.0,986.0,987.0,1043.0,1060.0,1087.0,1127.0,1127.0,1189.0,1193.0,1263.0,1303.0,1320.0,1339.0,1339.0,1374.0,1377.0,1438.0,1471.0,1536.0,1688.0,1688.0,1780.0,1776.0,1895.0,1959.0,1961.0,1961.0,1961.0,1963.0,1974.0,1979.0,2351.0,2444.0,2444.0,2444.0,2465.0,2466.0,2456.0,2705.0,2788.0,2876.0,2876.0,3001.0,3008.0,3140.0,3258.0,3307.0,3374.0,3374.0,3431.0,3439.0,3417.0,3547.0,3644.0,3656.0,3656.0,3819.0,3825.0,3954.0,4012.0,4076.0,4158.0,4158.0,4267.0,4274.0,4351.0,4429.0,4498.0,4513.0,4513.0,4622.0,4626.0,4766.0,4769.0,4871.0,4924.0,4924.0,4938.0,4934.0,4934.0,4957.0,4955.0,4964.0,4964.0,5147.0,5141.0,5269.0,5296.0,5328.0,5340.0,5340.0,5459.0,5473.0,5509.0,5538.0,5594.0,5605.0,5605.0,5663.0,5691.0,5726.0,5782.0,5799.0
22103.0,St. Tammany,Antigen Tests,,,,,,,,,,,,,,,,,,,,,,,,,,,,,,,,,,,,,,,,,,,,,,,,,,,,,,,,,,,,,,,,,,,,,,,,,,,,,,,,,,,,,,,,,,,,,,,,,,,,,,,,,,,,,,,,,,,,,,,,,,,,,,,,,,,,,,,,,,,,,,,,,,,,,,,,,,,,,,,,,,,,,,,,,,,,,,,,,,,,,,,,,,,,,,,,,,,,,,,,,,,,,,,,,,,,,,,,,,,,,,,,,,,,,,,,,,,,,,,,,,,,,,,,,,,,,,,,6689.0,6689.0,6722.0,6718.0,6777.0,7659.0,7696.0,8309.0,8309.0,8424.0,8424.0,8975.0,9017.0,9017.0,9136.0,9136.0,9147.0,9141.0,9970.0,9991.0,10026.0,10052.0,10052.0,10134.0,10133.0,10298.0,11410.0,11548.0,11624.0,11624.0,11720.0,11723.0,11811.0,13036.0,13104.0,13292.0,13292.0,13405.0,13410.0,13740.0,14644.0,14828.0,14828.0,14828.0,14934.0,14967.0,15098.0,15415.0,15497.0,15497.0,15497.0,15572.0,15616.0,15773.0,15995.0,16074.0,16172.0,16172.0,16344.0,16375.0,16582.0,16765.0,19485.0,21176.0,21176.0,21346.0,21392.0,21602.0,21758.0,21942.0,22083.0,22083.0,22245.0,22352.0,22501.0,22743.0,23458.0,24599.0,24599.0,24784.0,24832.0,25084.0,25907.0,26225.0,26340.0,26340.0,26530.0,26598.0,26720.0,26726.0,27737.0,27925.0,27925.0,28067.0,28125.0,28125.0,28198.0,28814.0,28907.0,28907.0,29320.0,29375.0,29714.0,30350.0,30490.0,30603.0,30603.0,31267.0,31325.0,31476.0,31743.0,32324.0,32642.0,32642.0,33056.0,33299.0,33516.0,33891.0,33983.0
22105.0,Tangipahoa,Antigen Tests,,,,,,,,,,,,,,,,,,,,,,,,,,,,,,,,,,,,,,,,,,,,,,,,,,,,,,,,,,,,,,,,,,,,,,,,,,,,,,,,,,,,,,,,,,,,,,,,,,,,,,,,,,,,,,,,,,,,,,,,,,,,,,,,,,,,,,,,,,,,,,,,,,,,,,,,,,,,,,,,,,,,,,,,,,,,,,,,,,,,,,,,,,,,,,,,,,,,,,,,,,,,,,,,,,,,,,,,,,,,,,,,,,,,,,,,,,,,,,,,,,,,,,,,,,,,,,,,2731.0,2731.0,2813.0,2815.0,2817.0,3159.0,3264.0,3518.0,3518.0,3612.0,3609.0,3864.0,3982.0,3982.0,4122.0,4122.0,4130.0,4145.0,4509.0,4581.0,4719.0,4820.0,4820.0,4907.0,4896.0,5012.0,5229.0,5774.0,6002.0,6002.0,6296.0,6302.0,6321.0,6751.0,6865.0,7018.0,7018.0,7170.0,7176.0,7396.0,7634.0,7771.0,7771.0,7771.0,7860.0,7856.0,7930.0,8300.0,8384.0,8384.0,8384.0,8391.0,8398.0,8512.0,8817.0,8937.0,9123.0,9123.0,9310.0,9320.0,9491.0,9774.0,10295.0,10894.0,10894.0,11061.0,11064.0,10938.0,11167.0,11546.0,11576.0,11576.0,11950.0,12033.0,12044.0,12428.0,12631.0,12982.0,12982.0,13207.0,13377.0,13800.0,14329.0,14638.0,14675.0,14675.0,14834.0,14853.0,15008.0,15012.0,15609.0,15671.0,15671.0,15779.0,15773.0,15773.0,15660.0,15861.0,15896.0,15896.0,16160.0,16175.0,16373.0,16673.0,16643.0,16742.0,16742.0,17005.0,17031.0,17040.0,17190.0,17683.0,17818.0,17818.0,18169.0,18197.0,17956.0,18208.0,18263.0
22107.0,Tensas,Antigen Tests,,,,,,,,,,,,,,,,,,,,,,,,,,,,,,,,,,,,,,,,,,,,,,,,,,,,,,,,,,,,,,,,,,,,,,,,,,,,,,,,,,,,,,,,,,,,,,,,,,,,,,,,,,,,,,,,,,,,,,,,,,,,,,,,,,,,,,,,,,,,,,,,,,,,,,,,,,,,,,,,,,,,,,,,,,,,,,,,,,,,,,,,,,,,,,,,,,,,,,,,,,,,,,,,,,,,,,,,,,,,,,,,,,,,,,,,,,,,,,,,,,,,,,,,,,,,,,,,17.0,17.0,17.0,17.0,20.0,20.0,22.0,25.0,25.0,29.0,29.0,28.0,29.0,29.0,31.0,31.0,31.0,31.0,31.0,31.0,32.0,33.0,33.0,34.0,34.0,34.0,35.0,35.0,35.0,35.0,35.0,35.0,36.0,36.0,36.0,37.0,37.0,41.0,41.0,41.0,41.0,43.0,43.0,43.0,43.0,44.0,44.0,48.0,49.0,49.0,49.0,51.0,51.0,52.0,59.0,60.0,60.0,60.0,60.0,60.0,64.0,83.0,136.0,198.0,198.0,224.0,224.0,230.0,231.0,233.0,234.0,234.0,235.0,235.0,239.0,241.0,242.0,243.0,243.0,244.0,244.0,245.0,248.0,251.0,252.0,252.0,252.0,252.0,255.0,255.0,257.0,257.0,257.0,257.0,257.0,257.0,257.0,257.0,257.0,257.0,257.0,258.0,260.0,263.0,263.0,264.0,264.0,267.0,267.0,265.0,265.0,266.0,266.0,266.0,266.0,269.0,268.0,269.0,270.0
22109.0,Terrebonne,Antigen Tests,,,,,,,,,,,,,,,,,,,,,,,,,,,,,,,,,,,,,,,,,,,,,,,,,,,,,,,,,,,,,,,,,,,,,,,,,,,,,,,,,,,,,,,,,,,,,,,,,,,,,,,,,,,,,,,,,,,,,,,,,,,,,,,,,,,,,,,,,,,,,,,,,,,,,,,,,,,,,,,,,,,,,,,,,,,,,,,,,,,,,,,,,,,,,,,,,,,,,,,,,,,,,,,,,,,,,,,,,,,,,,,,,,,,,,,,,,,,,,,,,,,,,,,,,,,,,,,,893.0,893.0,970.0,969.0,1115.0,1162.0,1189.0,1348.0,1348.0,1410.0,1413.0,1496.0,1546.0,1546.0,1615.0,1615.0,1683.0,1694.0,1852.0,1860.0,1921.0,2033.0,2033.0,2196.0,2193.0,2338.0,2346.0,2369.0,2416.0,2416.0,2606.0,2627.0,2699.0,2840.0,2891.0,2989.0,2989.0,3226.0,3227.0,3399.0,3475.0,3492.0,3492.0,3492.0,3507.0,3517.0,3703.0,4085.0,4150.0,4150.0,4150.0,4195.0,4195.0,4535.0,4730.0,4787.0,5120.0,5120.0,5211.0,5225.0,5422.0,5759.0,5995.0,6110.0,6110.0,6194.0,6204.0,6144.0,6534.0,6755.0,6790.0,6790.0,7172.0,7195.0,7420.0,7497.0,7606.0,7835.0,7835.0,7934.0,7945.0,8223.0,8317.0,8572.0,8580.0,8580.0,8687.0,8694.0,8850.0,8852.0,9066.0,9159.0,9159.0,9293.0,9286.0,9286.0,9347.0,9360.0,9383.0,9383.0,9537.0,9535.0,9788.0,9822.0,9962.0,9984.0,9984.0,10198.0,10225.0,10277.0,10353.0,10380.0,10523.0,10523.0,10692.0,10762.0,10785.0,10874.0,10985.0
22111.0,Union,Antigen Tests,,,,,,,,,,,,,,,,,,,,,,,,,,,,,,,,,,,,,,,,,,,,,,,,,,,,,,,,,,,,,,,,,,,,,,,,,,,,,,,,,,,,,,,,,,,,,,,,,,,,,,,,,,,,,,,,,,,,,,,,,,,,,,,,,,,,,,,,,,,,,,,,,,,,,,,,,,,,,,,,,,,,,,,,,,,,,,,,,,,,,,,,,,,,,,,,,,,,,,,,,,,,,,,,,,,,,,,,,,,,,,,,,,,,,,,,,,,,,,,,,,,,,,,,,,,,,,,,379.0,379.0,387.0,387.0,419.0,443.0,463.0,474.0,474.0,500.0,500.0,533.0,540.0,540.0,553.0,553.0,561.0,559.0,577.0,581.0,613.0,638.0,638.0,654.0,653.0,686.0,711.0,723.0,749.0,749.0,772.0,772.0,791.0,807.0,845.0,864.0,864.0,873.0,874.0,893.0,919.0,937.0,937.0,937.0,958.0,957.0,971.0,1024.0,1067.0,1067.0,1067.0,1094.0,1093.0,1134.0,1186.0,1209.0,1236.0,1236.0,1288.0,1287.0,1298.0,1323.0,1344.0,1358.0,1358.0,1373.0,1372.0,1384.0,1401.0,1435.0,1444.0,1444.0,1465.0,1466.0,1474.0,1504.0,1543.0,1549.0,1549.0,1577.0,1584.0,1626.0,1663.0,1680.0,1693.0,1693.0,1728.0,1736.0,1739.0,1739.0,1783.0,1801.0,1801.0,1811.0,1828.0,1828.0,1828.0,1828.0,1833.0,1833.0,1835.0,1834.0,1846.0,1851.0,1851.0,1857.0,1857.0,1870.0,1880.0,1890.0,1895.0,1907.0,1910.0,1910.0,1925.0,1925.0,1940.0,1946.0,1944.0
22113.0,Vermilion,Antigen Tests,,,,,,,,,,,,,,,,,,,,,,,,,,,,,,,,,,,,,,,,,,,,,,,,,,,,,,,,,,,,,,,,,,,,,,,,,,,,,,,,,,,,,,,,,,,,,,,,,,,,,,,,,,,,,,,,,,,,,,,,,,,,,,,,,,,,,,,,,,,,,,,,,,,,,,,,,,,,,,,,,,,,,,,,,,,,,,,,,,,,,,,,,,,,,,,,,,,,,,,,,,,,,,,,,,,,,,,,,,,,,,,,,,,,,,,,,,,,,,,,,,,,,,,,,,,,,,,,314.0,314.0,332.0,332.0,352.0,356.0,369.0,374.0,374.0,390.0,394.0,441.0,445.0,445.0,490.0,490.0,495.0,496.0,522.0,523.0,545.0,557.0,557.0,572.0,572.0,584.0,606.0,616.0,635.0,635.0,652.0,653.0,678.0,689.0,719.0,749.0,749.0,752.0,750.0,794.0,826.0,913.0,913.0,913.0,911.0,914.0,921.0,997.0,1020.0,1020.0,1020.0,1020.0,1023.0,1040.0,1116.0,1136.0,1146.0,1146.0,1166.0,1168.0,1244.0,1288.0,1300.0,1306.0,1306.0,1341.0,1338.0,1368.0,1405.0,1427.0,1451.0,1451.0,1496.0,1499.0,1512.0,1547.0,1567.0,1581.0,1581.0,1624.0,1632.0,1665.0,1680.0,1707.0,1712.0,1712.0,1756.0,1761.0,1774.0,1779.0,1842.0,1872.0,1872.0,1874.0,1881.0,1881.0,1874.0,1883.0,1888.0,1888.0,1936.0,1936.0,1984.0,2013.0,2021.0,2025.0,2025.0,2056.0,2056.0,2065.0,2084.0,2096.0,2122.0,2122.0,2139.0,2151.0,2171.0,2181.0,2188.0
22115.0,Vernon,Antigen Tests,,,,,,,,,,,,,,,,,,,,,,,,,,,,,,,,,,,,,,,,,,,,,,,,,,,,,,,,,,,,,,,,,,,,,,,,,,,,,,,,,,,,,,,,,,,,,,,,,,,,,,,,,,,,,,,,,,,,,,,,,,,,,,,,,,,,,,,,,,,,,,,,,,,,,,,,,,,,,,,,,,,,,,,,,,,,,,,,,,,,,,,,,,,,,,,,,,,,,,,,,,,,,,,,,,,,,,,,,,,,,,,,,,,,,,,,,,,,,,,,,,,,,,,,,,,,,,,,330.0,330.0,340.0,340.0,352.0,372.0,386.0,388.0,388.0,401.0,404.0,421.0,432.0,432.0,455.0,455.0,460.0,460.0,473.0,484.0,502.0,504.0,504.0,523.0,522.0,540.0,568.0,574.0,584.0,584.0,596.0,595.0,615.0,630.0,662.0,673.0,673.0,690.0,687.0,779.0,827.0,839.0,839.0,839.0,840.0,839.0,865.0,1234.0,1298.0,1298.0,1298.0,1304.0,1306.0,1358.0,1662.0,1695.0,1766.0,1766.0,1841.0,1841.0,1963.0,2027.0,2059.0,2117.0,2117.0,2170.0,2175.0,2213.0,2320.0,2360.0,2370.0,2370.0,2483.0,2485.0,2562.0,2638.0,2683.0,2712.0,2712.0,2763.0,2763.0,2865.0,2940.0,2967.0,2969.0,2969.0,3062.0,3065.0,3160.0,3148.0,3243.0,3270.0,3270.0,3275.0,3265.0,3265.0,3295.0,3292.0,3303.0,3303.0,3384.0,3386.0,3477.0,3498.0,3513.0,3517.0,3517.0,3581.0,3597.0,3612.0,3620.0,3633.0,3652.0,3652.0,3664.0,3682.0,3704.0,3720.0,3724.0
22117.0,Washington,Antigen Tests,,,,,,,,,,,,,,,,,,,,,,,,,,,,,,,,,,,,,,,,,,,,,,,,,,,,,,,,,,,,,,,,,,,,,,,,,,,,,,,,,,,,,,,,,,,,,,,,,,,,,,,,,,,,,,,,,,,,,,,,,,,,,,,,,,,,,,,,,,,,,,,,,,,,,,,,,,,,,,,,,,,,,,,,,,,,,,,,,,,,,,,,,,,,,,,,,,,,,,,,,,,,,,,,,,,,,,,,,,,,,,,,,,,,,,,,,,,,,,,,,,,,,,,,,,,,,,,,1735.0,1735.0,1752.0,1761.0,1771.0,2040.0,2051.0,2218.0,2218.0,2321.0,2328.0,2490.0,2509.0,2509.0,2549.0,2549.0,2576.0,2577.0,2738.0,2767.0,2809.0,2836.0,2836.0,2898.0,2918.0,2958.0,3197.0,3235.0,3282.0,3282.0,3348.0,3366.0,3449.0,3662.0,3720.0,3781.0,3781.0,3842.0,3853.0,3921.0,4178.0,4226.0,4226.0,4226.0,4280.0,4295.0,4345.0,4394.0,4446.0,4446.0,4446.0,4504.0,4516.0,4565.0,4621.0,4668.0,4706.0,4706.0,4765.0,4770.0,4796.0,4840.0,5300.0,5532.0,5532.0,5569.0,5577.0,5600.0,5615.0,5648.0,5663.0,5663.0,5711.0,5715.0,5742.0,5764.0,5890.0,6013.0,6013.0,6060.0,6073.0,6118.0,6296.0,6343.0,6356.0,6356.0,6416.0,6446.0,6500.0,6503.0,6683.0,6729.0,6729.0,6765.0,6782.0,6782.0,6822.0,6919.0,6945.0,6945.0,7011.0,7018.0,7058.0,7186.0,7219.0,7234.0,7234.0,7284.0,7289.0,7336.0,7349.0,7436.0,7472.0,7472.0,7499.0,7518.0,7541.0,7566.0,7569.0
22119.0,Webster,Antigen Tests,,,,,,,,,,,,,,,,,,,,,,,,,,,,,,,,,,,,,,,,,,,,,,,,,,,,,,,,,,,,,,,,,,,,,,,,,,,,,,,,,,,,,,,,,,,,,,,,,,,,,,,,,,,,,,,,,,,,,,,,,,,,,,,,,,,,,,,,,,,,,,,,,,,,,,,,,,,,,,,,,,,,,,,,,,,,,,,,,,,,,,,,,,,,,,,,,,,,,,,,,,,,,,,,,,,,,,,,,,,,,,,,,,,,,,,,,,,,,,,,,,,,,,,,,,,,,,,,488.0,488.0,524.0,526.0,537.0,605.0,647.0,674.0,674.0,740.0,754.0,774.0,837.0,837.0,906.0,906.0,918.0,918.0,961.0,1021.0,1042.0,1105.0,1105.0,1163.0,1163.0,1183.0,1223.0,1248.0,1273.0,1273.0,1342.0,1344.0,1356.0,1438.0,1475.0,1500.0,1500.0,1635.0,1633.0,1654.0,1705.0,1707.0,1707.0,1707.0,1735.0,1748.0,1759.0,1981.0,2023.0,2023.0,2023.0,2112.0,2126.0,2201.0,2337.0,2579.0,2613.0,2613.0,2719.0,2723.0,2786.0,2874.0,2940.0,3014.0,3014.0,3086.0,3079.0,3069.0,3107.0,3308.0,3363.0,3363.0,3436.0,3469.0,3476.0,3646.0,3680.0,3767.0,3767.0,3826.0,3836.0,3818.0,3895.0,3940.0,3965.0,3965.0,4026.0,4046.0,4055.0,4080.0,4166.0,4258.0,4258.0,4376.0,4367.0,4367.0,4366.0,4384.0,4385.0,4385.0,4391.0,4393.0,4400.0,4422.0,4425.0,4442.0,4442.0,4456.0,4469.0,4501.0,4508.0,4524.0,4537.0,4537.0,4542.0,4577.0,4654.0,4671.0,4689.0
22121.0,West Baton Rouge,Antigen Tests,,,,,,,,,,,,,,,,,,,,,,,,,,,,,,,,,,,,,,,,,,,,,,,,,,,,,,,,,,,,,,,,,,,,,,,,,,,,,,,,,,,,,,,,,,,,,,,,,,,,,,,,,,,,,,,,,,,,,,,,,,,,,,,,,,,,,,,,,,,,,,,,,,,,,,,,,,,,,,,,,,,,,,,,,,,,,,,,,,,,,,,,,,,,,,,,,,,,,,,,,,,,,,,,,,,,,,,,,,,,,,,,,,,,,,,,,,,,,,,,,,,,,,,,,,,,,,,,475.0,475.0,502.0,503.0,524.0,571.0,598.0,616.0,616.0,655.0,655.0,710.0,722.0,722.0,749.0,749.0,755.0,755.0,847.0,850.0,868.0,895.0,895.0,917.0,917.0,931.0,1014.0,1024.0,1079.0,1079.0,1106.0,1107.0,1110.0,1142.0,1166.0,1206.0,1206.0,1215.0,1218.0,1267.0,1299.0,1312.0,1312.0,1312.0,1320.0,1319.0,1347.0,1403.0,1407.0,1407.0,1407.0,1409.0,1408.0,1425.0,1476.0,1509.0,1521.0,1521.0,1549.0,1550.0,1594.0,1670.0,1924.0,1979.0,1979.0,2013.0,2016.0,2042.0,2063.0,2108.0,2128.0,2128.0,2174.0,2174.0,2182.0,2275.0,2325.0,2344.0,2344.0,2412.0,2409.0,2450.0,2477.0,2526.0,2545.0,2545.0,2587.0,2587.0,2615.0,2613.0,2675.0,2693.0,2693.0,2702.0,2705.0,2705.0,2697.0,2726.0,2732.0,2732.0,2762.0,2759.0,2770.0,2782.0,2795.0,2799.0,2799.0,2813.0,2819.0,2847.0,2870.0,2885.0,2914.0,2914.0,2917.0,2920.0,2954.0,2991.0,3000.0
22123.0,West Carroll,Antigen Tests,,,,,,,,,,,,,,,,,,,,,,,,,,,,,,,,,,,,,,,,,,,,,,,,,,,,,,,,,,,,,,,,,,,,,,,,,,,,,,,,,,,,,,,,,,,,,,,,,,,,,,,,,,,,,,,,,,,,,,,,,,,,,,,,,,,,,,,,,,,,,,,,,,,,,,,,,,,,,,,,,,,,,,,,,,,,,,,,,,,,,,,,,,,,,,,,,,,,,,,,,,,,,,,,,,,,,,,,,,,,,,,,,,,,,,,,,,,,,,,,,,,,,,,,,,,,,,,,171.0,171.0,175.0,176.0,181.0,187.0,199.0,206.0,206.0,212.0,213.0,219.0,227.0,227.0,242.0,242.0,244.0,244.0,255.0,261.0,276.0,295.0,295.0,307.0,309.0,324.0,336.0,352.0,357.0,357.0,372.0,372.0,379.0,385.0,391.0,405.0,405.0,409.0,409.0,413.0,424.0,435.0,435.0,435.0,436.0,436.0,444.0,456.0,475.0,475.0,475.0,480.0,479.0,508.0,515.0,540.0,543.0,543.0,558.0,558.0,567.0,576.0,593.0,612.0,612.0,621.0,622.0,629.0,634.0,642.0,646.0,646.0,660.0,660.0,665.0,682.0,684.0,702.0,702.0,711.0,711.0,708.0,715.0,731.0,735.0,735.0,746.0,750.0,749.0,751.0,756.0,774.0,774.0,774.0,777.0,777.0,779.0,776.0,782.0,782.0,783.0,782.0,782.0,781.0,786.0,786.0,786.0,791.0,793.0,800.0,803.0,812.0,810.0,810.0,812.0,811.0,809.0,814.0,816.0
22125.0,West Feliciana,Antigen Tests,,,,,,,,,,,,,,,,,,,,,,,,,,,,,,,,,,,,,,,,,,,,,,,,,,,,,,,,,,,,,,,,,,,,,,,,,,,,,,,,,,,,,,,,,,,,,,,,,,,,,,,,,,,,,,,,,,,,,,,,,,,,,,,,,,,,,,,,,,,,,,,,,,,,,,,,,,,,,,,,,,,,,,,,,,,,,,,,,,,,,,,,,,,,,,,,,,,,,,,,,,,,,,,,,,,,,,,,,,,,,,,,,,,,,,,,,,,,,,,,,,,,,,,,,,,,,,,,157.0,157.0,157.0,155.0,163.0,164.0,166.0,163.0,163.0,163.0,165.0,186.0,185.0,185.0,185.0,185.0,185.0,186.0,191.0,207.0,207.0,217.0,217.0,219.0,221.0,222.0,277.0,279.0,282.0,282.0,280.0,281.0,311.0,314.0,312.0,310.0,310.0,313.0,313.0,345.0,352.0,351.0,351.0,351.0,352.0,355.0,369.0,372.0,375.0,375.0,375.0,374.0,377.0,445.0,446.0,450.0,453.0,453.0,450.0,449.0,482.0,485.0,486.0,490.0,490.0,490.0,486.0,522.0,522.0,527.0,523.0,523.0,532.0,532.0,556.0,553.0,548.0,548.0,548.0,555.0,552.0,579.0,578.0,575.0,580.0,580.0,580.0,579.0,603.0,602.0,605.0,608.0,608.0,609.0,605.0,605.0,627.0,623.0,622.0,622.0,625.0,627.0,628.0,627.0,632.0,634.0,634.0,626.0,628.0,645.0,645.0,639.0,647.0,647.0,645.0,644.0,650.0,658.0,661.0
22127.0,Winn,Antigen Tests,,,,,,,,,,,,,,,,,,,,,,,,,,,,,,,,,,,,,,,,,,,,,,,,,,,,,,,,,,,,,,,,,,,,,,,,,,,,,,,,,,,,,,,,,,,,,,,,,,,,,,,,,,,,,,,,,,,,,,,,,,,,,,,,,,,,,,,,,,,,,,,,,,,,,,,,,,,,,,,,,,,,,,,,,,,,,,,,,,,,,,,,,,,,,,,,,,,,,,,,,,,,,,,,,,,,,,,,,,,,,,,,,,,,,,,,,,,,,,,,,,,,,,,,,,,,,,,,399.0,399.0,422.0,424.0,441.0,464.0,483.0,489.0,489.0,502.0,502.0,514.0,535.0,535.0,568.0,568.0,571.0,571.0,589.0,608.0,619.0,691.0,691.0,762.0,764.0,842.0,897.0,943.0,982.0,982.0,1051.0,1053.0,1127.0,1195.0,1212.0,1324.0,1324.0,1333.0,1334.0,1365.0,1387.0,1391.0,1391.0,1391.0,1398.0,1406.0,1415.0,1462.0,1490.0,1490.0,1490.0,1510.0,1511.0,1527.0,1560.0,1577.0,1598.0,1598.0,1622.0,1628.0,1652.0,1671.0,1673.0,1701.0,1701.0,1727.0,1731.0,1746.0,1768.0,1808.0,1823.0,1823.0,1862.0,1877.0,1900.0,1924.0,1950.0,1966.0,1966.0,1998.0,2007.0,2026.0,2058.0,2079.0,2083.0,2083.0,2120.0,2131.0,2167.0,2180.0,2213.0,2236.0,2236.0,2252.0,2253.0,2253.0,2271.0,2275.0,2280.0,2280.0,2302.0,2309.0,2314.0,2322.0,2341.0,2343.0,2343.0,2359.0,2369.0,2385.0,2400.0,2403.0,2419.0,2419.0,2427.0,2447.0,2468.0,2479.0,2495.0
