,Cumulative U.S. Cases,Cumulative U.S. Deaths,Cumulative U.S. Recovered,New U.S. Cases,New U.S. Deaths,New U.S. Recovered,New U.S. Cases (3-day average),New U.S. Deaths (3-day Average),New U.S. Recovered (3-day average,New U.S. Cases (7-day average),New U.S. Deaths (7-day Average),New U.S. Recovered (7-day average
01/13/2020,,,,,,,,,,,,
01/14/2020,,,,,,,,,,,,
01/15/2020,,,,,,,,,,,,
01/16/2020,,,,,,,,,,,,
01/17/2020,,,,,,,,,,,,
01/18/2020,,,,,,,,,,,,
01/19/2020,,,,,,,,,,,,
01/20/2020,,,,,,,,,,,,
01/21/2020,,,,,,,,,,,,
01/22/2020,1.0,0.0,,,,,,,,,,
01/23/2020,1.0,0.0,,0.0,0.0,,,,,,,
01/24/2020,2.0,0.0,,1.0,0.0,,,,,,,
01/25/2020,2.0,0.0,,0.0,0.0,,0.3333333333333333,0.0,,0.3333333333333333,,
01/26/2020,5.0,0.0,,3.0,0.0,,1.3333333333333333,0.0,,1.3333333333333333,,
01/27/2020,5.0,0.0,,0.0,0.0,,1.0,0.0,,1.0,,
01/28/2020,5.0,0.0,,0.0,0.0,,1.0,0.0,,1.0,,
01/29/2020,6.0,0.0,,1.0,0.0,,0.3333333333333333,0.0,,0.3333333333333333,0.0,
01/30/2020,6.0,0.0,,0.0,0.0,,0.3333333333333333,0.0,,0.3333333333333333,0.0,
01/31/2020,8.0,0.0,,2.0,0.0,,1.0,0.0,,1.0,0.0,
02/01/2020,8.0,0.0,,0.0,0.0,,0.6666666666666666,0.0,,0.6666666666666666,0.0,
02/02/2020,8.0,0.0,,0.0,0.0,,0.6666666666666666,0.0,,0.6666666666666666,0.0,
02/03/2020,11.0,0.0,,3.0,0.0,,1.0,0.0,,1.0,0.0,
02/04/2020,11.0,0.0,,0.0,0.0,,1.0,0.0,,1.0,0.0,
02/05/2020,11.0,0.0,,0.0,0.0,,1.0,0.0,,1.0,0.0,
02/06/2020,12.0,0.0,,1.0,0.0,,0.3333333333333333,0.0,,0.3333333333333333,0.0,
02/07/2020,12.0,0.0,,0.0,0.0,,0.3333333333333333,0.0,,0.3333333333333333,0.0,
02/08/2020,12.0,0.0,,0.0,0.0,,0.3333333333333333,0.0,,0.3333333333333333,0.0,
02/09/2020,12.0,0.0,,0.0,0.0,,0.0,0.0,,0.0,0.0,
02/10/2020,12.0,0.0,,0.0,0.0,,0.0,0.0,,0.0,0.0,
02/11/2020,13.0,0.0,,1.0,0.0,,0.3333333333333333,0.0,,0.3333333333333333,0.0,
02/12/2020,13.0,0.0,,0.0,0.0,,0.3333333333333333,0.0,,0.3333333333333333,0.0,
02/13/2020,14.0,0.0,,1.0,0.0,,0.6666666666666666,0.0,,0.6666666666666666,0.0,
02/14/2020,14.0,0.0,,0.0,0.0,,0.3333333333333333,0.0,,0.3333333333333333,0.0,
02/15/2020,14.0,0.0,,0.0,0.0,,0.3333333333333333,0.0,,0.3333333333333333,0.0,
02/16/2020,14.0,0.0,,0.0,0.0,,0.0,0.0,,0.0,0.0,
02/17/2020,14.0,0.0,,0.0,0.0,,0.0,0.0,,0.0,0.0,
02/18/2020,14.0,0.0,,0.0,0.0,,0.0,0.0,,0.0,0.0,
02/19/2020,14.0,0.0,,0.0,0.0,,0.0,0.0,,0.0,0.0,
02/20/2020,14.0,0.0,,0.0,0.0,,0.0,0.0,,0.0,0.0,
02/21/2020,16.0,0.0,,2.0,0.0,,0.6666666666666666,0.0,,0.6666666666666666,0.0,
02/22/2020,16.0,0.0,,0.0,0.0,,0.6666666666666666,0.0,,0.6666666666666666,0.0,
02/23/2020,16.0,0.0,,0.0,0.0,,0.6666666666666666,0.0,,0.6666666666666666,0.0,
02/24/2020,16.0,0.0,,0.0,0.0,,0.0,0.0,,0.0,0.0,
02/25/2020,16.0,0.0,,0.0,0.0,,0.0,0.0,,0.0,0.0,
02/26/2020,16.0,0.0,,0.0,0.0,,0.0,0.0,,0.0,0.0,
02/27/2020,17.0,0.0,,1.0,0.0,,0.3333333333333333,0.0,,0.3333333333333333,0.0,
02/28/2020,17.0,0.0,,0.0,0.0,,0.3333333333333333,0.0,,0.3333333333333333,0.0,
02/29/2020,25.0,1.0,,8.0,1.0,,3.0,0.3333333333333333,,3.0,0.14285714285714285,
03/01/2020,32.0,1.0,,7.0,0.0,,5.0,0.3333333333333333,,5.0,0.14285714285714285,
03/02/2020,55.0,6.0,,23.0,5.0,,12.666666666666666,2.0,,12.666666666666666,0.8571428571428571,
03/03/2020,74.0,7.0,,19.0,1.0,,16.333333333333332,2.0,,16.333333333333332,1.0,
03/04/2020,107.0,11.0,,33.0,4.0,,25.0,3.3333333333333335,,25.0,1.5714285714285714,
03/05/2020,184.0,12.0,,77.0,1.0,,43.0,2.0,,43.0,1.7142857142857142,
03/06/2020,237.0,14.0,,53.0,2.0,,54.333333333333336,2.3333333333333335,,54.333333333333336,2.0,
03/07/2020,403.0,17.0,,166.0,3.0,,98.66666666666667,2.0,,98.66666666666667,2.2857142857142856,
03/08/2020,519.0,21.0,,116.0,4.0,,111.66666666666667,3.0,,111.66666666666667,2.857142857142857,
03/09/2020,594.0,22.0,,75.0,1.0,,119.0,2.6666666666666665,,119.0,2.2857142857142856,
03/10/2020,782.0,28.0,,188.0,6.0,,126.33333333333333,3.6666666666666665,,126.33333333333333,3.0,
03/11/2020,1150.0,33.0,,368.0,5.0,,210.33333333333334,4.0,,210.33333333333334,3.142857142857143,
03/12/2020,1590.0,43.0,,440.0,10.0,,332.0,7.0,,332.0,4.428571428571429,
03/13/2020,2222.0,51.0,,632.0,8.0,,480.0,7.666666666666667,,480.0,5.285714285714286,
03/14/2020,2986.0,58.0,,764.0,7.0,,612.0,8.333333333333334,,612.0,5.857142857142857,
03/15/2020,3230.0,70.0,,244.0,12.0,,546.6666666666666,9.0,,546.6666666666666,7.0,
03/16/2020,4686.0,97.0,,1456.0,27.0,,821.3333333333334,15.333333333333334,,821.3333333333334,10.714285714285714,
03/17/2020,6525.0,133.0,,1839.0,36.0,,1179.6666666666667,25.0,,1179.6666666666667,15.0,
03/18/2020,9180.0,192.0,,2655.0,59.0,,1983.3333333333333,40.666666666666664,,1983.3333333333333,22.714285714285715,
03/19/2020,13673.0,264.0,,4493.0,72.0,,2995.6666666666665,55.666666666666664,,2995.6666666666665,31.571428571428573,
03/20/2020,20039.0,367.0,,6366.0,103.0,,4504.666666666667,78.0,,4504.666666666667,45.142857142857146,
03/21/2020,26043.0,466.0,,6004.0,99.0,,5621.0,91.33333333333333,,5621.0,58.285714285714285,
03/22/2020,34855.0,576.0,,8812.0,110.0,,7060.666666666667,104.0,,7060.666666666667,72.28571428571429,
03/23/2020,46086.0,763.0,,11231.0,187.0,,8682.333333333334,132.0,,8682.333333333334,95.14285714285714,
03/24/2020,56698.0,1004.0,,10612.0,241.0,,10218.333333333334,179.33333333333334,,10218.333333333334,124.42857142857143,
03/25/2020,68773.0,1330.0,146.0,12075.0,326.0,49.0,11306.0,251.33333333333334,-999.6666666666666,11306.0,162.57142857142858,-991.1428571428571
03/26/2020,86613.0,1742.0,97.0,17840.0,412.0,-2321.0,13509.0,326.3333333333333,-1326.3333333333333,13509.0,211.14285714285714,-1212.7142857142858
03/27/2020,105293.0,2263.0,2418.0,18680.0,521.0,-727.0,16198.333333333334,419.6666666666667,-714.0,16198.333333333334,270.85714285714283,-1206.142857142857
03/28/2020,124900.0,2898.0,3145.0,19607.0,635.0,-931.0,18709.0,522.6666666666666,-840.3333333333334,18709.0,347.42857142857144,-1385.5714285714287
03/29/2020,143779.0,3490.0,4076.0,18879.0,592.0,-484.0,19055.333333333332,582.6666666666666,-1002.6666666666666,19055.333333333332,416.2857142857143,-1501.857142857143
03/30/2020,165861.0,4187.0,4560.0,22082.0,697.0,-1106.0,20189.333333333332,641.3333333333334,-1342.0,20189.333333333332,489.14285714285717,-1713.857142857143
03/31/2020,192177.0,5278.0,5666.0,26316.0,1091.0,-1418.0,22425.666666666668,793.3333333333334,-1731.6666666666667,22425.666666666668,610.5714285714286,-1830.7142857142858
04/01/2020,224489.0,6535.0,7084.0,32312.0,1257.0,-1502.0,26903.333333333332,1015.0,-1920.0,26903.333333333332,743.5714285714286,-2006.857142857143
04/02/2020,256721.0,8031.0,8586.0,32232.0,1496.0,-2275.0,30286.666666666668,1281.3333333333333,-2001.0,30286.666666666668,898.4285714285714,-2321.285714285714
04/03/2020,288885.0,9436.0,10861.0,32164.0,1405.0,-1983.0,32236.0,1386.0,-1898.6666666666667,32236.0,1024.7142857142858,-2593.4285714285716
04/04/2020,321304.0,10982.0,12844.0,32419.0,1546.0,-1745.0,32271.666666666668,1482.3333333333333,-1879.0,32271.666666666668,1154.857142857143,-2674.714285714286
04/05/2020,351169.0,12562.0,14589.0,29865.0,1580.0,-1968.0,31482.666666666668,1510.3333333333333,-2181.0,31482.666666666668,1296.0,-2784.5714285714284
04/06/2020,382548.0,14318.0,16557.0,31379.0,1756.0,-1924.0,31221.0,1627.3333333333333,-2759.3333333333335,31221.0,1447.2857142857142,-2689.1428571428573
04/07/2020,413311.0,16895.0,18481.0,30763.0,2577.0,-2651.0,30669.0,1971.0,-3511.3333333333335,30669.0,1659.5714285714287,-2974.714285714286
04/08/2020,444531.0,19037.0,21132.0,31220.0,2142.0,-3703.0,31120.666666666668,2158.3333333333335,-3478.3333333333335,31120.666666666668,1786.0,-3188.0
04/09/2020,480466.0,21244.0,24835.0,35935.0,2207.0,-4180.0,32639.333333333332,2308.6666666666665,-3082.0,32639.333333333332,1887.5714285714287,-3430.8571428571427
04/10/2020,514855.0,23461.0,29015.0,34389.0,2217.0,-2552.0,33848.0,2188.6666666666665,-2122.0,33848.0,2003.5714285714287,-3506.714285714286
04/11/2020,544018.0,25597.0,31567.0,29163.0,2136.0,-2514.0,33162.333333333336,2186.6666666666665,-2579.0,33162.333333333336,2087.8571428571427,-4479.428571428572
04/12/2020,571311.0,27415.0,34081.0,27293.0,1818.0,-1300.0,30281.666666666668,2057.0,-3122.3333333333335,30281.666666666668,2121.8571428571427,-4735.142857142857
04/13/2020,598257.0,29372.0,35381.0,26946.0,1957.0,-3923.0,27800.666666666668,1970.3333333333333,-4490.0,27800.666666666668,2150.5714285714284,-4875.142857142857
04/14/2020,627021.0,31819.0,39304.0,28764.0,2447.0,-4144.0,27667.666666666668,2074.0,-4752.666666666667,27667.666666666668,2132.0,-4795.142857142857
04/15/2020,652410.0,34415.0,43448.0,25389.0,2596.0,-5403.0,27033.0,2333.3333333333335,-6491.666666666667,27033.0,2196.8571428571427,-7078.285714285715
04/16/2020,682463.0,36576.0,48851.0,30053.0,2161.0,-4711.0,28068.666666666668,2401.3333333333335,-6125.333333333333,28068.666666666668,2190.285714285714,-6870.857142857143
04/17/2020,715212.0,38662.0,53562.0,32749.0,2086.0,-9361.0,29397.0,2281.0,-5315.0,29397.0,2171.5714285714284,-7123.0
04/18/2020,743210.0,40636.0,62923.0,27998.0,1974.0,-4304.0,30266.666666666668,2073.6666666666665,-3315.6666666666665,30266.666666666668,2148.4285714285716,-7097.142857142857
04/19/2020,769395.0,42572.0,67227.0,26185.0,1936.0,-2280.0,28977.333333333332,1998.6666666666667,-8589.666666666666,28977.333333333332,2165.285714285714,-7048.285714285715
04/20/2020,799121.0,44769.0,69507.0,29726.0,2197.0,-3363.0,27969.666666666668,2035.6666666666667,-9146.666666666666,27969.666666666668,2199.5714285714284,-7422.428571428572
04/21/2020,824949.0,47308.0,72870.0,25828.0,2539.0,-20126.0,27246.333333333332,2224.0,-10184.333333333334,27246.333333333332,2212.714285714286,-9458.57142857143
04/22/2020,853591.0,49735.0,92996.0,28642.0,2427.0,-3951.0,28065.333333333332,2387.6666666666665,-6535.666666666667,28065.333333333332,2188.5714285714284,-7748.285714285715
04/23/2020,887239.0,52189.0,96947.0,33648.0,2454.0,-6476.0,29372.666666666668,2473.3333333333335,-6539.333333333333,29372.666666666668,2230.4285714285716,-8234.285714285714
04/24/2020,919528.0,54351.0,103423.0,32289.0,2162.0,-9180.0,31526.333333333332,2347.6666666666665,-6013.666666666667,31526.333333333332,2241.285714285714,-8590.142857142857
04/25/2020,949989.0,56056.0,112603.0,30461.0,1705.0,-3962.0,32132.666666666668,2107.0,-8825.666666666666,32132.666666666668,2202.8571428571427,-8897.57142857143
04/26/2020,976608.0,57400.0,116565.0,26619.0,1344.0,-4899.0,29789.666666666668,1737.0,-10223.0,29789.666666666668,2118.285714285714,-9007.0
04/27/2020,1000157.0,58862.0,121464.0,23549.0,1462.0,-17616.0,26876.333333333332,1503.6666666666667,-11041.0,26876.333333333332,2013.2857142857142,-9315.142857142857
04/28/2020,1024616.0,61086.0,139080.0,24459.0,2224.0,-8154.0,24875.666666666668,1676.6666666666667,-8158.0,24875.666666666668,1968.2857142857142,-7176.571428571428
04/29/2020,1050978.0,63605.0,147234.0,26362.0,2519.0,-7353.0,24790.0,2068.3333333333335,-9217.333333333334,24790.0,1981.4285714285713,-6023.571428571428
04/30/2020,1080161.0,66016.0,154587.0,29183.0,2411.0,-8967.0,26668.0,2384.6666666666665,-8342.333333333334,26668.0,1975.2857142857142,-5684.0
05/01/2020,1114949.0,67899.0,163554.0,34788.0,1883.0,-11332.0,30111.0,2271.0,-7705.333333333333,30111.0,1935.4285714285713,-4981.285714285715
05/02/2020,1142425.0,69591.0,174886.0,27476.0,1692.0,-4728.0,30482.333333333332,1995.3333333333333,-4810.0,30482.333333333332,1933.5714285714287,-5287.571428571428
05/03/2020,1166955.0,70708.0,179614.0,24530.0,1117.0,-7056.0,28931.333333333332,1564.0,-3261.6666666666665,28931.333333333332,1901.142857142857,-5123.571428571428
05/04/2020,1190942.0,72031.0,186670.0,23987.0,1323.0,-2646.0,25331.0,1377.3333333333333,-2568.3333333333335,25331.0,1881.2857142857142,-6477.428571428572
05/05/2020,1215319.0,74316.0,189316.0,24377.0,2285.0,-83.0,24298.0,1575.0,-3035.6666666666665,24298.0,1890.0,-7078.142857142857
05/06/2020,1239745.0,76665.0,189399.0,24426.0,2349.0,-4976.0,24263.333333333332,1985.6666666666667,-7500.0,24263.333333333332,1865.7142857142858,-7708.571428571428
05/07/2020,1267201.0,78587.0,194375.0,27456.0,1922.0,-4048.0,25419.666666666668,2185.3333333333335,-7034.666666666667,25419.666666666668,1795.857142857143,-7408.0
05/08/2020,1293911.0,80332.0,198423.0,26710.0,1745.0,-13476.0,26197.333333333332,2005.3333333333333,-11196.333333333334,26197.333333333332,1776.142857142857,-7463.142857142857
05/09/2020,1318779.0,81867.0,211899.0,24868.0,1535.0,-3580.0,26344.666666666668,1734.0,-8988.0,26344.666666666668,1753.7142857142858,-8043.857142857143
05/10/2020,1337777.0,82778.0,215479.0,18998.0,911.0,-16533.0,23525.333333333332,1397.0,-9293.333333333334,23525.333333333332,1724.2857142857142,-8075.714285714285
05/11/2020,1357368.0,83776.0,232012.0,19591.0,998.0,-6851.0,21152.333333333332,1148.0,-4739.666666666667,21152.333333333332,1677.857142857143,-7276.714285714285
05/12/2020,1379993.0,85392.0,238863.0,22625.0,1616.0,-4496.0,20404.666666666668,1175.0,-3934.0,20404.666666666668,1582.2857142857142,-7202.857142857143
05/13/2020,1400298.0,87133.0,243359.0,20305.0,1741.0,-2872.0,20840.333333333332,1451.6666666666667,-8282.333333333334,20840.333333333332,1495.4285714285713,-7253.428571428572
05/14/2020,1427405.0,88915.0,246231.0,27107.0,1782.0,-4434.0,23345.666666666668,1713.0,-8592.666666666666,23345.666666666668,1475.4285714285713,-7421.714285714285
05/15/2020,1452146.0,90584.0,250665.0,24741.0,1669.0,-17541.0,24051.0,1730.6666666666667,-10761.333333333334,24051.0,1464.5714285714287,-14181.57142857143
05/16/2020,1476261.0,91855.0,268206.0,24115.0,1271.0,-3803.0,25321.0,1574.0,-7025.666666666667,25321.0,1426.857142857143,-13272.857142857143
05/17/2020,1494710.0,92617.0,272009.0,18449.0,762.0,-10940.0,22435.0,1234.0,-7374.666666666667,22435.0,1405.5714285714287,-13500.142857142857
05/18/2020,1516945.0,93794.0,282949.0,22235.0,1177.0,-6334.0,21599.666666666668,1070.0,-5078.0,21599.666666666668,1431.142857142857,-13706.142857142857
05/19/2020,1537912.0,95291.0,289283.0,20967.0,1497.0,-4850.0,20550.333333333332,1145.3333333333333,-20217.666666666668,20550.333333333332,1414.142857142857,-13618.0
05/20/2020,1560615.0,96807.0,294133.0,22703.0,1516.0,-4050.0,21968.333333333332,1396.6666666666667,-22327.666666666668,21968.333333333332,1382.0,-13870.0
05/21/2020,1586258.0,98013.0,298183.0,25643.0,1206.0,-51753.0,23104.333333333332,1406.3333333333333,-22775.666666666668,23104.333333333332,1299.7142857142858,-25658.714285714286
05/22/2020,1609773.0,99256.0,349936.0,23515.0,1243.0,-11180.0,23953.666666666668,1321.6666666666667,-9652.0,23953.666666666668,1238.857142857143,-19179.285714285714
05/23/2020,1631175.0,100399.0,361116.0,21402.0,1143.0,-5394.0,23520.0,1197.3333333333333,-7831.0,23520.0,1220.5714285714287,-19027.428571428572
05/24/2020,1651340.0,101016.0,366510.0,20165.0,617.0,-12382.0,21694.0,1001.0,-8237.666666666666,21694.0,1199.857142857143,-22278.0
05/25/2020,1670129.0,101572.0,378892.0,18789.0,556.0,-5717.0,20118.666666666668,772.0,-32967.333333333336,20118.666666666668,1111.142857142857,-22436.85714285714
05/26/2020,1689469.0,102233.0,384609.0,19340.0,661.0,-6614.0,19431.333333333332,611.3333333333334,-33194.0,19431.333333333332,991.7142857142857,-22429.14285714286
05/27/2020,1707806.0,103731.0,391223.0,18337.0,1498.0,-86571.0,18822.0,905.0,-34361.666666666664,18822.0,989.1428571428571,-23675.14285714286
05/28/2020,1730062.0,104908.0,477794.0,22256.0,1177.0,-6397.0,19977.666666666668,1112.0,-14887.333333333334,19977.666666666668,985.0,-13062.714285714286
05/29/2020,1754429.0,106071.0,484191.0,24367.0,1163.0,-10117.0,21653.333333333332,1279.3333333333333,-17253.0,21653.333333333332,973.5714285714286,-13103.714285714286
05/30/2020,1778241.0,107022.0,494308.0,23812.0,951.0,-28148.0,23478.333333333332,1097.0,-15768.333333333334,23478.333333333332,946.1428571428571,-12962.714285714286
05/31/2020,1797377.0,107719.0,522456.0,19136.0,697.0,-13494.0,22438.333333333332,937.0,-11497.666666666666,22438.333333333332,957.5714285714286,-9721.142857142857
06/01/2020,1814762.0,108500.0,535950.0,17385.0,781.0,-5663.0,20111.0,809.6666666666666,-11094.333333333334,20111.0,989.7142857142857,-9537.857142857143
06/02/2020,1835988.0,109539.0,541613.0,21226.0,1039.0,-15336.0,19249.0,839.0,-11434.666666666666,19249.0,1043.7142857142858,-9663.285714285714
06/03/2020,1855659.0,110532.0,556949.0,19671.0,993.0,-12284.0,19427.333333333332,937.6666666666666,-9366.0,19427.333333333332,971.5714285714286,-8678.0
06/04/2020,1877206.0,111546.0,569233.0,21547.0,1014.0,-6684.0,20814.666666666668,1015.3333333333334,-7090.333333333333,20814.666666666668,948.2857142857143,-8402.42857142857
06/05/2020,1902798.0,112438.0,575917.0,25592.0,892.0,-9130.0,22270.0,966.3333333333334,-8932.666666666666,22270.0,909.5714285714286,-8515.0
06/06/2020,1923985.0,113138.0,585047.0,21187.0,700.0,-5457.0,22775.333333333332,868.6666666666666,-8069.666666666667,22775.333333333332,873.7142857142857,-8534.285714285714
06/07/2020,1941747.0,113588.0,590504.0,17762.0,450.0,-12211.0,21513.666666666668,680.6666666666666,-9063.666666666666,21513.666666666668,838.4285714285714,-8495.714285714286
06/08/2020,1959261.0,114093.0,602715.0,17514.0,505.0,-6541.0,18821.0,551.6666666666666,-8445.0,18821.0,799.0,-8822.0
06/09/2020,1977476.0,115012.0,609256.0,18215.0,919.0,-8439.0,17830.333333333332,624.6666666666666,-8755.333333333334,17830.333333333332,781.8571428571429,-8917.714285714286
06/10/2020,1998476.0,115911.0,617695.0,21000.0,899.0,-10355.0,18909.666666666668,774.3333333333334,-9030.666666666666,18909.666666666668,768.4285714285714,-8962.42857142857
06/11/2020,2021451.0,116761.0,628050.0,22975.0,850.0,-7472.0,20730.0,889.3333333333334,-7308.0,20730.0,745.0,-8873.714285714286
06/12/2020,2046333.0,117579.0,635522.0,24882.0,818.0,-9265.0,22952.333333333332,855.6666666666666,-9649.0,22952.333333333332,734.4285714285714,-8862.0
06/13/2020,2071361.0,118348.0,644787.0,25028.0,769.0,-5187.0,24295.0,812.3333333333334,-8964.333333333334,24295.0,744.2857142857143,-9079.142857142857
06/14/2020,2090416.0,118663.0,649974.0,19055.0,315.0,-14495.0,22988.333333333332,634.0,-10152.666666666666,22988.333333333332,725.0,-8990.0
06/15/2020,2109967.0,119049.0,664469.0,19551.0,386.0,-7211.0,21211.333333333332,490.0,-8565.666666666666,21211.333333333332,708.0,-9507.42857142857
06/16/2020,2133422.0,119869.0,671680.0,23455.0,820.0,-8752.0,20687.0,507.0,-8625.333333333334,20687.0,693.8571428571429,-9539.142857142857
06/17/2020,2159918.0,120608.0,680432.0,26496.0,739.0,-9734.0,23167.333333333332,648.3333333333334,-9303.0,23167.333333333332,671.0,-9514.142857142857
06/18/2020,2187873.0,121301.0,690166.0,27955.0,693.0,-7390.0,25968.666666666668,750.6666666666666,-7579.333333333333,25968.666666666668,648.5714285714286,-9422.0
06/19/2020,2219090.0,121960.0,697556.0,31217.0,659.0,-10785.0,28556.0,697.0,-11155.0,28556.0,625.8571428571429,-9406.57142857143
06/20/2020,2250813.0,122563.0,708341.0,31723.0,603.0,-4563.0,30298.333333333332,651.6666666666666,-10037.666666666666,30298.333333333332,602.1428571428571,-9079.142857142857
06/21/2020,2276526.0,122859.0,712904.0,25713.0,296.0,-18117.0,29551.0,519.3333333333334,-11375.666666666666,29551.0,599.4285714285714,-9251.857142857143
06/22/2020,2307622.0,123247.0,731021.0,31096.0,388.0,-7433.0,29510.666666666668,429.0,-8366.333333333334,29510.666666666668,599.7142857142857,-9528.857142857143
06/23/2020,2343698.0,124088.0,738454.0,36076.0,841.0,-8577.0,30961.666666666668,508.3333333333333,-8316.0,30961.666666666668,602.7142857142857,-10680.714285714286
06/24/2020,2378031.0,124844.0,747031.0,34333.0,756.0,-9089.0,33835.0,661.6666666666666,-8288.0,33835.0,605.1428571428571,-10792.714285714286
06/25/2020,2418448.0,125389.0,756120.0,40417.0,545.0,-7282.0,36942.0,714.0,-7182.333333333333,36942.0,584.0,-16915.714285714286
06/26/2020,2463893.0,126020.0,763402.0,45445.0,631.0,-8493.0,40065.0,644.0,-11440.333333333334,40065.0,580.0,-17089.0
06/27/2020,2505078.0,126524.0,771895.0,41185.0,504.0,-5772.0,42349.0,560.0,-13774.666666666666,42349.0,565.8571428571429,-17393.85714285714
06/28/2020,2545635.0,126813.0,777667.0,40557.0,289.0,-20056.0,42395.666666666664,474.6666666666667,-14971.0,42395.666666666664,564.8571428571429,-17744.85714285714
06/29/2020,2585898.0,127198.0,797723.0,40263.0,385.0,-15496.0,40668.333333333336,392.6666666666667,-25602.333333333332,40668.333333333336,564.4285714285714,-17965.428571428572
06/30/2020,2631894.0,127831.0,813219.0,45996.0,633.0,-9361.0,42272.0,435.6666666666667,-23268.666666666668,42272.0,534.7142857142857,-17518.714285714286
07/01/2020,2683406.0,128521.0,822580.0,51512.0,690.0,-51950.0,45923.666666666664,569.3333333333334,-23690.666666666668,45923.666666666664,525.2857142857143,-18593.0
07/02/2020,2739067.0,129250.0,874530.0,55661.0,729.0,-8495.0,51056.333333333336,684.0,-9117.0,51056.333333333336,551.5714285714286,-13415.857142857143
07/03/2020,2790628.0,129908.0,883025.0,51561.0,658.0,-10627.0,52911.333333333336,692.3333333333334,-13485.333333333334,52911.333333333336,555.4285714285714,-14213.714285714286
07/04/2020,2836401.0,130193.0,893652.0,45773.0,285.0,-8229.0,50998.333333333336,557.3333333333334,-14066.0,50998.333333333336,524.1428571428571,-14467.285714285714
07/05/2020,2886576.0,130492.0,901881.0,50175.0,299.0,-21600.0,49169.666666666664,414.0,-16950.0,49169.666666666664,525.5714285714286,-14823.285714285714
07/06/2020,2930089.0,130855.0,923481.0,43513.0,363.0,-12369.0,46487.0,315.6666666666667,-14986.666666666666,46487.0,522.4285714285714,-15391.142857142857
07/07/2020,2990792.0,132059.0,935850.0,60703.0,1204.0,-16881.0,51463.666666666664,622.0,-15557.0,51463.666666666664,604.0,-16078.57142857143
07/08/2020,3050534.0,132912.0,952731.0,59742.0,853.0,-15710.0,54652.666666666664,806.6666666666666,-14064.0,54652.666666666664,627.2857142857143,-17489.714285714286
07/09/2020,3113281.0,133912.0,968441.0,62747.0,1000.0,-14080.0,61064.0,1019.0,-12401.0,61064.0,666.0,-17354.428571428572
07/10/2020,3181241.0,134725.0,982521.0,67960.0,813.0,-12402.0,63483.0,888.6666666666666,-16232.666666666666,63483.0,688.1428571428571,-17653.571428571428
07/11/2020,3242293.0,135435.0,994923.0,61052.0,710.0,-10721.0,63919.666666666664,841.0,-17825.666666666668,63919.666666666664,748.8571428571429,-18151.14285714286
07/12/2020,3301087.0,135896.0,1005644.0,58794.0,461.0,-25575.0,62602.0,661.3333333333334,-23171.666666666668,62602.0,772.0,-17819.14285714286
07/13/2020,3359403.0,136318.0,1031219.0,58316.0,422.0,-17181.0,59387.333333333336,531.0,-19567.666666666668,59387.333333333336,780.4285714285714,-18300.14285714286
07/14/2020,3426986.0,137237.0,1048400.0,67583.0,919.0,-26759.0,61564.333333333336,600.6666666666666,-19232.0,61564.333333333336,739.7142857142857,-19108.285714285714
07/15/2020,3495012.0,138196.0,1075159.0,68026.0,959.0,-14763.0,64641.666666666664,766.6666666666666,-15607.333333333334,64641.666666666664,754.8571428571429,-19272.571428571428
07/16/2020,3571721.0,139159.0,1089922.0,76709.0,963.0,-16174.0,70772.66666666667,947.0,-13485.333333333334,70772.66666666667,749.5714285714286,-20354.428571428572
07/17/2020,3643660.0,140075.0,1106096.0,71939.0,916.0,-15885.0,72224.66666666667,946.0,-17741.333333333332,72224.66666666667,764.2857142857143,-22092.14285714286
07/18/2020,3706180.0,140939.0,1121981.0,62520.0,864.0,-8397.0,70389.33333333333,914.3333333333334,-20059.0,70389.33333333333,786.2857142857143,-22368.0
07/19/2020,3766913.0,141407.0,1130378.0,60733.0,468.0,-28942.0,65064.0,749.3333333333334,-26563.0,65064.0,787.2857142857143,-23799.428571428572
07/20/2020,3828587.0,141947.0,1159320.0,61674.0,540.0,-22838.0,61642.333333333336,624.0,-24361.0,61642.333333333336,804.1428571428571,-23657.85714285714
07/21/2020,3892499.0,143054.0,1182158.0,63912.0,1107.0,-27909.0,62106.333333333336,705.0,-26194.333333333332,62106.333333333336,831.0,-24625.714285714286
07/22/2020,3964325.0,144266.0,1210067.0,71826.0,1212.0,-22336.0,65804.0,953.0,-22830.0,65804.0,867.1428571428571,-25662.0
07/23/2020,4032966.0,145359.0,1232403.0,68641.0,1093.0,-28338.0,68126.33333333333,1137.3333333333333,-21523.666666666668,68126.33333333333,885.7142857142857,-25814.14285714286
07/24/2020,4106394.0,146507.0,1260741.0,73428.0,1148.0,-17816.0,71298.33333333333,1151.0,-21394.666666666668,71298.33333333333,918.8571428571429,-25205.85714285714
07/25/2020,4171553.0,147393.0,1278557.0,65159.0,886.0,-18417.0,69076.0,1042.3333333333333,-25327.0,69076.0,922.0,-26053.285714285714
07/26/2020,4226393.0,147900.0,1296974.0,54840.0,507.0,-27951.0,64475.666666666664,847.0,-30909.0,64475.666666666664,927.5714285714286,-24382.714285714286
07/27/2020,4282543.0,149021.0,1324925.0,56150.0,1121.0,-29613.0,58716.333333333336,838.0,-29392.333333333332,58716.333333333336,1010.5714285714286,-26787.714285714286
07/28/2020,4348193.0,150375.0,1354538.0,65650.0,1354.0,-35163.0,58880.0,994.0,-27548.0,58880.0,1045.857142857143,-24782.714285714286
07/29/2020,4419874.0,151797.0,1389701.0,71681.0,1422.0,-23401.0,64493.666666666664,1299.0,-23743.0,64493.666666666664,1075.857142857143,-26725.85714285714
07/30/2020,4487660.0,153017.0,1413102.0,67786.0,1220.0,-24080.0,68372.33333333333,1332.0,-18183.666666666668,68372.33333333333,1094.0,-26344.571428571428
07/31/2020,4556467.0,154277.0,1437182.0,68807.0,1260.0,-23748.0,69424.66666666667,1300.6666666666667,-25085.666666666668,69424.66666666667,1110.0,-26515.285714285714
08/01/2020,4613200.0,155376.0,1460930.0,56733.0,1099.0,-6723.0,64442.0,1193.0,-22362.333333333332,64442.0,1140.4285714285713,-25860.428571428572
08/02/2020,4659410.0,155793.0,1467653.0,46210.0,417.0,-44786.0,57250.0,925.3333333333334,-36376.333333333336,57250.0,1127.5714285714287,-26863.14285714286
08/03/2020,4704160.0,156350.0,1512439.0,44750.0,557.0,-15578.0,49231.0,691.0,-28358.333333333332,49231.0,1047.0,-22446.285714285714
08/04/2020,4761351.0,157705.0,1528017.0,57191.0,1355.0,-48765.0,49383.666666666664,776.3333333333334,-31590.666666666668,49383.666666666664,1047.142857142857,-26542.14285714286
08/05/2020,4815758.0,159103.0,1576782.0,54407.0,1398.0,-20732.0,52116.0,1103.3333333333333,-21723.666666666668,52116.0,1043.7142857142858,-25316.0
08/06/2020,4875168.0,160329.0,1597514.0,59410.0,1226.0,-25275.0,57002.666666666664,1326.3333333333333,-19393.666666666668,57002.666666666664,1044.5714285714287,-25141.571428571428
08/07/2020,4933581.0,161563.0,1622789.0,58413.0,1234.0,-19164.0,57410.0,1286.0,-15591.333333333334,57410.0,1040.857142857143,-24618.85714285714
08/08/2020,4987695.0,162645.0,1641953.0,54114.0,1082.0,-13742.0,57312.333333333336,1180.6666666666667,-23953.0,57312.333333333336,1038.4285714285713,-25054.14285714286
08/09/2020,5034154.0,163175.0,1655695.0,46459.0,530.0,-13868.0,52995.333333333336,948.6666666666666,-32766.333333333332,52995.333333333336,1054.5714285714287,-25157.571428571428
08/10/2020,5082848.0,163719.0,1669563.0,48694.0,544.0,-44249.0,49755.666666666664,718.6666666666666,-34647.333333333336,49755.666666666664,1052.7142857142858,-27808.14285714286
08/11/2020,5129709.0,164757.0,1713812.0,46861.0,1038.0,-40182.0,47338.0,704.0,-27103.0,47338.0,1007.4285714285714,-24865.285714285714
08/12/2020,5186372.0,166273.0,1753994.0,56663.0,1516.0,-19511.0,50739.333333333336,1032.6666666666667,-21112.666666666668,50739.333333333336,1024.2857142857142,-24220.714285714286
08/13/2020,5238197.0,167331.0,1773505.0,51825.0,1058.0,-21616.0,51783.0,1204.0,-19431.0,51783.0,1000.2857142857143,-24566.14285714286
08/14/2020,5302819.0,168667.0,1795121.0,64622.0,1336.0,-22211.0,57703.333333333336,1303.3333333333333,-23033.0,57703.333333333336,1014.8571428571429,-24076.428571428572
08/15/2020,5349413.0,169697.0,1817332.0,46594.0,1030.0,-14466.0,54347.0,1141.3333333333333,-23512.333333333332,54347.0,1007.4285714285714,-23817.285714285714
08/16/2020,5390294.0,170273.0,1831798.0,40881.0,576.0,-32422.0,50699.0,980.6666666666666,-30580.333333333332,50699.0,1014.0,-23497.85714285714
08/17/2020,5427115.0,170724.0,1864220.0,36821.0,451.0,-23649.0,41432.0,685.6666666666666,-27082.666666666668,41432.0,1000.7142857142857,-22155.714285714286
08/18/2020,5472026.0,172031.0,1887869.0,44911.0,1307.0,-35670.0,40871.0,778.0,-25262.333333333332,40871.0,1039.142857142857,-23489.285714285714
08/19/2020,5519619.0,173359.0,1923539.0,47593.0,1328.0,-21929.0,43108.333333333336,1028.6666666666667,-20171.333333333332,43108.333333333336,1012.2857142857143,-22788.428571428572
08/20/2020,5563606.0,174439.0,1945468.0,43987.0,1080.0,-18188.0,45497.0,1238.3333333333333,-16938.333333333332,45497.0,1015.4285714285714,-22059.85714285714
08/21/2020,5612324.0,175533.0,1963656.0,48718.0,1094.0,-20397.0,46766.0,1167.3333333333333,-18551.333333333332,46766.0,980.8571428571429,-21890.428571428572
08/22/2020,5655655.0,176511.0,1984053.0,43331.0,978.0,-12230.0,45345.333333333336,1050.6666666666667,-22747.0,45345.333333333336,973.4285714285714,-22143.714285714286
08/23/2020,5690061.0,176970.0,1996283.0,34406.0,459.0,-23027.0,42151.666666666664,843.6666666666666,-28925.0,42151.666666666664,956.7142857142857,-22294.428571428572
08/24/2020,5726546.0,177418.0,2019310.0,36485.0,448.0,-32984.0,38074.0,628.3333333333334,-26859.0,38074.0,956.2857142857143,-23399.428571428572
08/25/2020,5766590.0,178634.0,2052294.0,40044.0,1216.0,-30764.0,36978.333333333336,707.6666666666666,-21531.666666666668,36978.333333333336,943.2857142857143,-21247.0
08/26/2020,5812153.0,179867.0,2083058.0,45563.0,1233.0,-16829.0,40697.333333333336,965.6666666666666,-18667.0,40697.333333333336,929.7142857142857,-21000.285714285714
08/27/2020,5857322.0,180964.0,2099887.0,45169.0,1097.0,-17002.0,43592.0,1182.0,-17485.666666666668,43592.0,932.1428571428571,-23625.0
08/28/2020,5904305.0,181926.0,2116889.0,46983.0,962.0,-22170.0,45905.0,1097.3333333333333,-22072.333333333332,45905.0,913.2857142857143,-23551.285714285714
08/29/2020,5949665.0,182773.0,2139059.0,45360.0,847.0,-13285.0,45837.333333333336,968.6666666666666,-20654.666666666668,45837.333333333336,894.5714285714286,-23051.285714285714
08/30/2020,5984336.0,183214.0,2152344.0,34671.0,441.0,-30762.0,42338.0,750.0,-25905.333333333332,42338.0,892.0,-23128.714285714286
08/31/2020,6019495.0,183809.0,2183106.0,35159.0,595.0,-17917.0,38396.666666666664,627.6666666666666,-27385.333333333332,38396.666666666664,913.0,-21245.0
09/01/2020,6061192.0,184858.0,2201023.0,41697.0,1049.0,-29037.0,37175.666666666664,695.0,-26908.333333333332,37175.666666666664,889.1428571428571,-22326.285714285714
09/02/2020,6102205.0,185902.0,2230060.0,41013.0,1044.0,-35202.0,39289.666666666664,896.0,-23452.666666666668,39289.666666666664,862.1428571428571,-22247.14285714286
09/03/2020,6146032.0,186960.0,2265262.0,43827.0,1058.0,-16486.0,42179.0,1050.3333333333333,-16327.666666666666,42179.0,856.5714285714286,-19502.714285714286
09/04/2020,6196213.0,187921.0,2281748.0,50181.0,961.0,-18670.0,45007.0,1021.0,-16691.0,45007.0,856.4285714285714,-19196.85714285714
09/05/2020,6239343.0,188698.0,2300418.0,43130.0,777.0,-13827.0,45712.666666666664,932.0,-18963.0,45712.666666666664,846.4285714285714,-19527.428571428572
09/06/2020,6270778.0,189109.0,2314245.0,31435.0,411.0,-17576.0,41582.0,716.3333333333334,-23848.333333333332,41582.0,842.1428571428571,-19146.571428571428
09/07/2020,6294257.0,189390.0,2331821.0,23479.0,281.0,-25486.0,32681.333333333332,489.6666666666667,-23320.0,32681.333333333332,797.2857142857143,-20609.714285714286
09/08/2020,6321336.0,189842.0,2357307.0,27079.0,452.0,-28483.0,27331.0,381.3333333333333,-19606.333333333332,27331.0,712.0,-19432.0
09/09/2020,6355282.0,190999.0,2385790.0,33946.0,1157.0,-15991.0,28168.0,630.0,-17106.666666666668,28168.0,728.1428571428571,-19719.14285714286
09/10/2020,6391395.0,191911.0,2401781.0,36113.0,912.0,-14345.0,32379.333333333332,840.3333333333334,-15496.666666666666,32379.333333333332,707.2857142857143,-19548.714285714286
09/11/2020,6438935.0,193115.0,2416126.0,47540.0,1204.0,-20984.0,39199.666666666664,1091.0,-19987.666666666668,39199.666666666664,742.0,-19983.85714285714
09/12/2020,6479914.0,193830.0,2437110.0,40979.0,715.0,-11161.0,41544.0,943.6666666666666,-18740.333333333332,41544.0,733.1428571428571,-19778.714285714286
09/13/2020,6514296.0,194224.0,2448271.0,34382.0,394.0,-27818.0,40967.0,771.0,-25184.333333333332,40967.0,730.7142857142857,-19863.285714285714
09/14/2020,6548241.0,194638.0,2476089.0,33945.0,414.0,-17242.0,36435.333333333336,507.6666666666667,-20844.333333333332,36435.333333333336,749.7142857142857,-19711.428571428572
09/15/2020,6587606.0,195926.0,2493331.0,39365.0,1288.0,-30493.0,35897.333333333336,698.6666666666666,-20894.0,35897.333333333336,869.1428571428571,-21667.14285714286
09/16/2020,6626168.0,196913.0,2523824.0,38562.0,987.0,-14798.0,37290.666666666664,896.3333333333334,-17245.666666666668,37290.666666666664,844.8571428571429,-20936.714285714286
09/17/2020,6671250.0,197778.0,2538622.0,45082.0,865.0,-17391.0,41003.0,1046.6666666666667,-16230.666666666666,41003.0,838.1428571428571,-24241.14285714286
09/18/2020,6720266.0,198700.0,2556013.0,49016.0,922.0,-19548.0,44220.0,924.6666666666666,-19352.0,44220.0,797.8571428571429,-24208.85714285714
09/19/2020,6762480.0,199415.0,2575561.0,42214.0,715.0,-11753.0,45437.333333333336,834.0,-23146.666666666668,45437.333333333336,797.8571428571429,-24719.14285714286
09/20/2020,6800868.0,199664.0,2587314.0,38388.0,249.0,-26755.0,43206.0,628.6666666666666,-27689.0,43206.0,777.1428571428571,-25288.85714285714
09/21/2020,6852588.0,200084.0,2614069.0,51720.0,420.0,-30932.0,44107.333333333336,461.3333333333333,-31413.666666666668,44107.333333333336,778.0,-25515.428571428572
09/22/2020,6891985.0,201095.0,2645001.0,39397.0,1011.0,-25380.0,43168.333333333336,560.0,-26824.666666666668,43168.333333333336,738.4285714285714,-23769.285714285714
09/23/2020,6930544.0,202179.0,2670381.0,38559.0,1084.0,-37929.0,43225.333333333336,838.3333333333334,-26071.333333333332,43225.333333333336,752.2857142857143,-24040.428571428572
09/24/2020,6976889.0,203100.0,2708310.0,46345.0,921.0,-17165.0,41433.666666666664,1005.3333333333334,-18675.333333333332,41433.666666666664,760.2857142857143,-21484.85714285714
09/25/2020,7024687.0,204026.0,2725475.0,47798.0,926.0,-23120.0,44234.0,977.0,-22400.666666666668,44234.0,760.8571428571429,-20830.285714285714
09/26/2020,7069102.0,204780.0,2748595.0,44415.0,754.0,-15741.0,46186.0,867.0,-20930.333333333332,46186.0,766.4285714285714,-20958.85714285714
09/27/2020,7106487.0,205069.0,2764336.0,37385.0,289.0,-28341.0,43199.333333333336,656.3333333333334,-24776.0,43199.333333333336,772.1428571428571,-20758.285714285714
09/28/2020,7138931.0,205401.0,2792677.0,32444.0,332.0,-18709.0,38081.333333333336,458.3333333333333,-22009.0,38081.333333333336,759.5714285714286,-20051.14285714286
09/29/2020,7181541.0,206285.0,2811386.0,42610.0,884.0,-27278.0,37479.666666666664,501.6666666666667,-19967.0,37479.666666666664,741.4285714285714,-19851.714285714286
09/30/2020,7222881.0,207227.0,2838664.0,41340.0,942.0,-20040.0,38798.0,719.3333333333334,-18881.0,38798.0,721.1428571428571,-22754.0
10/01/2020,7268302.0,208081.0,2858704.0,45421.0,854.0,-12583.0,43123.666666666664,893.3333333333334,-16980.0,43123.666666666664,711.5714285714286,-22942.14285714286
10/02/2020,7322880.0,209008.0,2871287.0,54578.0,927.0,-24020.0,47113.0,907.6666666666666,-20582.666666666668,47113.0,711.7142857142857,-23694.0
10/03/2020,7371323.0,209695.0,2895307.0,48443.0,687.0,-14337.0,49480.666666666664,822.6666666666666,-18347.0,49480.666666666664,702.1428571428571,-23676.85714285714
10/04/2020,7407543.0,210049.0,2909644.0,36220.0,354.0,-23391.0,46413.666666666664,656.0,-29432.666666666668,46413.666666666664,711.4285714285714,-23325.14285714286
10/05/2020,7446617.0,210506.0,2933035.0,39074.0,457.0,-17313.0,41245.666666666664,499.3333333333333,-28754.666666666668,41245.666666666664,729.2857142857143,-24515.571428571428
10/06/2020,7491223.0,211212.0,2950348.0,44606.0,706.0,-47594.0,39966.666666666664,505.6666666666667,-28932.333333333332,39966.666666666664,703.8571428571429,-24597.571428571428
10/07/2020,7541936.0,212130.0,2997942.0,50713.0,918.0,-21357.0,44797.666666666664,693.6666666666666,-21034.333333333332,44797.666666666664,700.4285714285714,-22257.714285714286
10/08/2020,7600491.0,213099.0,3019299.0,58555.0,969.0,-17846.0,51291.333333333336,864.3333333333334,-17873.666666666668,51291.333333333336,716.8571428571429,-22314.428571428572
10/09/2020,7656408.0,214060.0,3037145.0,55917.0,961.0,-23900.0,55061.666666666664,949.3333333333334,-22499.666666666668,55061.666666666664,721.7142857142857,-22611.0
10/10/2020,7710911.0,214695.0,3061045.0,54503.0,635.0,-11875.0,56325.0,855.0,-20495.333333333332,56325.0,714.2857142857143,-22502.285714285714
10/11/2020,7757365.0,215122.0,3072920.0,46454.0,427.0,-31724.0,52291.333333333336,674.3333333333334,-26942.0,52291.333333333336,724.7142857142857,-22718.14285714286
10/12/2020,7798720.0,215472.0,3104644.0,41355.0,350.0,-17887.0,47437.333333333336,470.6666666666667,-23618.666666666668,47437.333333333336,709.4285714285714,-23683.571428571428
10/13/2020,7850389.0,216254.0,3122531.0,51669.0,782.0,-31215.0,46492.666666666664,519.6666666666666,-24297.0,46492.666666666664,720.2857142857143,-24397.714285714286
10/14/2020,7909706.0,217248.0,3153746.0,59317.0,994.0,-21754.0,50780.333333333336,708.6666666666666,-21605.0,50780.333333333336,731.1428571428571,-23930.285714285714
10/15/2020,7974242.0,218060.0,3175500.0,64536.0,812.0,-19922.0,58507.333333333336,862.6666666666666,-18815.666666666668,58507.333333333336,708.7142857142857,-25068.85714285714
10/16/2020,8042848.0,218962.0,3195422.0,68606.0,902.0,-23139.0,64153.0,902.6666666666666,-25002.333333333332,64153.0,700.2857142857143,-25408.85714285714
10/17/2020,8099510.0,219717.0,3218561.0,56662.0,755.0,-13386.0,63268.0,823.0,-24918.0,63268.0,717.4285714285714,-26563.14285714286
10/18/2020,8148923.0,220162.0,3231947.0,49413.0,445.0,-38482.0,58227.0,700.6666666666666,-29770.333333333332,58227.0,720.0,-26966.571428571428
10/19/2020,8216029.0,220620.0,3270429.0,67106.0,458.0,-22886.0,57727.0,552.6666666666666,-26851.0,57727.0,735.4285714285714,-26825.0
10/20/2020,8277478.0,221536.0,3293315.0,61449.0,916.0,-27943.0,59322.666666666664,606.3333333333334,-26656.333333333332,59322.666666666664,754.5714285714286,-27451.285714285714
10/21/2020,8340175.0,222703.0,3321258.0,62697.0,1167.0,-29724.0,63750.666666666664,847.0,-27748.333333333332,63750.666666666664,779.2857142857143,-27813.571428571428
10/22/2020,8415938.0,223566.0,3350982.0,75763.0,863.0,-22302.0,66636.33333333333,982.0,-23243.666666666668,66636.33333333333,786.5714285714286,-28740.571428571428
10/23/2020,8497251.0,224518.0,3373284.0,81313.0,952.0,-31219.0,73257.66666666667,994.0,-28306.666666666668,73257.66666666667,793.7142857142857,-28988.14285714286
10/24/2020,8579957.0,225468.0,3404503.0,82706.0,950.0,-16210.0,79927.33333333333,921.6666666666666,-26990.333333333332,79927.33333333333,821.5714285714286,-29399.0
10/25/2020,8641994.0,225857.0,3420713.0,62037.0,389.0,-37491.0,75352.0,763.6666666666666,-31746.666666666668,75352.0,813.5714285714286,-30129.85714285714
10/26/2020,8708816.0,226339.0,3458204.0,66822.0,482.0,-27270.0,70521.66666666667,607.0,-31320.666666666668,70521.66666666667,817.0,-30648.285714285714
10/27/2020,8784844.0,227301.0,3485474.0,76028.0,962.0,-30479.0,68295.66666666667,611.0,-30242.333333333332,68295.66666666667,823.5714285714286,-31064.428571428572
10/28/2020,8863322.0,228311.0,3515953.0,78478.0,1010.0,-36213.0,73776.0,818.0,-31447.666666666668,73776.0,801.1428571428571,-32212.714285714286
10/29/2020,8953646.0,229277.0,3552166.0,90324.0,966.0,-24035.0,81610.0,979.3333333333334,-26485.333333333332,81610.0,815.8571428571429,-32479.571428571428
10/30/2020,9052200.0,230308.0,3576201.0,98554.0,1031.0,-34095.0,89118.66666666667,1002.3333333333334,-32180.333333333332,89118.66666666667,827.1428571428571,-33218.42857142857
10/31/2020,9141412.0,231201.0,3610296.0,89212.0,893.0,-21326.0,92696.66666666667,963.3333333333334,-30876.333333333332,92696.66666666667,819.0,-34149.857142857145
11/01/2020,9245669.0,231623.0,3631622.0,104257.0,422.0,-41120.0,97341.0,782.0,-36606.666666666664,97341.0,823.7142857142857,-35376.142857142855
11/02/2020,9329001.0,232155.0,3672742.0,83332.0,532.0,-30183.0,92267.0,615.6666666666666,-35593.666666666664,92267.0,830.8571428571429,-36268.0
11/03/2020,9455121.0,233720.0,3702925.0,126120.0,1565.0,-38517.0,104569.66666666667,839.6666666666666,-35268.333333333336,104569.66666666667,917.0,-36682.142857142855
11/04/2020,9558593.0,234812.0,3741442.0,103472.0,1092.0,-38081.0,104308.0,1063.0,-35967.666666666664,104308.0,928.7142857142857,-36225.857142857145
11/05/2020,9686491.0,235956.0,3779523.0,127898.0,1144.0,-29207.0,119163.33333333333,1267.0,-33244.0,119163.33333333333,954.1428571428571,-38517.142857142855
11/06/2020,9813335.0,237153.0,3808730.0,126844.0,1197.0,-40615.0,119404.66666666667,1144.3333333333333,-39296.0,119404.66666666667,977.8571428571429,-40631.142857142855
11/07/2020,9941908.0,238165.0,3849345.0,128573.0,1012.0,-29910.0,127771.66666666667,1117.6666666666667,-36785.0,127771.66666666667,994.8571428571429,-42439.142857142855
11/08/2020,10052485.0,238655.0,3879255.0,110577.0,490.0,-47363.0,121998.0,899.6666666666666,-38589.333333333336,121998.0,1004.5714285714286,-43446.142857142855
11/09/2020,10174139.0,239338.0,3926618.0,121654.0,683.0,-33082.0,120268.0,728.3333333333334,-40841.666666666664,120268.0,1026.142857142857,-45152.142857142855
11/10/2020,10313440.0,240714.0,3959700.0,139301.0,1376.0,-35323.0,123844.0,849.6666666666666,-44482.666666666664,123844.0,999.1428571428571,-47484.857142857145
11/11/2020,10459107.0,242142.0,3995023.0,145667.0,1428.0,-54120.0,135540.66666666666,1162.3333333333333,-50465.333333333336,135540.66666666666,1047.142857142857,-50438.0
11/12/2020,10621167.0,243335.0,4049143.0,162060.0,1193.0,-44005.0,149009.33333333334,1332.3333333333333,-44745.0,149009.33333333334,1054.142857142857,-51652.28571428572
11/13/2020,10800451.0,244499.0,4093148.0,179284.0,1164.0,-53271.0,162337.0,1261.6666666666667,-49845.0,162337.0,1049.4285714285713,-52111.71428571428
11/14/2020,10968665.0,245776.0,4146419.0,168214.0,1277.0,-36959.0,169852.66666666666,1211.3333333333333,-48558.333333333336,169852.66666666666,1087.2857142857142,-54767.0
11/15/2020,11105231.0,246421.0,4183378.0,136566.0,645.0,-59305.0,161354.66666666666,1028.6666666666667,-54903.666666666664,161354.66666666666,1109.4285714285713,-49036.71428571428
11/16/2020,11264767.0,247152.0,4242683.0,159536.0,731.0,-49411.0,154772.0,884.3333333333334,-56008.666666666664,154772.0,1116.2857142857142,-55845.28571428572
11/17/2020,11425296.0,248838.0,4292094.0,160529.0,1686.0,-55995.0,152210.33333333334,1020.6666666666666,-55278.666666666664,152210.33333333334,1160.5714285714287,-57843.142857142855
11/18/2020,11597433.0,250716.0,4348089.0,172137.0,1878.0,-62620.0,164067.33333333334,1431.6666666666667,-60566.333333333336,164067.33333333334,1224.857142857143,-69695.28571428571
11/19/2020,11787243.0,252694.0,4410709.0,189810.0,1978.0,-47221.0,174158.66666666666,1847.3333333333333,-38642.0,174158.66666666666,1337.0,-65800.42857142857
11/20/2020,11983958.0,254590.0,4457930.0,196715.0,1896.0,-71858.0,186220.66666666666,1917.3333333333333,-58556.666666666664,186220.66666666666,1441.5714285714287,-69930.85714285714
11/21/2020,12164594.0,256040.0,4529788.0,180636.0,1450.0,3153.0,189053.66666666666,1774.6666666666667,-55736.0,189053.66666666666,1466.2857142857142,-70665.57142857143
11/22/2020,12311514.0,256958.0,4526635.0,146920.0,918.0,-106965.0,174757.0,1421.3333333333333,-103107.0,174757.0,1505.2857142857142,-76930.42857142857
11/23/2020,12479985.0,257874.0,4633600.0,168471.0,916.0,-63396.0,165342.33333333334,1094.6666666666667,-79237.33333333333,165342.33333333334,1531.7142857142858,-73291.85714285714
11/24/2020,12654299.0,260000.0,4696996.0,174314.0,2126.0,-138960.0,163235.0,1320.0,-83483.33333333333,163235.0,1594.5714285714287,-75655.0
11/25/2020,12837540.0,262287.0,4835956.0,183241.0,2287.0,-35356.0,175342.0,1776.3333333333333,-62830.333333333336,175342.0,1653.0,-69453.14285714286
11/26/2020,12951974.0,263532.0,4871312.0,114434.0,1245.0,-76134.0,157329.66666666666,1886.0,-64612.0,157329.66666666666,1548.2857142857142,-76100.85714285714
11/27/2020,13156157.0,264958.0,4947446.0,204183.0,1426.0,-77001.0,167286.0,1652.6666666666667,-66399.0,167286.0,1481.142857142857,-74706.14285714286
11/28/2020,13312157.0,266170.0,5024447.0,156000.0,1212.0,-40701.0,158205.66666666666,1294.3333333333333,-67378.0,158205.66666666666,1447.142857142857,-78815.0
11/29/2020,13450477.0,267012.0,5065148.0,138320.0,842.0,-81495.0,166167.66666666666,1160.0,-85660.0,166167.66666666666,1436.2857142857142,-79923.0
11/30/2020,13607866.0,268165.0,5146643.0,157389.0,1153.0,-79938.0,150569.66666666666,1069.0,-85791.66666666667,150569.66666666666,1470.142857142857,-81130.57142857143
12/01/2020,13791945.0,270753.0,5226581.0,184079.0,2588.0,-95547.0,159929.33333333334,1527.6666666666667,-81269.33333333333,159929.33333333334,1536.142857142857,-80275.42857142857
12/02/2020,13992765.0,273528.0,5322128.0,200820.0,2775.0,-81890.0,180762.66666666666,2172.0,-84674.66666666667,180762.66666666666,1605.857142857143,-81393.85714285714
12/03/2020,14212649.0,276371.0,5404018.0,219884.0,2843.0,-66371.0,201594.33333333334,2735.3333333333335,-73530.33333333333,201594.33333333334,1834.142857142857,-83004.14285714286
12/04/2020,14442788.0,278965.0,5470389.0,230139.0,2594.0,-105763.0,216947.66666666666,2737.3333333333335,-81389.33333333333,216947.66666666666,2001.0,-94989.28571428571
12/05/2020,14658875.0,281222.0,5576152.0,216087.0,2257.0,-48457.0,222036.66666666666,2564.6666666666665,-70785.66666666667,222036.66666666666,2150.285714285714,-95808.0
12/06/2020,14840269.0,282344.0,5624609.0,181394.0,1122.0,-89948.0,209206.66666666666,1991.0,-89092.0,209206.66666666666,2190.285714285714,-96246.0
12/07/2020,15030195.0,283763.0,5714557.0,189926.0,1419.0,-73952.0,195802.33333333334,1599.3333333333333,-90163.33333333333,195802.33333333334,2228.285714285714,-97853.42857142857
12/08/2020,15249204.0,286283.0,5788509.0,219009.0,2520.0,-103376.0,196776.33333333334,1687.0,-115601.66666666667,196776.33333333334,2218.5714285714284,-100338.57142857143
12/09/2020,15471133.0,289347.0,5891885.0,221929.0,3064.0,-93162.0,210288.0,2334.3333333333335,-118307.66666666667,210288.0,2259.8571428571427,-100825.14285714286
12/10/2020,15698737.0,292267.0,5985047.0,227604.0,2920.0,-150267.0,222847.33333333334,2834.6666666666665,-104428.0,222847.33333333334,2270.8571428571427,-99514.85714285714
12/11/2020,15933420.0,295550.0,6135314.0,234683.0,3283.0,-111494.0,228072.0,3089.0,-88072.33333333333,228072.0,2369.285714285714,-89626.57142857143
12/12/2020,16152668.0,297904.0,6246808.0,219248.0,2354.0,-51523.0,227178.33333333334,2852.3333333333335,-81357.0,227178.33333333334,2383.1428571428573,-90884.0
12/13/2020,16344409.0,299293.0,6298331.0,191741.0,1389.0,-101200.0,215224.0,2342.0,-99776.66666666667,215224.0,2421.285714285714,-90975.0
12/14/2020,16538023.0,300777.0,6399531.0,193614.0,1484.0,-91348.0,201534.33333333334,1742.3333333333333,-94040.0,201534.33333333334,2430.5714285714284,-92040.42857142857
12/15/2020,16735333.0,303761.0,6490879.0,197310.0,2984.0,-106782.0,194221.66666666666,1952.3333333333333,-90607.0,194221.66666666666,2496.8571428571427,-90878.28571428571
12/16/2020,16982157.0,307443.0,6597661.0,246824.0,3682.0,-83990.0,212582.66666666666,2716.6666666666665,-95111.66666666667,212582.66666666666,2585.1428571428573,-91031.71428571429
12/17/2020,17219177.0,310789.0,6681651.0,237020.0,3346.0,-81049.0,227051.33333333334,3337.3333333333335,-84501.66666666667,227051.33333333334,2646.0,-93720.42857142857
12/18/2020,17468841.0,313610.0,6762700.0,249664.0,2821.0,-120296.0,244502.66666666666,3283.0,-93704.66666666667,244502.66666666666,2580.0,-85654.28571428571
12/19/2020,17665284.0,316159.0,6882996.0,196443.0,2549.0,-52160.0,227709.0,2905.3333333333335,-81343.66666666667,227709.0,2607.8571428571427,-84373.71428571429
12/20/2020,17853731.0,317668.0,6935156.0,188447.0,1509.0,-108658.0,211518.0,2293.0,-99909.0,211518.0,2625.0,-85038.28571428571
12/21/2020,18045048.0,319364.0,7043814.0,191317.0,1696.0,-83213.0,192069.0,1918.0,-97960.0,192069.0,2655.285714285714,-79920.85714285714
12/22/2020,18239758.0,322765.0,7127027.0,194710.0,3401.0,-107856.0,191491.33333333334,2202.0,-78417.66666666667,191491.33333333334,2714.8571428571427,-82140.42857142857
12/23/2020,18466484.0,326124.0,7234883.0,226726.0,3359.0,-102811.0,204251.0,2818.6666666666665,-79576.33333333333,204251.0,2668.714285714286,
12/24/2020,18665343.0,329023.0,7337694.0,198859.0,2899.0,-24586.0,206765.0,3219.6666666666665,-64243.333333333336,206765.0,2604.8571428571427,
12/25/2020,18765529.0,330246.0,7362280.0,100186.0,1223.0,-111332.0,175257.0,2493.6666666666665,-80326.66666666667,175257.0,2376.5714285714284,
12/26/2020,18992126.0,331909.0,7473612.0,226597.0,1663.0,-56812.0,175214.0,1928.3333333333333,-76132.66666666667,175214.0,2250.0,
12/27/2020,19142603.0,333118.0,7530424.0,150477.0,1209.0,-72836.0,159086.66666666666,1365.0,,159086.66666666666,2207.1428571428573,
12/28/2020,19309281.0,334836.0,7603260.0,166678.0,1718.0,-98750.0,181250.66666666666,1530.0,,181250.66666666666,2210.285714285714,
12/29/2020,19510836.0,338561.0,7702010.0,201555.0,3725.0,,172903.33333333334,2217.3333333333335,,172903.33333333334,2256.5714285714284,
